Sr,District,Block,Cluster,School UDISE,School,Teacher Code,Teacher Name,Designation,Std,Joined_As,Std_6_To_8_Subject ,Language  ,Post  ,RecruitmentMode_6To8  ,"RetiredDate	","CurrentStatus	","RelievingStatus		","TransferToSchoolCode		","NotRelievedReason		",RelievingRemarks,Profile,Subject Mapping
1,MAHESANA,KADI,DANGARWA,24040201101,ANANDPURA PRIMARY SCHOOL,10184346,BHARATKUMAR PRABHUDAS PATEL,Teacher,"3-Gujarati, 3-Maths, 3-Special Education, 3-Sports, 4-Gujarati, 4-Hindi, 5-Gujarati, 5-Hindi",1 To 5,0,0,TEACHER,,1/2/2034 0:00,In School,,,,,Updated,Mapped
2,MAHESANA,KADI,DANGARWA,24040201101,ANANDPURA PRIMARY SCHOOL,10158491,BHAVNABEN RAMBHAI MAKWANA,Teacher,"15-Environment, 15-Gujarati, 15-Maths, 1-Environment, 1-Gujarati, 1-Maths",1 To 5,0,0,TEACHER,,7/31/2034 0:00,In School,,,,,Updated,Mapped
3,MAHESANA,KADI,DANGARWA,24040201101,ANANDPURA PRIMARY SCHOOL,10125942,MAHESHKUMAR VASANTLAL PARMAR,Teacher,"6-Maths, 6-Science and Technology, 7-Maths, 7-Science and Technology, 8-Maths, 8-Science and Technology",6 To 8, Maths-Science,Gujarati,TEACHER,Direct Recruitment,6/30/2035 0:00,In School,,,,,Updated,Mapped
4,MAHESANA,KADI,DANGARWA,24040201101,ANANDPURA PRIMARY SCHOOL,10083283,NAMRATA ICHHARAM MESHWANIYA,Principal (HTAT),5-English,6 To 8, Language,English,HEAD TEACHER (HTAT),Direct Recruitment,12/31/2043 0:00,In School,,,,,Updated,Mapped
5,MAHESANA,KADI,DANGARWA,24040201101,ANANDPURA PRIMARY SCHOOL,10155738,PRAGNABEN ISHWARBHAI PATEL,Teacher,"6-English, 6-Gujarati, 6-Sanskrit, 7-English, 7-Gujarati, 8-English, 8-Gujarati",6 To 8, Language,Gujarati,TEACHER,Option,3/31/2033 0:00,In School,,,,,Updated,Mapped
6,MAHESANA,KADI,DANGARWA,24040201101,ANANDPURA PRIMARY SCHOOL,10155604,SURESHKUMAR MAFATLAL PRAJAPATI,Teacher,"3-Environment, 4-Environment, 5-Environment, 5-Maths",1 To 5,0,0,TEACHER,,6/30/2027 0:00,In School,,,,,Updated,Mapped
7,MAHESANA,KADI,DANGARWA,24040201101,ANANDPURA PRIMARY SCHOOL,10158488,SURESHKUMAR MANEKLAL PATEL,Teacher,"6-Hindi, 6-Social Science, 7-Hindi, 7-Sanskrit, 7-Social Science, 8-Hindi, 8-Sanskrit, 8-Social Science",6 To 8, Social-Science,0,TEACHER,Option,5/31/2037 0:00,In School,,,,,Updated,Mapped
8,MAHESANA,KADI,DANGARWA,24040201101,ANANDPURA PRIMARY SCHOOL,10100110,VARSHABEN GOPALBHAI PATEL,Teacher,"3-Gujarati, 3-Maths, 4-Gujarati, 4-Hindi, 4-Maths, 5-Gujarati, 5-Hindi",1 To 5,0,0,TEACHER,,12/31/2037 0:00,In School,,,,,Updated,Mapped
9,MAHESANA,KADI,DANGARWA,24040202802,DANGARVA PRI KANYA SCHOOL,10158620,ANKITABEN BHIKHABHAI PATEL,Teacher,"6-English, 6-English, 6-English, 6-Gujarati, 6-Hindi, 6-Hindi, 6-Hindi, 6-Maths, 6-Sanskrit, 6-Sanskrit, 6-Science and Technology, 6-Social Science, 6-Special Education, 6-Sports, 7-English, 8-English, 8-English, 8-Sanskrit, 8-Sanskrit",6 To 8, Language,English,TEACHER,Option,5/31/2048 0:00,In School,,,,,Updated,Mapped
10,MAHESANA,KADI,DANGARWA,24040202802,DANGARVA PRI KANYA SCHOOL,10120223,CHIRAGBHAI SUMANBHAI PRAJAPATI,Teacher,"6-English, 6-Hindi, 6-Maths, 6-Maths, 6-Maths, 6-Sanskrit, 6-Science and Technology, 6-Special Education, 6-Sports, 7-Maths, 8-Maths, 8-Science and Technology",6 To 8, Maths-Science,0,TEACHER,Direct Recruitment,6/2/2044 0:00,In School,,,,,Updated,Mapped
11,MAHESANA,KADI,DANGARWA,24040202802,DANGARVA PRI KANYA SCHOOL,10167379,GHANSHYAMBHAI JIVABHAI PATEL,Teacher,"1-Environment, 1-Gujarati, 1-Maths, 1-Special Education, 1-Sports, 3-Environment, 3-Gujarati, 3-Maths",1 To 5,0,0,TEACHER,,8/31/2033 0:00,In School,,,,,Updated,Mapped
12,MAHESANA,KADI,DANGARWA,24040202802,DANGARVA PRI KANYA SCHOOL,10158622,HANSABEN SENDHABHAI PRAJAPATI,Teacher,"3-Gujarati, 4-Gujarati, 4-Hindi, 4-Hindi, 5-Gujarati, 5-Gujarati, 5-Gujarati, 5-Gujarati, 5-Hindi, 5-Hindi, 5-Special Education, 5-Sports",1 To 5,0,0,TEACHER,,6/30/2030 0:00,In School,,,,,Updated,Mapped
13,MAHESANA,KADI,DANGARWA,24040202802,DANGARVA PRI KANYA SCHOOL,10158625,HEMALATTABEN NATVARLAL PRAJAPATI,Teacher,"15-Environment, 15-Gujarati, 15-Maths, 4-Environment, 4-Gujarati, 4-Hindi, 4-Maths, 4-Special Education, 4-Sports",1 To 5,0,0,TEACHER,,10/31/2038 0:00,In School,,,,,Updated,Mapped
14,MAHESANA,KADI,DANGARWA,24040202802,DANGARVA PRI KANYA SCHOOL,10269604,HIMANGI VIJAYKUMAR VANIYA,Teacher,"6-Sanskrit, 6-Social Science, 6-Social Science, 6-Social Science, 6-Social Science, 7-Hindi, 7-Maths, 7-Sanskrit, 7-Sanskrit, 7-Social Science, 7-Social Science, 8-English, 8-Hindi, 8-Sanskrit, 8-Social Science, 8-Social Science, 8-Social Science, 8-Special Education, 8-Sports",6 To 8, Social-Science,0,TEACHER,Direct Recruitment,10/31/2051 0:00,In School,,,,,Updated,Mapped
15,MAHESANA,KADI,DANGARWA,24040202802,DANGARVA PRI KANYA SCHOOL,10188555,JAGDISHBHAI NARSINHBHAI PATEL,Teacher,"3-Environment, 3-Environment, 3-Special Education, 4-Gujarati, 4-Maths, 4-Maths, 5-Environment, 5-Environment, 5-Hindi, 5-Sports",1 To 5,0,0,TEACHER,,6/1/2035 0:00,In School,,,,,Updated,Mapped
16,MAHESANA,KADI,DANGARWA,24040202802,DANGARVA PRI KANYA SCHOOL,10115268,JAYESHKUMAR ARVINDLAL PATEL,Teacher,"3-Sports, 3-Sports, 5-English, 5-English, 5-English, 5-English, 5-Maths, 5-Maths, 5-Maths, 5-Maths, 5-Special Education",1 To 5,0,0,TEACHER,,12/31/2045 0:00,In School,,,,,Updated,Mapped
17,MAHESANA,KADI,DANGARWA,24040202802,DANGARVA PRI KANYA SCHOOL,10005535,JITESHKUMAR NATHALAL JANI,Teacher,"6-Gujarati, 6-Gujarati, 6-Gujarati, 6-Gujarati, 7-English, 7-Gujarati, 7-Gujarati, 7-Hindi, 7-Sports, 8-Gujarati, 8-Gujarati, 8-Gujarati, 8-Hindi, 8-Hindi",6 To 8, Language,Sanskrit,TEACHER,Option,9/30/2033 0:00,In School,,,,,Updated,Mapped
18,MAHESANA,KADI,DANGARWA,24040202802,DANGARVA PRI KANYA SCHOOL,10161109,KAILASHBEN MAHENDRAKUMAR DARJI,Principal (HTAT),"3-Maths, 8-Maths",HTAT,0,0,HEAD TEACHER (HTAT),,9/30/2039 0:00,In School,,,,,Updated,Mapped
19,MAHESANA,KADI,DANGARWA,24040202802,DANGARVA PRI KANYA SCHOOL,10203629,KRISHNABEN NARSING RATHOD,Teacher,"2-Environment, 2-Environment, 2-Gujarati, 2-Gujarati, 2-Maths, 2-Maths, 2-Special Education, 2-Sports",1 To 5,0,0,TEACHER,,7/31/2034 0:00,In School,,,,,Updated,Mapped
20,MAHESANA,KADI,DANGARWA,24040202802,DANGARVA PRI KANYA SCHOOL,10055486,NITABEN AMBALAL PATEL,Teacher,"15-Environment, 15-Gujarati, 15-Maths",1 To 5,0,0,TEACHER,,10/31/2030 0:00,In School,,,,,Updated,Mapped
21,MAHESANA,KADI,DANGARWA,24040202802,DANGARVA PRI KANYA SCHOOL,10258970,SUPRIYABEN SURESHBHAI PATEL,Teacher,"6-Science and Technology, 6-Science and Technology, 7-Hindi, 7-Hindi, 7-Maths, 7-Sanskrit, 7-Sanskrit, 8-Hindi, 8-Hindi, 8-Maths, 8-Maths, 8-Science and Technology, 8-Science and Technology, 8-Sports",6 To 8, Maths-Science,Gujarati,TEACHER,Direct Recruitment,8/31/2049 0:00,In School,,,,,Updated,Mapped
22,MAHESANA,KADI,DANGARWA,24040202802,DANGARVA PRI KANYA SCHOOL,10155703,TEJAL BEN JAGDISHBHAI PATEL,Teacher,"3-Gujarati, 3-Maths, 3-Maths, 3-Special Education, 4-Environment, 4-Environment, 5-Environment, 5-Environment, 5-Hindi",1 To 5,0,0,TEACHER,,12/31/2044 0:00,In School,,,,,Updated,Mapped
23,MAHESANA,KADI,DANGARWA,24040204601,GHUMASAN PRIMARY SCHOOL,10155732,ASHABEN MAHESHKUMAR PATEL,Teacher,"1-Environment, 1-Gujarati, 1-Maths, 2-Environment, 2-Gujarati, 2-Maths, 2-Sports",1 To 5,0,0,TEACHER,,11/30/2035 0:00,In School,,,,,Updated,Mapped
24,MAHESANA,KADI,DANGARWA,24040204601,GHUMASAN PRIMARY SCHOOL,10193021,BALDEVJI MANSANGJI THAKOR,Teacher,"15-Environment, 15-Gujarati, 15-Gujarati, 15-Maths, 15-Maths",1 To 5,0,0,TEACHER,,5/31/2038 0:00,In School,,,,,Updated,Mapped
25,MAHESANA,KADI,DANGARWA,24040204601,GHUMASAN PRIMARY SCHOOL,10055717,BHARATBHAI RANCHHODBHAI CHAUDHARI,Teacher,"6-Gujarati, 6-Hindi, 7-English, 7-English, 7-Gujarati, 7-Gujarati, 7-Hindi, 7-Hindi, 8-English, 8-English, 8-Gujarati, 8-Hindi",6 To 8, Language,Gujarati,TEACHER,Option,11/30/2030 0:00,In School,,,,,Updated,Mapped
26,MAHESANA,KADI,DANGARWA,24040204601,GHUMASAN PRIMARY SCHOOL,10165690,BHARATBHAI SAGARBHAI RABARI,Principal (HTAT),"6-Gujarati, 6-Gujarati, 6-Sports",1 To 5,0,0,HEAD TEACHER (HTAT),,10/16/2043 0:00,In School,,,,,Updated,Mapped
27,MAHESANA,KADI,DANGARWA,24040204601,GHUMASAN PRIMARY SCHOOL,10155733,HITESHKUMAR RAMANLAL PATEL,Teacher,"2-Environment, 2-Gujarati, 2-Maths, 3-Gujarati, 3-Sports, 4-Gujarati, 4-Hindi, 5-Gujarati, 5-Gujarati, 5-Hindi, 5-Hindi",1 To 5,0,0,TEACHER,,6/30/2036 0:00,In School,,,,,Updated,Mapped
28,MAHESANA,KADI,DANGARWA,24040204601,GHUMASAN PRIMARY SCHOOL,10155736,JYOTIKABEN PUNJABHAI PATEL,Teacher,"3-Environment, 3-Environment, 4-Environment, 4-Environment, 4-Environment, 5-English, 5-English, 5-English, 5-Environment, 5-Environment, 5-Environment",1 To 5,0,0,TEACHER,,3/31/2032 0:00,In School,,,,,Updated,Mapped
29,MAHESANA,KADI,DANGARWA,24040204601,GHUMASAN PRIMARY SCHOOL,10155739,KALPANABEN AMBUPRASAD DAVE,Teacher,"3-Maths, 3-Maths, 4-Maths, 4-Maths, 4-Maths, 5-Maths, 5-Maths, 5-Maths",1 To 5,0,0,TEACHER,,5/31/2027 0:00,In School,,,,,Updated,Mapped
30,MAHESANA,KADI,DANGARWA,24040204601,GHUMASAN PRIMARY SCHOOL,10302022,KINJALBEN RASIKLAL PATEL,Teacher,"6-Science and Technology, 6-Science and Technology, 6-Science and Technology, 7-Maths, 7-Maths, 7-Sanskrit, 7-Sanskrit, 7-Science and Technology, 7-Science and Technology, 8-Maths, 8-Maths, 8-Sanskrit, 8-Science and Technology",6 To 8, Maths-Science,0,TEACHER,Direct Recruitment,5/31/2044 0:00,In School,,,,,Updated,Mapped
31,MAHESANA,KADI,DANGARWA,24040204601,GHUMASAN PRIMARY SCHOOL,10155744,KRUNALKUMAR NARESHBHAI CHAUHAN,Teacher,"6-Maths, 6-Maths, 6-Maths, 6-Sanskrit, 7-Maths, 7-Maths, 7-Sanskrit, 7-Sanskrit, 7-Science and Technology, 7-Science and Technology, 8-Maths, 8-Sanskrit, 8-Science and Technology, 8-Science and Technology",6 To 8, Maths-Science,0,TEACHER,Direct Recruitment,6/30/2048 0:00,In School,,,,,Updated,Mapped
32,MAHESANA,KADI,DANGARWA,24040204601,GHUMASAN PRIMARY SCHOOL,11322368,LALAJI HIRAJI THAKOR,Gyan Sahayak,"5-English, 6-English, 7-English, 8-English",6 To 8, Language,English,TEACHER,Other,5/31/2027 0:00,In School,,,,,Updated,Mapped
33,MAHESANA,KADI,DANGARWA,24040204601,GHUMASAN PRIMARY SCHOOL,10089966,NAYANABEN KANTILAL PANDYA,Teacher,"6-English, 6-English, 6-English, 6-Hindi, 6-Hindi, 6-Sanskrit, 7-English, 7-English, 7-Gujarati, 7-Gujarati, 7-Hindi, 8-English, 8-Gujarati, 8-Gujarati, 8-Hindi, 8-Sanskrit",6 To 8, Language,Sanskrit,TEACHER,Option,8/31/2035 0:00,In School,,,,,Updated,Mapped
34,MAHESANA,KADI,DANGARWA,24040204601,GHUMASAN PRIMARY SCHOOL,10136634,PRAKASHKUMAR KANTILAL PATEL,Teacher,"3-Environment, 4-Environment, 4-Gujarati, 4-Hindi, 4-Maths, 5-Environment",1 To 5,0,0,TEACHER,,5/31/2038 0:00,In School,,,,,Updated,Mapped
35,MAHESANA,KADI,DANGARWA,24040204601,GHUMASAN PRIMARY SCHOOL,10212575,SHILPABEN AMRUTLAL RABARI,Teacher,"6-Social Science, 6-Social Science, 6-Social Science, 7-Hindi, 7-Social Science, 7-Social Science, 7-Social Science, 7-Social Science, 8-Hindi, 8-Social Science, 8-Social Science, 8-Social Science",6 To 8, Social-Science,0,TEACHER,Option,12/31/2043 0:00,In School,,,,,Updated,Mapped
36,MAHESANA,KADI,DANGARWA,24040207201,KARJISAN ADARSH PRI SCHOOL,10152039,GUNVANTBHAI RANCHHODBHAI PARAMAR,Teacher,"6-Science and Technology, 6-Social Science, 7-Gujarati, 7-Social Science, 7-Social Science, 8-Hindi, 8-Social Science",6 To 8, Social-Science,0,TEACHER,Option,2/28/2034 0:00,In School,,,,,Updated,Mapped
37,MAHESANA,KADI,DANGARWA,24040207201,KARJISAN ADARSH PRI SCHOOL,10158346,JINALBEN MUKESHBHAI NAYI,Teacher,"6-English, 6-Gujarati, 6-Sanskrit, 7-English, 7-English, 8-English, 8-Sanskrit",6 To 8, Language,English,TEACHER,Direct Recruitment,6/30/2046 0:00,In School,,,,,Updated,Mapped
38,MAHESANA,KADI,DANGARWA,24040207201,KARJISAN ADARSH PRI SCHOOL,10155910,KAILASBEN RAMANBHAI PARMAR,Teacher,"2-Environment, 2-Gujarati, 2-Maths",1 To 5,0,0,TEACHER,,3/31/2038 0:00,In School,,,,,Updated,Mapped
39,MAHESANA,KADI,DANGARWA,24040207201,KARJISAN ADARSH PRI SCHOOL,10155902,KANAIYALAL BHIKHABHAI GURJAR,Teacher,"4-Environment, 4-Gujarati, 4-Hindi, 4-Maths",1 To 5,0,0,TEACHER,,6/30/2034 0:00,In School,,,,,Updated,Mapped
40,MAHESANA,KADI,DANGARWA,24040207201,KARJISAN ADARSH PRI SCHOOL,10095532,KANUBHAI CHHANABHAI DESAI,Teacher,"15-Environment, 15-Gujarati, 15-Maths",1 To 5,0,0,TEACHER,,6/30/2039 0:00,In School,,,,,Updated,Mapped
41,MAHESANA,KADI,DANGARWA,24040207201,KARJISAN ADARSH PRI SCHOOL,10016666,PRAVINABEN GHEMARBHAI CHAUDHARI,Principal (HTAT),"4-Environment, 4-Gujarati, 4-Hindi, 4-Maths",1 To 5,0,0,HEAD TEACHER (HTAT),,8/31/2040 0:00,In School,,,,,Updated,Mapped
42,MAHESANA,KADI,DANGARWA,24040207201,KARJISAN ADARSH PRI SCHOOL,10081195,PRAVINBHAI CHHAGANLAL KANODIYA,Teacher,"6-Maths, 7-Maths, 7-Maths, 7-Science and Technology, 7-Science and Technology, 8-Maths, 8-Science and Technology",6 To 8, Maths-Science,0,TEACHER,Direct Recruitment,9/30/2045 0:00,In School,,,,,Updated,Mapped
43,MAHESANA,KADI,DANGARWA,24040207201,KARJISAN ADARSH PRI SCHOOL,10158342,SAVITRIBEN VIRCHANBHAI PATEL,Teacher,"1-Environment, 1-Gujarati, 1-Maths",1 To 5,0,0,TEACHER,,11/30/2036 0:00,In School,,,,,Updated,Mapped
44,MAHESANA,KADI,DANGARWA,24040207201,KARJISAN ADARSH PRI SCHOOL,10158347,SONALBEN DAHYABHAI PATEL,Teacher,"5-English, 5-Environment, 5-Gujarati, 5-Hindi, 5-Maths",1 To 5,0,0,TEACHER,,1/31/2045 0:00,In School,,,,,Updated,Mapped
45,MAHESANA,KADI,DANGARWA,24040207201,KARJISAN ADARSH PRI SCHOOL,10161556,UMESHBHAI BECHARBHAI CHAUHAN,Teacher,"6-Hindi, 7-Gujarati, 7-Hindi, 7-Hindi, 7-Sanskrit, 7-Sanskrit, 8-Gujarati",6 To 8, Language,Gujarati,TEACHER,Option,6/30/2031 0:00,In School,,,,,Updated,Mapped
46,MAHESANA,KADI,DANGARWA,24040210101,NAROLA PRIMARY SCHOOL,10152134,BHAVNABEN JAYNTILAL PRAJAPATI,Teacher,"15-Environment, 15-Maths, 3-Gujarati, 4-Gujarati, 5-Gujarati, 5-Hindi",1 To 5,0,0,TEACHER,,7/31/2034 0:00,In School,,,,,Updated,Mapped
47,MAHESANA,KADI,DANGARWA,24040210101,NAROLA PRIMARY SCHOOL,10155586,HANSABEN GANDALAL VAGHARI,Teacher,"3-Environment, 3-Environment, 3-Maths, 3-Maths, 4-Environment, 4-Maths, 5-English, 5-Environment, 5-Maths, 5-Maths",1 To 5,0,0,TEACHER,,6/30/2038 0:00,In School,,,,,Updated,Mapped
48,MAHESANA,KADI,DANGARWA,24040210101,NAROLA PRIMARY SCHOOL,10155585,JAYANTIJI SHANKARJI THAKOR,Teacher,"1-Environment, 1-Maths, 4-Environment, 4-Hindi, 4-Maths, 5-Environment",1 To 5,0,0,TEACHER,,6/30/2031 0:00,In School,,,,,Updated,Mapped
49,MAHESANA,KADI,DANGARWA,24040210101,NAROLA PRIMARY SCHOOL,10086262,MADHUBEN AMRUTJI THAKOR,Teacher,"6-Sanskrit, 6-Social Science, 7-Social Science, 8-Science and Technology, 8-Science and Technology, 8-Social Science, 8-Social Science",6 To 8, Social-Science,0,TEACHER,Option,11/30/2038 0:00,In School,,,,,Updated,Mapped
50,MAHESANA,KADI,DANGARWA,24040210101,NAROLA PRIMARY SCHOOL,10155587,NILESHKUMAR PRAHLADBHAI PRAJAPATI,Teacher,"6-Gujarati, 6-Hindi, 7-Gujarati, 7-Hindi, 8-Hindi, 8-Hindi, 8-Sanskrit",6 To 8, Language,Gujarati,TEACHER,Option,9/30/2039 0:00,In School,,,,,Updated,Mapped
51,MAHESANA,KADI,DANGARWA,24040210101,NAROLA PRIMARY SCHOOL,10152131,PARESHKUMAR DEVJIBHAI PATEL,Teacher,"15-Environment, 15-Gujarati, 15-Maths, 2-Environment, 2-Maths",1 To 5,0,0,TEACHER,,7/31/2034 0:00,In School,,,,,Updated,Mapped
52,MAHESANA,KADI,DANGARWA,24040210101,NAROLA PRIMARY SCHOOL,10093013,PIYUSHKUMAR BALDEVBHAI BAROT,Principal (HTAT),"7-Maths, 8-Maths",6 To 8, Maths-Science,Gujarati,HEAD TEACHER (HTAT),Direct Recruitment,6/30/2040 0:00,In School,,,,,Updated,Mapped
53,MAHESANA,KADI,DANGARWA,24040210101,NAROLA PRIMARY SCHOOL,10152132,SHAILESHKUMAR DEVABHAI PRAJAPATI,Teacher,"6-English, 6-English, 6-English, 6-Hindi, 6-Hindi, 6-Sanskrit, 7-English, 7-English, 8-English, 8-English, 8-English, 8-Gujarati, 8-Sanskrit",6 To 8, Language,Gujarati,TEACHER,Option,8/31/2035 0:00,In School,,,,,Updated,Mapped
54,MAHESANA,KADI,DANGARWA,24040210101,NAROLA PRIMARY SCHOOL,10155669,SWETA MAHENDRAKUMAR PATEL,Teacher,"6-Maths, 6-Science and Technology, 7-Maths, 7-Sanskrit, 7-Science and Technology, 8-Maths, 8-Maths",6 To 8, Maths-Science,0,TEACHER,Direct Recruitment,5/31/2050 0:00,In School,,,,,Updated,Mapped
55,MAHESANA,KADI,DANGARWA,24040210101,NAROLA PRIMARY SCHOOL,10152133,VINODKUMAR UMEDDAS PATEL,Teacher,"1-Environment, 1-Gujarati, 1-Maths, 2-Environment, 2-Gujarati, 2-Maths, 3-Gujarati, 4-Gujarati, 4-Hindi, 5-English, 5-Gujarati, 5-Hindi",1 To 5,0,0,TEACHER,,9/30/2034 0:00,In School,,,,,Updated,Mapped
56,MAHESANA,KADI,DANGARWA,24040212101,TANKIYA PRIMARY SCHOOL,10093010,GITABEN VITTHALDAS NAYI,Teacher,"6-Gujarati, 6-Social Science, 7-Gujarati, 7-Sanskrit, 7-Social Science, 8-Gujarati, 8-Social Science",6 To 8, Social-Science,Gujarati,TEACHER,Option,11/30/2031 0:00,In School,,,,,Updated,Mapped
57,MAHESANA,KADI,DANGARWA,24040212101,TANKIYA PRIMARY SCHOOL,10093006,JAGDISHKUMAR GHANSHYAMJI DABHI,Teacher,"3-Environment, 3-Gujarati, 3-Sports, 4-Environment, 4-Gujarati, 4-Hindi, 5-Gujarati",1 To 5,0,0,TEACHER,,2/28/2030 0:00,In School,,,,,Updated,Mapped
58,MAHESANA,KADI,DANGARWA,24040212101,TANKIYA PRIMARY SCHOOL,10093007,LILABEN BHALAJI KHANT,Teacher,"2-Environment, 2-Gujarati, 2-Maths",1 To 5,0,0,TEACHER,,10/31/2036 0:00,In School,,,,,Updated,Mapped
59,MAHESANA,KADI,DANGARWA,24040212101,TANKIYA PRIMARY SCHOOL,10093005,MADHUBEN ATMARAM PRAJAPATI,Teacher,"3-Maths, 4-Maths, 5-English, 5-Environment, 5-Hindi, 5-Maths",1 To 5,0,0,TEACHER,,6/30/2027 0:00,In School,,,,,Updated,Mapped
60,MAHESANA,KADI,DANGARWA,24040212101,TANKIYA PRIMARY SCHOOL,10093011,NEHALBEN DILIPKUMAR TAPODHAN,Teacher,"6-Maths, 6-Science and Technology, 7-Maths, 7-Science and Technology, 8-Maths, 8-Science and Technology",6 To 8, Maths-Science,0,TEACHER,Direct Recruitment,8/17/2041 0:00,In School,,,,,Updated,Mapped
61,MAHESANA,KADI,DANGARWA,24040212101,TANKIYA PRIMARY SCHOOL,10110219,PRAHLADBHAI BECHARBHAI CHAUDHARI,Principal (HTAT),"6-Sanskrit, 7-Sanskrit, 8-Sanskrit",6 To 8, Language,Sanskrit,HEAD TEACHER (HTAT),Direct Recruitment,2/28/2031 0:00,In School,,,,,Updated,Mapped
62,MAHESANA,KADI,DANGARWA,24040212101,TANKIYA PRIMARY SCHOOL,10093012,RAJNIKANT NAROTTAMBHAI JADAV,Teacher,"6-English, 6-Hindi, 7-English, 7-Hindi, 8-English, 8-Hindi, 8-Sanskrit",6 To 8, Language,Gujarati,TEACHER,Direct Recruitment,11/26/2038 0:00,In School,,,,,Updated,Mapped
63,MAHESANA,KADI,DANGARWA,24040212101,TANKIYA PRIMARY SCHOOL,10093008,REETABEN BABULAL PATEL,Teacher,"15-Environment, 15-Gujarati, 15-Maths",1 To 5,0,0,TEACHER,,5/31/2034 0:00,In School,,,,,Updated,Mapped
64,MAHESANA,KADI,DANGARWA,24040212101,TANKIYA PRIMARY SCHOOL,10152096,SHAILESHKUMAR BABULAL SOLANKI,Teacher,"1-Environment, 1-Gujarati, 1-Maths",1 To 5,0,0,TEACHER,,2/29/2032 0:00,In School,,,,,Updated,Mapped
65,MAHESANA,KADI,DANGARWA,24040213001,VADU PRIMARY SCHOOL,10093098,ALPESHKUMAR KALIDAS PARMAR,Teacher,"6-English, 6-English, 7-English, 8-English, 8-English, 8-Gujarati, 8-Gujarati",6 To 8, Language,Sanskrit,TEACHER,Option,11/30/2033 0:00,In School,,,,,Updated,Mapped
66,MAHESANA,KADI,DANGARWA,24040213001,VADU PRIMARY SCHOOL,10093101,ANJANABEN GOVABHAI CHAUDHARI,Teacher,"3-Gujarati, 3-Gujarati, 4-Gujarati, 4-Gujarati, 5-Gujarati",1 To 5,0,0,TEACHER,,5/31/2045 0:00,In School,,,,,Updated,Mapped
67,MAHESANA,KADI,DANGARWA,24040213001,VADU PRIMARY SCHOOL,10158627,BIPINKUMAR BABULAL SHAH,Teacher,"3-Environment, 3-Environment, 4-Environment, 4-Environment, 5-Environment",1 To 5,0,0,TEACHER,,9/30/2034 0:00,In School,,,,,Updated,Mapped
68,MAHESANA,KADI,DANGARWA,24040213001,VADU PRIMARY SCHOOL,10093097,GAYATRIBEN BHIKHABHAI PATEL,Principal,"2-Environment, 2-Gujarati, 2-Maths",1 To 5,0,0,TEACHER,,5/31/2038 0:00,In School,,,,,Updated,Mapped
69,MAHESANA,KADI,DANGARWA,24040213001,VADU PRIMARY SCHOOL,10158496,GITABEN GOVINDBHAI THAKOR,Teacher,"3-Maths, 3-Maths, 4-Maths, 4-Maths, 5-Maths",1 To 5,0,0,TEACHER,,4/30/2040 0:00,In School,,,,,Updated,Mapped
70,MAHESANA,KADI,DANGARWA,24040213001,VADU PRIMARY SCHOOL,10158490,KUNJANABEN BHARATBHAI PATEL,Teacher,"1-Environment, 1-Gujarati, 1-Maths",1 To 5,0,0,TEACHER,,1/31/2044 0:00,In School,,,,,Updated,Mapped
71,MAHESANA,KADI,DANGARWA,24040213001,VADU PRIMARY SCHOOL,10093096,MAHESHKUMAR KANTILAL RAVAL,Teacher,"15-Environment, 15-Gujarati, 15-Maths",1 To 5,0,0,TEACHER,,10/31/2034 0:00,In School,,,,,Updated,Mapped
72,MAHESANA,KADI,DANGARWA,24040213001,VADU PRIMARY SCHOOL,10093099,PRATIKSHABEN HARISHBHAI VADSMIYA,Teacher,"6-Social Science, 6-Social Science, 7-Social Science, 8-Hindi, 8-Hindi, 8-Social Science, 8-Social Science",6 To 8, Social-Science,Hindi,TEACHER,Option,4/30/2038 0:00,In School,,,,,Updated,Mapped
73,MAHESANA,KADI,DANGARWA,24040213001,VADU PRIMARY SCHOOL,10093102,SNEHALBEN MAHENDRAKUMAR VARMA,Teacher,"6-Gujarati, 6-Gujarati, 7-Gujarati, 7-Hindi, 7-Sanskrit, 8-Hindi, 8-Hindi",6 To 8, Language,Hindi,TEACHER,Direct Recruitment,4/30/2048 0:00,In School,,,,,Updated,Mapped
74,MAHESANA,KADI,DANGARWA,24040213001,VADU PRIMARY SCHOOL,10081035,VAISHALIBEN CHANDULAL PATEL,Teacher,"6-Maths, 6-Maths, 7-Science and Technology, 8-Maths, 8-Maths, 8-Sanskrit, 8-Sanskrit",6 To 8, Maths-Science,0,TEACHER,Direct Recruitment,1/31/2047 0:00,In School,,,,,Updated,Mapped
75,MAHESANA,KADI,DANGARWA,24040213001,VADU PRIMARY SCHOOL,10093104,VIJAYSINH AMARATJI RAJPUT,Teacher,"6-Sanskrit, 6-Sanskrit, 6-Science and Technology, 6-Science and Technology, 7-Maths, 8-Science and Technology, 8-Science and Technology",6 To 8, Maths-Science,0,TEACHER,Direct Recruitment,6/30/2049 0:00,In School,,,,,Updated,Mapped
76,MAHESANA,KADI,DARAN,24040203001,DARAN MORVA PRIMARY SCHOOL,10161136,MANISHABEN MANSUKHBHAI PATEL,Teacher,"2-Environment, 2-Gujarati, 2-Maths, 2-Sports, 3-Environment, 3-Gujarati, 3-Maths, 3-Sports, 5-English, 5-Environment, 5-Gujarati, 5-Hindi, 5-Maths",1 To 5,0,0,TEACHER,,7/31/2045 0:00,In School,,,,,Updated,Mapped
77,MAHESANA,KADI,DARAN,24040203001,DARAN MORVA PRIMARY SCHOOL,10161137,RAJENDRAKUMAR MAHADEVBHAI PATEL,Principal,"15-Environment, 15-Gujarati, 15-Maths, 1-Environment, 1-Gujarati, 1-Maths, 1-Sports, 4-Environment, 4-Gujarati, 4-Hindi, 4-Maths, 4-Sports",1 To 5,0,0,TEACHER,,6/30/2032 0:00,In School,,,,,Updated,Mapped
78,MAHESANA,KADI,DARAN,24040202901,DARAN PRIMARY SCHOOL,10151918,DIGNESHKUMAR GHANASHYAMBHAI PATEL,Teacher,"15-Maths, 1-Environment, 1-Gujarati, 1-Maths, 5-English, 5-Environment, 5-Gujarati, 5-Hindi, 5-Maths",1 To 5,0,0,TEACHER,,7/31/2044 0:00,In School,,,,,Updated,Mapped
79,MAHESANA,KADI,DARAN,24040202901,DARAN PRIMARY SCHOOL,11628249,MITTALBEN SUKHDEVBHAI VAISHNAV,Gyan Sahayak,"2-Gujarati, 2-Maths",1 To 5,0,0,TEACHER,,4/30/2026 0:00,In School,,,,,Updated,Mapped
80,MAHESANA,KADI,DARAN,24040202901,DARAN PRIMARY SCHOOL,10161118,PARVATIBEN DASHRATHBHAI PRAJAPATI,Teacher,"15-Environment, 15-Gujarati, 2-Environment, 2-Gujarati, 2-Maths, 3-Environment, 3-Gujarati, 3-Maths",1 To 5,0,0,TEACHER,,7/31/2044 0:00,In School,,,,,Updated,Mapped
81,MAHESANA,KADI,DARAN,24040202901,DARAN PRIMARY SCHOOL,10158540,PRITIBEN KAUSHIKBHAI PATEL,Principal,"1-Gujarati, 1-Maths, 3-Environment, 3-Gujarati, 3-Maths, 4-Environment, 4-Gujarati, 4-Hindi, 4-Maths",1 To 5,0,0,TEACHER,,5/31/2042 0:00,In School,,,,,Updated,Mapped
82,MAHESANA,KADI,DARAN,24040208102,GHUGHALA PRI.SCHOOL,10158539,BHIKHABHAI PRAHLADBHAI SENMA,Teacher,"3-Gujarati, 4-Gujarati, 4-Hindi, 5-English, 5-Gujarati, 5-Hindi",1 To 5,0,0,TEACHER,,11/30/2038 0:00,In School,,,,,Updated,Mapped
83,MAHESANA,KADI,DARAN,24040208102,GHUGHALA PRI.SCHOOL,10170221,FALGUNIBEN KANUBHAI PATEL,Teacher,"6-English, 6-Gujarati, 6-Sanskrit, 7-English, 7-Gujarati, 8-English, 8-Gujarati",6 To 8, Language,Gujarati,TEACHER,Option,8/31/2045 0:00,In School,,,,,Updated,Mapped
84,MAHESANA,KADI,DARAN,24040208102,GHUGHALA PRI.SCHOOL,10155786,JAGADISHKUMAR ATMARAM PATEL,Principal,"2-Environment, 2-Gujarati, 2-Maths, 2-Special Education, 2-Sports, 3-Environment, 3-Maths, 4-Environment, 4-Maths, 5-Environment, 5-Maths",1 To 5,0,0,TEACHER,,2/29/2028 0:00,In School,,,,,Updated,Mapped
85,MAHESANA,KADI,DARAN,24040208102,GHUGHALA PRI.SCHOOL,11216058,NARMADABEN JAGATSINHJI CHAUDHARY,Teacher,"6-Hindi, 6-Social Science, 7-Hindi, 7-Sanskrit, 7-Social Science, 8-Hindi, 8-Sanskrit, 8-Social Science",6 To 8, Social-Science,0,TEACHER,Direct Recruitment,6/30/2050 0:00,In School,,,,,Updated,Mapped
86,MAHESANA,KADI,DARAN,24040208102,GHUGHALA PRI.SCHOOL,10155808,NILESH KANTIBHAI PATEL,Teacher,"6-Maths, 6-Science and Technology, 7-Maths, 7-Science and Technology, 8-Maths, 8-Science and Technology",6 To 8, Maths-Science,0,TEACHER,Direct Recruitment,10/31/2047 0:00,In School,,,,,Updated,Mapped
87,MAHESANA,KADI,DARAN,24040207801,KHAVAD PRIMARY SCHOOL,10151886,DIPAKKUMAR SUKHALALBHAI PATEL,Principal (HTAT),"6-Maths, 7-Maths, 8-Maths",6 To 8, Maths-Science,0,HEAD TEACHER (HTAT),Direct Recruitment,10/31/2038 0:00,In School,,,,,Updated,Mapped
88,MAHESANA,KADI,DARAN,24040207801,KHAVAD PRIMARY SCHOOL,10187648,GITABEN SOMABHAI PATEL,Teacher,"3-Gujarati, 3-Maths, 4-Gujarati, 4-Maths, 5-Gujarati, 5-Maths",1 To 5,0,0,TEACHER,,12/31/2037 0:00,In School,,,,,Updated,Mapped
89,MAHESANA,KADI,DARAN,24040207801,KHAVAD PRIMARY SCHOOL,10184884,HETAL JAYANTILAL MISTRY,Teacher,5-English,6 To 8, Language,Sanskrit,TEACHER,Option,12/31/2037 0:00,In School,,,,,Updated,Mapped
90,MAHESANA,KADI,DARAN,24040207801,KHAVAD PRIMARY SCHOOL,10151882,JAGDISHKUMAR NATVARBHAI PATEL,Teacher,"2-Gujarati, 2-Maths",1 To 5,0,0,TEACHER,,7/31/2034 0:00,In School,,,,,Updated,Mapped
91,MAHESANA,KADI,DARAN,24040207801,KHAVAD PRIMARY SCHOOL,10025924,JASMILABEN ISHWARBHAI PATEL,Teacher,"6-Maths, 6-Science and Technology, 7-Maths, 7-Science and Technology, 8-Maths, 8-Science and Technology",6 To 8, Maths-Science,0,TEACHER,Direct Recruitment,6/30/2044 0:00,In School,,,,,Updated,Mapped
92,MAHESANA,KADI,DARAN,24040207801,KHAVAD PRIMARY SCHOOL,11668532,KAJALBEN DINESHKUMAR SOLANKI,Gyan Sahayak,"6-English, 7-English, 8-English",6 To 8, Language,English,TEACHER,Other,5/8/2027 0:00,In School,,,,,Updated,Mapped
93,MAHESANA,KADI,DARAN,24040207801,KHAVAD PRIMARY SCHOOL,10151884,NAYANABEN MANILAL PATEL,Teacher,"6-English, 6-Gujarati, 7-English, 7-Gujarati, 8-English, 8-Gujarati, 8-Sanskrit",6 To 8, Language,Gujarati,TEACHER,Option,8/31/2037 0:00,In School,,,,,Updated,Mapped
94,MAHESANA,KADI,DARAN,24040207801,KHAVAD PRIMARY SCHOOL,10151883,PANKAJKUMAR NARANBHAI PATEL,Teacher,"3-Environment, 3-Sports, 4-Environment, 4-Hindi, 5-English, 5-Environment, 5-Hindi",1 To 5,0,0,TEACHER,,1/31/2031 0:00,In School,,,,,Updated,Mapped
95,MAHESANA,KADI,DARAN,24040207801,KHAVAD PRIMARY SCHOOL,10151889,PAYALBEN VANRAJSINH VAGHELA,Teacher,"6-Hindi, 6-Sanskrit, 6-Social Science, 7-Hindi, 7-Sanskrit, 7-Social Science, 8-Hindi, 8-Social Science",6 To 8, Social-Science,0,TEACHER,Direct Recruitment,4/30/2049 0:00,In School,,,,,Updated,Mapped
96,MAHESANA,KADI,DARAN,24040207801,KHAVAD PRIMARY SCHOOL,10152115,SURESHKUMAR BHAGVANBHAI PATEL,Teacher,"15-Environment, 15-Gujarati, 15-Maths",1 To 5,0,0,TEACHER,,11/30/2035 0:00,In School,,,,,Updated,Mapped
97,MAHESANA,KADI,DARAN,24040207801,KHAVAD PRIMARY SCHOOL,10152118,VIJAYKUMAR JAYANTILAL PATEL,Teacher,"1-Environment, 1-Gujarati, 1-Gujarati, 1-Maths, 2-Environment, 2-Gujarati",1 To 5,0,0,TEACHER,,7/31/2044 0:00,In School,,,,,Updated,Mapped
98,MAHESANA,KADI,DARAN,24040208001,KOLAD PRIMARY SCHOOL,10151904,CHETANABEN NATAVARLAL PATEL,Teacher,"6-English, 6-Hindi, 6-Sanskrit, 7-English, 7-Hindi, 7-Sanskrit, 8-English, 8-Hindi, 8-Sanskrit",6 To 8, Language,Gujarati,TEACHER,Option,1/31/2035 0:00,In School,,,,,Updated,Mapped
99,MAHESANA,KADI,DARAN,24040208001,KOLAD PRIMARY SCHOOL,10151905,DHARMESHKUMAR DHANJIBHAI PATEL,Teacher,"6-Gujarati, 6-Social Science, 7-Gujarati, 7-Social Science, 8-Gujarati, 8-Social Science",6 To 8, Social-Science,0,TEACHER,Direct Recruitment,3/31/2044 0:00,In School,,,,,Updated,Mapped
100,MAHESANA,KADI,DARAN,24040208001,KOLAD PRIMARY SCHOOL,10230472,HARSHADKUMAR KALIDAS PATEL,Teacher,"3-Environment, 3-Gujarati, 3-Maths, 5-English, 5-Gujarati",1 To 5,0,0,TEACHER,,5/31/2041 0:00,In School,,,,,Updated,Mapped
101,MAHESANA,KADI,DARAN,24040208001,KOLAD PRIMARY SCHOOL,10198768,RAKESHAKUMAR RANCHHODBHAI PATEL,Principal,"4-Environment, 4-Hindi, 4-Maths, 5-Environment, 5-Hindi, 5-Maths",1 To 5,0,0,TEACHER,,10/31/2036 0:00,In School,,,,,Updated,Mapped
102,MAHESANA,KADI,DARAN,24040208001,KOLAD PRIMARY SCHOOL,10151899,REENABEN ASHOKBHAI PATEL,Teacher,"6-Maths, 6-Science and Technology, 7-Maths, 7-Science and Technology, 8-Maths, 8-Science and Technology",6 To 8, Maths-Science,0,TEACHER,Direct Recruitment,2/28/2049 0:00,In School,,,,,Updated,Mapped
103,MAHESANA,KADI,DARAN,24040208001,KOLAD PRIMARY SCHOOL,10151903,SARASWATIBEN PRAHALADBHAI PATEL,Teacher,"1-Environment, 1-Gujarati, 1-Maths, 2-Environment, 2-Gujarati, 2-Maths",1 To 5,0,0,TEACHER,,7/31/2039 0:00,In School,,,,,Updated,Mapped
104,MAHESANA,KADI,DARAN,24040208001,KOLAD PRIMARY SCHOOL,10155798,VANDANABEN BALDEVBHAI PATEL,Teacher,"15-Environment, 15-Gujarati, 15-Maths, 4-Gujarati",1 To 5,0,0,TEACHER,,7/31/2044 0:00,In School,,,,,Updated,Mapped
105,MAHESANA,KADI,DARAN,24040208201,LAXMANPURA PRIMARY SCHOOL,10151917,JAGRUTIBEN RAMANBHAI PATEL,Teacher,"15-Environment, 15-Gujarati, 15-Maths, 1-Environment, 1-Gujarati, 1-Maths, 2-Environment, 2-Gujarati, 2-Maths, 5-English, 5-Environment, 5-Gujarati, 5-Hindi, 5-Maths",1 To 5,0,0,TEACHER,,5/31/2044 0:00,In School,,,,,Updated,Mapped
106,MAHESANA,KADI,DARAN,24040208201,LAXMANPURA PRIMARY SCHOOL,10151916,PATEL GAUTAMKUMAR VISHNUBHAI,Principal,"3-Environment, 3-Gujarati, 3-Maths, 4-Environment, 4-Gujarati, 4-Hindi, 4-Maths",1 To 5,0,0,TEACHER,,10/31/2035 0:00,In School,,,,,Updated,Mapped
107,MAHESANA,KADI,DARAN,24040208501,LHOR PRIMARY SCHOOL,10151986,AMRUTBHAI SAGARBHAI RABARI,Teacher,"1-Environment, 1-Gujarati, 1-Maths, 1-Special Education, 1-Sports, 3-Environment, 4-Environment, 5-Environment, 5-Hindi",1 To 5,0,0,TEACHER,,11/1/2034 0:00,In School,,,,,Updated,Mapped
108,MAHESANA,KADI,DARAN,24040208501,LHOR PRIMARY SCHOOL,10151984,ASHOKKUMAR AMRUTLAL PATEL,Teacher,"1-Environment, 1-Gujarati, 1-Maths, 3-Environment, 3-Gujarati, 3-Maths, 3-Special Education, 3-Sports",1 To 5,0,0,TEACHER,,12/19/2035 0:00,In School,,,,,Updated,Mapped
109,MAHESANA,KADI,DARAN,24040208501,LHOR PRIMARY SCHOOL,10194111,HASUMATIBEN PRAVINBHAI PATEL,Teacher,"6-Maths, 6-Science and Technology, 7-English, 7-Gujarati, 7-Hindi, 7-Maths, 7-Maths, 7-Sanskrit, 7-Science and Technology, 7-Science and Technology, 7-Social Science, 7-Special Education, 7-Sports, 8-Maths",6 To 8, Maths-Science,0,TEACHER,Direct Recruitment,8/31/2042 0:00,In School,,,,,Updated,Mapped
110,MAHESANA,KADI,DARAN,24040208501,LHOR PRIMARY SCHOOL,10151985,KALAJI MERUJI THAKOR,Teacher,"3-Maths, 4-Hindi, 4-Maths, 5-English, 5-Environment, 5-Gujarati, 5-Hindi, 5-Maths, 5-Maths, 5-Special Education, 5-Sports",1 To 5,0,0,TEACHER,,11/1/2034 0:00,In School,,,,,Updated,Mapped
111,MAHESANA,KADI,DARAN,24040208501,LHOR PRIMARY SCHOOL,10151989,KUNDANBEN KUNVARAJI THAKOR,Teacher,"2-Environment, 2-Gujarati, 2-Maths, 2-Special Education, 2-Sports, 3-Gujarati, 4-Gujarati, 5-English, 5-Gujarati",1 To 5,0,0,TEACHER,,4/30/2039 0:00,In School,,,,,Updated,Mapped
112,MAHESANA,KADI,DARAN,24040208501,LHOR PRIMARY SCHOOL,10158434,PRAKASHBHAI MAVJIBHAI PATEL,Teacher,"6-English, 6-Gujarati, 6-Gujarati, 6-Gujarati, 6-Hindi, 6-Maths, 6-Sanskrit, 6-Science and Technology, 6-Social Science, 6-Social Science, 6-Social Science, 6-Special Education, 6-Special Education, 6-Sports, 6-Sports, 7-Gujarati, 7-Gujarati, 7-Social Science, 7-Social Science, 8-Gujarati, 8-Gujarati, 8-Social Science, 8-Social Science",6 To 8, Social-Science,Gujarati,TEACHER,Option,7/14/2047 0:00,In School,,,,,Updated,Mapped
113,MAHESANA,KADI,DARAN,24040208501,LHOR PRIMARY SCHOOL,10151987,RAJANIKANT NAGARBHAI PRAJAPATI,Teacher,"6-English, 6-Hindi, 6-Sanskrit, 7-English, 7-Hindi, 7-Sanskrit, 8-English, 8-English, 8-Gujarati, 8-Hindi, 8-Hindi, 8-Maths, 8-Sanskrit, 8-Sanskrit, 8-Science and Technology, 8-Social Science, 8-Special Education, 8-Sports",6 To 8, Language,English,TEACHER,Direct Recruitment,8/3/2045 0:00,In School,,,,,Updated,Mapped
114,MAHESANA,KADI,DARAN,24040208501,LHOR PRIMARY SCHOOL,10151990,RAJESH GHANSHYAMBHAI MAHESHWARI,Principal (HTAT),"15-Environment, 15-Environment, 15-Gujarati, 15-Gujarati, 15-Maths, 15-Maths, 8-Science and Technology",6 To 8, Maths-Science,0,HEAD TEACHER (HTAT),Direct Recruitment,10/19/2040 0:00,In School,,,,,Updated,Mapped
115,MAHESANA,KADI,DARAN,24040208801,MANIPUR PRIMARY SCHOOL,10084644,BHARATKUMAR ISHVARLAL MISTRI,Teacher,"15-Environment, 15-Gujarati, 15-Maths, 1-Environment, 1-Gujarati, 1-Maths, 1-Special Education, 1-Sports, 2-Environment, 2-Gujarati, 2-Maths, 2-Special Education, 2-Sports, 3-Environment, 3-Gujarati, 3-Maths, 4-Environment, 4-Gujarati, 4-Hindi, 4-Maths, 5-English, 5-Environment, 5-Gujarati, 5-Hindi, 5-Maths",1 To 5,0,0,TEACHER,,6/30/2028 0:00,In School,,,,,Updated,Mapped
116,MAHESANA,KADI,DARAN,24040208801,MANIPUR PRIMARY SCHOOL,10151880,BHARATKUMAR JAYANTILAL PATEL,Principal,"15-Environment, 15-Gujarati, 15-Maths, 1-Environment, 1-Gujarati, 1-Maths, 2-Environment, 2-Gujarati, 2-Maths, 3-Environment, 3-Gujarati, 3-Maths, 3-Special Education, 3-Sports, 4-Environment, 4-Gujarati, 4-Hindi, 4-Maths, 4-Special Education, 4-Sports, 5-English, 5-Environment, 5-Gujarati, 5-Hindi, 5-Maths, 5-Sports",1 To 5,0,0,TEACHER,,9/30/2030 0:00,In School,,,,,Updated,Mapped
117,MAHESANA,KADI,DARAN,24040208801,MANIPUR PRIMARY SCHOOL,10152012,MAYURKUMAR BHAGVANBHAI PATEL,Teacher,"6-English, 6-Gujarati, 6-Hindi, 6-Social Science, 6-Social Science, 7-Gujarati, 7-Hindi, 7-Social Science, 7-Social Science, 8-Gujarati, 8-Hindi, 8-Social Science, 8-Social Science",6 To 8, Social-Science,0,TEACHER,Direct Recruitment,8/31/2043 0:00,In School,,,,,Updated,Mapped
118,MAHESANA,KADI,DARAN,24040208801,MANIPUR PRIMARY SCHOOL,10151988,PARESHKUMAR JAYANTILAL PATEL,Teacher,"6-English, 6-Gujarati, 6-Hindi, 6-Sanskrit, 7-English, 7-English, 7-Gujarati, 7-Hindi, 7-Sanskrit, 8-English, 8-English, 8-Gujarati, 8-Hindi, 8-Sanskrit",6 To 8, Language,Gujarati,TEACHER,Option,5/31/2045 0:00,In School,,,,,Updated,Mapped
119,MAHESANA,KADI,DARAN,24040208801,MANIPUR PRIMARY SCHOOL,10235122,VINODKUMAR NATVARBHAI GAJJAR,Teacher,"6-Maths, 6-Social Science, 7-Maths, 7-Social Science, 8-Maths, 8-Social Science",6 To 8, Maths-Science,0,TEACHER,Direct Recruitment,8/31/2033 0:00,In School,,,,,Updated,Mapped
120,MAHESANA,KADI,DARAN,24040209801,NANDOLIA PRIMARY SCHOOL,10237105,BHAVIKABEN GOVINDBHAI PIYEJA,Teacher,"6-Gujarati, 6-Social Science, 6-Sports, 7-Gujarati, 7-Social Science, 7-Sports, 8-Gujarati, 8-Social Science, 8-Sports",6 To 8, Social-Science,0,TEACHER,Direct Recruitment,5/31/2049 0:00,In School,,,,,Updated,Mapped
121,MAHESANA,KADI,DARAN,24040209801,NANDOLIA PRIMARY SCHOOL,10065872,DILIPKUMAR GOVINDLAL PARMAR,Principal,"6-English, 6-Hindi, 6-Sanskrit, 7-English, 7-Hindi, 7-Sanskrit, 8-English, 8-Hindi, 8-Sanskrit",6 To 8, Language,Hindi,TEACHER,Option,3/31/2035 0:00,In School,,,,,Updated,Mapped
122,MAHESANA,KADI,DARAN,24040209801,NANDOLIA PRIMARY SCHOOL,10014605,DIVYESHKUMAR MAHENDRAKUMAR PATEL,Teacher,"6-Maths, 6-Science and Technology, 6-Special Education, 7-Maths, 7-Science and Technology, 7-Special Education, 8-Maths, 8-Science and Technology, 8-Special Education",6 To 8, Maths-Science,0,TEACHER,Option,11/30/2042 0:00,In School,,,,,Updated,Mapped
123,MAHESANA,KADI,DARAN,24040209801,NANDOLIA PRIMARY SCHOOL,10084739,PANKAJKUMAR NATAVARLAL MODI,Teacher,"3-Environment, 3-Gujarati, 3-Maths, 3-Special Education, 3-Sports, 4-Environment, 4-Gujarati, 4-Hindi, 4-Maths, 4-Special Education, 4-Sports, 5-English, 5-Environment, 5-Gujarati, 5-Hindi, 5-Maths, 5-Special Education, 5-Sports",1 To 5,0,0,TEACHER,,1/31/2034 0:00,In School,,,,,Updated,Mapped
124,MAHESANA,KADI,DARAN,24040209801,NANDOLIA PRIMARY SCHOOL,10152117,RASIKKUMAR BHAGAVANBHAI PATEL,Teacher,"3-Environment, 3-Gujarati, 3-Maths, 4-Environment, 4-Gujarati, 4-Hindi, 4-Maths, 5-English, 5-Environment, 5-Gujarati, 5-Hindi, 5-Maths",1 To 5,0,0,TEACHER,,6/30/2030 0:00,In School,,,,,Updated,Mapped
125,MAHESANA,KADI,DARAN,24040211101,ROZAPURI PRIMARY SCHOOL,10155647,DARSHANABEN JAYANTILAL PATEL,Principal,"15-Environment, 15-Gujarati, 15-Maths, 1-Environment, 1-Gujarati, 1-Maths, 4-Environment, 4-Gujarati, 4-Hindi, 4-Maths",1 To 5,0,0,TEACHER,,10/31/2037 0:00,In School,,,,,Updated,Mapped
126,MAHESANA,KADI,DARAN,24040211101,ROZAPURI PRIMARY SCHOOL,10155653,SHARMISHTHABEN JIVANBHAI PATEL,Teacher,"2-Environment, 2-Gujarati, 2-Maths, 3-Environment, 3-Gujarati, 3-Maths, 5-English, 5-Environment, 5-Hindi, 5-Maths",1 To 5,0,0,TEACHER,,8/31/2041 0:00,In School,,,,,Updated,Mapped
127,MAHESANA,KADI,DARAN,24040211401,SEDARADI PRIMARY SCHOOL,10084909,JYOTSANA KANUBHAI PATEL,Teacher,"15-Environment, 15-Gujarati, 15-Maths, 1-Environment, 1-Environment, 1-Gujarati, 1-Gujarati, 1-Maths, 1-Maths, 2-Environment, 2-Environment, 2-Gujarati, 2-Gujarati, 2-Maths, 2-Maths",1 To 5,0,0,TEACHER,,7/12/2044 0:00,In School,,,,,Updated,Mapped
128,MAHESANA,KADI,DARAN,24040211401,SEDARADI PRIMARY SCHOOL,10155675,MIRABAHEN VIJAYKUMAR BHATT,Teacher,"4-Environment, 4-Gujarati, 4-Hindi, 4-Maths, 6-English, 6-Gujarati, 7-English, 7-Gujarati, 7-Sanskrit, 8-English, 8-Gujarati",6 To 8, Language,Sanskrit,TEACHER,Option,2/28/2043 0:00,In School,,,,,Updated,Mapped
129,MAHESANA,KADI,DARAN,24040211401,SEDARADI PRIMARY SCHOOL,10163979,PALAKBEN KISHORKUMAR PARAMAR,Teacher,"3-Environment, 3-Gujarati, 3-Maths, 6-Maths, 6-Sanskrit, 6-Science and Technology, 7-Maths, 7-Science and Technology, 8-Maths, 8-Science and Technology",6 To 8, Maths-Science,0,TEACHER,Direct Recruitment,11/30/2050 0:00,In School,,,,,Updated,Mapped
130,MAHESANA,KADI,DARAN,24040211401,SEDARADI PRIMARY SCHOOL,10059765,RAJNIKANT BABALDAS PATEL,Principal,"5-English, 5-Environment, 5-Gujarati, 5-Hindi, 5-Maths, 6-Hindi, 6-Social Science, 7-Hindi, 7-Social Science, 8-Hindi, 8-Sanskrit, 8-Social Science",6 To 8, Social-Science,0,TEACHER,Option,2/28/2042 0:00,In School,,,,,Updated,Mapped
131,MAHESANA,KADI,DARAN,24040211401,SEDARADI PRIMARY SCHOOL,10092998,RINKUBEN MANAHARJI THAKOR,Teacher,"15-Environment, 15-Gujarati, 15-Maths, 1-Environment, 1-Gujarati, 1-Maths, 2-Environment, 2-Gujarati, 2-Maths",1 To 5,0,0,TEACHER,,7/31/2044 0:00,In School,,,,,Updated,Mapped
132,MAHESANA,KADI,DARAN,24040211801,SONVAD PRIMARY SCHOOL,10092999,HASMUKHBHAI KALABHAI PATEL,Principal,"3-Environment, 3-Gujarati, 3-Maths, 3-Special Education, 3-Sports, 4-Environment, 4-Gujarati, 4-Hindi, 4-Maths, 5-English, 5-English, 5-Environment, 5-Environment, 5-Gujarati, 5-Gujarati, 5-Hindi, 5-Hindi, 5-Maths, 5-Maths, 5-Special Education, 5-Sports",1 To 5,0,0,TEACHER,,5/31/2035 0:00,In School,,,,,Updated,Mapped
133,MAHESANA,KADI,DARAN,24040211801,SONVAD PRIMARY SCHOOL,10092997,SHARMILABEN RAMANLAL PATEL,Teacher,"15-Environment, 15-Gujarati, 15-Maths, 1-Environment, 1-Environment, 1-Gujarati, 1-Gujarati, 1-Maths, 1-Maths, 1-Special Education, 1-Sports, 2-Environment, 2-Environment, 2-Gujarati, 2-Gujarati, 2-Maths, 2-Maths, 3-Environment, 3-Gujarati, 3-Maths",1 To 5,0,0,TEACHER,,10/31/2041 0:00,In School,,,,,Updated,Mapped
134,MAHESANA,KADI,KADI KANYA SHALA - 4,24040206401,ADARSH GANDHI SMARAK KANYA SCH,10155883,ALPABEN DAHYABHAI PATEL,Teacher,"6-English, 6-English, 6-English, 6-Hindi, 6-Hindi, 7-English, 7-English, 7-Sanskrit, 8-English, 8-English, 8-English, 8-English, 8-Hindi, 8-Hindi, 8-Sanskrit, 8-Sanskrit",6 To 8, Language,English,TEACHER,Direct Recruitment,5/31/2042 0:00,In School,,,,,Updated,Mapped
135,MAHESANA,KADI,KADI KANYA SHALA - 4,24040206401,ADARSH GANDHI SMARAK KANYA SCH,11079665,DIPIKABEN JIGNESHKUMAR CHAUHAN,Gyan Sahayak,"6-English, 7-English, 8-English",6 To 8, Language,English,TEACHER,Other,6/30/2048 0:00,In School,,,,,Updated,Mapped
136,MAHESANA,KADI,KADI KANYA SHALA - 4,24040206401,ADARSH GANDHI SMARAK KANYA SCH,10155875,JAYASHRIBEN JIGISHKUMAR TRIVEDI,Teacher,"6-Gujarati, 6-Gujarati, 6-Gujarati, 6-Gujarati, 7-Gujarati, 7-Gujarati, 7-Hindi, 7-Hindi, 8-Gujarati, 8-Gujarati, 8-Gujarati, 8-Gujarati",6 To 8, Language,Gujarati,TEACHER,Option,6/30/2028 0:00,In School,,,,,Updated,Mapped
137,MAHESANA,KADI,KADI KANYA SHALA - 4,24040206401,ADARSH GANDHI SMARAK KANYA SCH,10201127,JIGNABEN SOMABHAI PATEL,Teacher,"1-Maths, 3-Gujarati, 5-Gujarati, 5-Gujarati, 5-Hindi, 5-Hindi",1 To 5,0,0,TEACHER,,9/30/2039 0:00,In School,,,,,Updated,Mapped
138,MAHESANA,KADI,KADI KANYA SHALA - 4,24040206401,ADARSH GANDHI SMARAK KANYA SCH,10155792,LILABEN JETHALAL PANCHAL,Teacher,"15-Environment, 15-Gujarati, 15-Maths, 2-Environment, 2-Environment, 2-Gujarati, 2-Gujarati, 2-Maths, 2-Maths, 4-Gujarati",1 To 5,0,0,TEACHER,,6/1/2030 0:00,In School,,,,,Updated,Mapped
139,MAHESANA,KADI,KADI KANYA SHALA - 4,24040206401,ADARSH GANDHI SMARAK KANYA SCH,10158612,MANISHABEN DHANJIBHAI PATEL,Teacher,"15-Environment, 15-Gujarati, 15-Maths, 3-Gujarati, 4-Gujarati, 4-Maths, 5-Gujarati",1 To 5,0,0,TEACHER,,7/31/2035 0:00,In School,,,,,Updated,Mapped
140,MAHESANA,KADI,KADI KANYA SHALA - 4,24040206401,ADARSH GANDHI SMARAK KANYA SCH,10155788,NAVINCHANDRA BHAGAVANBHAI PATEL,Teacher,"1-Environment, 1-Gujarati, 1-Maths, 3-Maths, 4-Environment, 4-Gujarati, 4-Hindi, 4-Hindi, 5-Environment, 5-Hindi",1 To 5,0,0,TEACHER,,6/1/2027 0:00,In School,,,,,Updated,Mapped
141,MAHESANA,KADI,KADI KANYA SHALA - 4,24040206401,ADARSH GANDHI SMARAK KANYA SCH,10155885,NITABEN SUMANTBHAI GURJAR,Principal (HTAT),6-Science and Technology,6 To 8, Maths-Science,Gujarati,HEAD TEACHER (HTAT),,6/30/2035 0:00,In School,,,,,Updated,Mapped
142,MAHESANA,KADI,KADI KANYA SHALA - 4,24040206401,ADARSH GANDHI SMARAK KANYA SCH,10155886,PATEL RAJESHKUMAR BACHUBHAI,Teacher,"6-Sanskrit, 6-Sanskrit, 6-Science and Technology, 6-Science and Technology, 6-Science and Technology, 7-Sanskrit, 7-Science and Technology, 7-Science and Technology, 8-Maths, 8-Maths, 8-Maths, 8-Maths",6 To 8, Maths-Science,0,TEACHER,Option,5/31/2037 0:00,In School,,,,,Updated,Mapped
143,MAHESANA,KADI,KADI KANYA SHALA - 4,24040206401,ADARSH GANDHI SMARAK KANYA SCH,10236131,SEJALBEN BHAGVANBHAI CHAUDHARI,Teacher,"6-Maths, 6-Maths, 6-Maths, 6-Maths, 7-Maths, 7-Maths, 8-Sanskrit, 8-Sanskrit, 8-Science and Technology, 8-Science and Technology, 8-Science and Technology, 8-Science and Technology",6 To 8, Maths-Science,0,TEACHER,Direct Recruitment,1/31/2051 0:00,In School,,,,,Updated,Mapped
144,MAHESANA,KADI,KADI KANYA SHALA - 4,24040206401,ADARSH GANDHI SMARAK KANYA SCH,10155879,SONALBEN SAGARBHAI RABARI,Teacher,"6-Hindi, 6-Hindi, 6-Social Science, 6-Social Science, 6-Social Science, 6-Social Science, 7-Social Science, 7-Social Science, 8-Hindi, 8-Hindi, 8-Social Science, 8-Social Science, 8-Social Science, 8-Social Science",6 To 8, Social-Science,0,TEACHER,Option,8/31/2045 0:00,In School,,,,,Updated,Mapped
145,MAHESANA,KADI,KADI KANYA SHALA - 4,24040206401,ADARSH GANDHI SMARAK KANYA SCH,10058430,SUGNABEN SHANTILAL PATEL,Teacher,"3-Environment, 3-Environment, 4-Environment, 4-Environment, 4-Hindi, 5-English, 5-Environment",1 To 5,0,0,TEACHER,,5/31/2034 0:00,In School,,,,,Updated,Mapped
146,MAHESANA,KADI,KADI KANYA SHALA - 4,24040206401,ADARSH GANDHI SMARAK KANYA SCH,10151871,VIPULKUMAR JAYANTILAL PATEL,Teacher,"3-Maths, 4-Maths, 4-Maths, 5-Maths",1 To 5,0,0,TEACHER,,5/31/2039 0:00,In School,,,,,Updated,Mapped
147,MAHESANA,KADI,KADI KANYA SHALA - 4,24040204001,DUDHAI PRIMARY SCHOOL,10158314,ASMITABEN JAYANTILAL PATEL,Principal (HTAT),"15-Environment, 15-Environment, 15-Gujarati, 15-Gujarati, 15-Maths, 15-Maths, 3-Environment, 3-Gujarati, 3-Maths, 3-Special Education, 3-Sports",6 To 8, Maths-Science,0,HEAD TEACHER (HTAT),Direct Recruitment,9/30/2037 0:00,In School,,,,,Updated,Mapped
148,MAHESANA,KADI,KADI KANYA SHALA - 4,24040204001,DUDHAI PRIMARY SCHOOL,10155699,DIPTIBEN JAGJIVANBHAI PATEL,Teacher,"6-English, 6-English, 6-Hindi, 6-Hindi, 6-Sanskrit, 6-Sanskrit, 7-English, 7-English, 7-Hindi, 7-Hindi, 7-Sanskrit, 7-Sanskrit, 8-English, 8-English, 8-Hindi, 8-Hindi, 8-Sanskrit, 8-Sanskrit, 8-Special Education, 8-Sports",6 To 8, Language,English,TEACHER,Option,11/30/2041 0:00,In School,,,,,Updated,Mapped
149,MAHESANA,KADI,KADI KANYA SHALA - 4,24040204001,DUDHAI PRIMARY SCHOOL,10155695,NARESHKUMAR BHAILALBHAI PATEL,Teacher,"3-Environment, 3-Maths, 4-Environment, 4-Maths, 4-Special Education, 4-Sports, 5-Environment, 5-Environment, 5-Maths, 5-Maths",1 To 5,0,0,TEACHER,,9/30/2039 0:00,In School,,,,,Updated,Mapped
150,MAHESANA,KADI,KADI KANYA SHALA - 4,24040204001,DUDHAI PRIMARY SCHOOL,10155696,PREMALBHAI BHAGVANBHAI PATEL,Teacher,"6-Gujarati, 6-Gujarati, 6-Social Science, 6-Social Science, 7-Gujarati, 7-Gujarati, 7-Social Science, 7-Social Science, 7-Special Education, 7-Sports, 8-Gujarati, 8-Gujarati, 8-Social Science, 8-Social Science",6 To 8, Social-Science,Gujarati,TEACHER,Option,10/31/2040 0:00,In School,,,,,Updated,Mapped
151,MAHESANA,KADI,KADI KANYA SHALA - 4,24040204001,DUDHAI PRIMARY SCHOOL,10155698,RAJUBHAI RAMPRASAD SADHU,Teacher,"6-Maths, 6-Maths, 6-Science and Technology, 6-Science and Technology, 6-Special Education, 6-Sports, 7-Maths, 7-Maths, 7-Science and Technology, 7-Science and Technology, 8-Maths, 8-Maths, 8-Science and Technology, 8-Science and Technology",6 To 8, Maths-Science,0,TEACHER,Option,6/30/2039 0:00,In School,,,,,Updated,Mapped
152,MAHESANA,KADI,KADI KANYA SHALA - 4,24040204001,DUDHAI PRIMARY SCHOOL,10155697,SARDARBHAI HABIBBHAI KURESHI,Teacher,"2-Environment, 2-Gujarati, 2-Maths, 2-Special Education, 2-Sports",1 To 5,0,0,TEACHER,,7/24/2034 0:00,In School,,,,,Updated,Mapped
153,MAHESANA,KADI,KADI KANYA SHALA - 4,24040204001,DUDHAI PRIMARY SCHOOL,10155807,SHITALBEN JAYANTILAL PATEL,Teacher,"3-Gujarati, 4-Gujarati, 4-Hindi, 5-English, 5-English, 5-Gujarati, 5-Gujarati, 5-Hindi, 5-Hindi, 5-Special Education, 5-Sports",1 To 5,0,0,TEACHER,,8/31/2037 0:00,In School,,,,,Updated,Mapped
154,MAHESANA,KADI,KADI KANYA SHALA - 4,24040204001,DUDHAI PRIMARY SCHOOL,10155591,VASUDEVBHAI MAGANBHAI PATEL,Teacher,"1-Environment, 1-Environment, 1-Gujarati, 1-Gujarati, 1-Maths, 1-Maths, 1-Special Education, 1-Sports",1 To 5,0,0,TEACHER,,6/1/2029 0:00,In School,,,,,Updated,Mapped
155,MAHESANA,KADI,KADI KANYA SHALA - 4,24040205501,JAYDEVPURA PRIMARY SCHOOL,10155823,GEETABEN KALIDAS PATEL,Principal,"3-Environment, 3-Gujarati, 3-Maths, 4-Environment, 4-Gujarati, 4-Hindi, 4-Maths, 5-English, 5-Environment, 5-Gujarati, 5-Hindi, 5-Maths",1 To 5,0,0,TEACHER,,10/31/2030 0:00,In School,,,,,Updated,Mapped
156,MAHESANA,KADI,KADI KANYA SHALA - 4,24040205501,JAYDEVPURA PRIMARY SCHOOL,10155822,PAYALBEN KIRITBHAI PATEL,Teacher,"1-Environment, 1-Gujarati, 1-Maths, 2-Environment, 2-Gujarati, 2-Maths",1 To 5,0,0,TEACHER,,7/31/2028 0:00,In School,,,,,Updated,Mapped
157,MAHESANA,KADI,KADI KANYA SHALA - 4,24040207401,KASVA PRIMARY SCHOOL,10058420,BHARATKUMAR AMBALAL SHARMA,Teacher,"6-Gujarati, 7-Gujarati, 8-Gujarati",6 To 8, Language,Gujarati,TEACHER,Option,10/31/2033 0:00,In School,,,,,Updated,Mapped
158,MAHESANA,KADI,KADI KANYA SHALA - 4,24040207401,KASVA PRIMARY SCHOOL,10058425,JAYDIPKUMAR BALDEVBHAI PATEL,Teacher,"6-Maths, 7-Maths, 7-Science and Technology, 8-Maths, 8-Science and Technology",6 To 8, Maths-Science,0,TEACHER,Direct Recruitment,6/30/2045 0:00,In School,,,,,Updated,Mapped
159,MAHESANA,KADI,KADI KANYA SHALA - 4,24040207401,KASVA PRIMARY SCHOOL,10158869,JIGISHABEN SURENDRABHAI PARMAR,Teacher,"6-English, 6-Hindi, 7-English, 7-Hindi, 8-English, 8-Hindi",6 To 8, Language,Sanskrit,TEACHER,Option,11/30/2042 0:00,In School,,,,,Updated,Mapped
160,MAHESANA,KADI,KADI KANYA SHALA - 4,24040207401,KASVA PRIMARY SCHOOL,10058422,MANISHKUMAR BABABHAI PATEL,Teacher,"3-Environment, 3-Maths, 4-Environment, 4-Maths, 5-Environment, 5-Maths",1 To 5,0,0,TEACHER,,1/31/2030 0:00,In School,,,,,Updated,Mapped
161,MAHESANA,KADI,KADI KANYA SHALA - 4,24040207401,KASVA PRIMARY SCHOOL,10058426,MITTALBEN MANUBHAI GAJJAR,Teacher,"6-Science and Technology, 6-Social Science, 7-Social Science, 8-Social Science",6 To 8, Social-Science,0,TEACHER,Option,1/31/2042 0:00,In School,,,,,Updated,Mapped
162,MAHESANA,KADI,KADI KANYA SHALA - 4,24040207401,KASVA PRIMARY SCHOOL,10058423,NIRMALABEN HARGOVINDBHAI PATEL,Teacher,"2-Environment, 2-Gujarati, 2-Maths",1 To 5,0,0,TEACHER,,11/30/2028 0:00,In School,,,,,Updated,Mapped
163,MAHESANA,KADI,KADI KANYA SHALA - 4,24040207401,KASVA PRIMARY SCHOOL,10092993,PARULBEN SOMABHAI PATEL,Teacher,"15-Environment, 15-Gujarati, 15-Maths, 1-Environment, 1-Gujarati, 1-Maths",1 To 5,0,0,TEACHER,,7/31/2036 0:00,In School,,,,,Updated,Mapped
164,MAHESANA,KADI,KADI KANYA SHALA - 4,24040207401,KASVA PRIMARY SCHOOL,10158615,RAJESHKUMAR CHATURBHAI PATEL,Principal (HTAT),"6-Sanskrit, 6-Special Education, 7-Sanskrit, 7-Special Education, 8-Sanskrit, 8-Special Education",HTAT,0,0,HEAD TEACHER (HTAT),,12/31/2034 0:00,In School,,,,,Updated,Mapped
165,MAHESANA,KADI,KADI KANYA SHALA - 4,24040207401,KASVA PRIMARY SCHOOL,10155622,RATILAL CHHANABHAI MATHUR,Teacher,"3-Gujarati, 4-Gujarati, 4-Hindi, 5-English, 5-Gujarati, 5-Hindi",1 To 5,0,0,TEACHER,,12/31/2035 0:00,In School,,,,,Updated,Mapped
166,MAHESANA,KADI,KADI KANYA SHALA - 4,24040207401,KASVA PRIMARY SCHOOL,11632699,REKHABEN PRAHALADBHAI PATEL,Gyan Sahayak,"1-Gujarati, 1-Maths, 2-Gujarati, 2-Maths",1 To 5,0,0,TEACHER,,6/15/2045 0:00,In School,,,,,Updated,Mapped
167,MAHESANA,KADI,KADI KANYA SHALA - 4,24040209901,NANI KADI PRIMARY SCHOOL,10152123,BHARATBHAI BACHUBHAI PATEL,Teacher,"15-Environment, 15-Gujarati, 15-Maths",1 To 5,0,0,TEACHER,,12/31/2031 0:00,In School,,,,,Updated,Mapped
168,MAHESANA,KADI,KADI KANYA SHALA - 4,24040209901,NANI KADI PRIMARY SCHOOL,10155783,BIPINCHANDRA MOHANLAL PATEL,Teacher,"3-Maths, 4-Maths, 5-English, 5-Hindi, 5-Maths",1 To 5,0,0,TEACHER,,11/30/2030 0:00,In School,,,,,Updated,Mapped
169,MAHESANA,KADI,KADI KANYA SHALA - 4,24040209901,NANI KADI PRIMARY SCHOOL,10152128,CHANDRIKABEN KANJIBHAI PATEL,Teacher,"6-Maths, 6-Science and Technology, 7-Maths, 8-Maths, 8-Science and Technology",6 To 8, Maths-Science,0,TEACHER,Direct Recruitment,12/31/2043 0:00,In School,,,,,Updated,Mapped
170,MAHESANA,KADI,KADI KANYA SHALA - 4,24040209901,NANI KADI PRIMARY SCHOOL,10152126,GAUTAMBHAI RAMBHAI PATEL,Teacher,"6-Science and Technology, 6-Social Science, 6-Social Science, 7-Science and Technology, 7-Social Science, 8-Social Science",6 To 8, Social-Science,0,TEACHER,Option,11/30/2036 0:00,In School,,,,,Updated,Mapped
171,MAHESANA,KADI,KADI KANYA SHALA - 4,24040209901,NANI KADI PRIMARY SCHOOL,10152125,KETANKUMAR DHANABHAI PRAJAPATI,Principal (HTAT),6-Maths,HTAT,0,0,HEAD TEACHER (HTAT),,10/31/2041 0:00,In School,,,,,Updated,Mapped
172,MAHESANA,KADI,KADI KANYA SHALA - 4,24040209901,NANI KADI PRIMARY SCHOOL,10152127,NAYANABEN JAYANTIBHAI SHUKLA,Teacher,"6-Gujarati, 6-Gujarati, 6-Hindi, 6-Sanskrit, 7-Gujarati, 7-Sanskrit, 8-Gujarati, 8-Hindi",6 To 8, Language,Sanskrit,TEACHER,Option,11/30/2033 0:00,In School,,,,,Updated,Mapped
173,MAHESANA,KADI,KADI KANYA SHALA - 4,24040209901,NANI KADI PRIMARY SCHOOL,10152119,NIRAV AMRUTLAL PATEL,Teacher,"6-English, 6-English, 6-Hindi, 6-Sanskrit, 7-English, 7-Hindi, 8-English, 8-Sanskrit",6 To 8, Language,English,TEACHER,Direct Recruitment,5/31/2046 0:00,In School,,,,,Updated,Mapped
174,MAHESANA,KADI,KADI KANYA SHALA - 4,24040209901,NANI KADI PRIMARY SCHOOL,10011828,POOJA BHURABHAI TABIYAR,Teacher,,1 To 5,0,0,TEACHER,,9/27/2047 0:00,In School,,,,,Updated,Pending
175,MAHESANA,KADI,KADI KANYA SHALA - 4,24040209901,NANI KADI PRIMARY SCHOOL,10152062,SHRUTIBEN MUKUNDRAY ZALA,Teacher,"3-Gujarati, 4-Gujarati, 5-Gujarati",1 To 5,0,0,TEACHER,,1/31/2041 0:00,In School,,,,,Updated,Mapped
176,MAHESANA,KADI,KADI KANYA SHALA - 4,24040209901,NANI KADI PRIMARY SCHOOL,10152120,VILASBEN NARAYANBHAI PATEL,Teacher,"1-Environment, 1-Gujarati, 1-Maths, 2-Environment, 2-Gujarati, 2-Maths",1 To 5,0,0,TEACHER,,12/31/2032 0:00,In School,,,,,Updated,Mapped
177,MAHESANA,KADI,KADI KANYA SHALA - 4,24040211701,SHIYAPURA PRIMARY SCHOOL,10155617,GHANSHYAMBHAI RUPABHAI KUMARKHANIYA,Teacher,"6-English, 6-English, 6-Gujarati, 6-Gujarati, 7-English, 7-English, 7-Gujarati, 7-Gujarati, 7-Sanskrit, 8-English, 8-English, 8-Gujarati, 8-Gujarati, 8-Sanskrit, 8-Sanskrit",6 To 8, Language,Hindi,TEACHER,Direct Recruitment,5/31/2039 0:00,In School,,,,,Updated,Mapped
178,MAHESANA,KADI,KADI KANYA SHALA - 4,24040211701,SHIYAPURA PRIMARY SCHOOL,10020191,KETANKUMAR CHANDULAL PARMAR,Teacher,"6-Maths, 6-Maths, 6-Sanskrit, 6-Science and Technology, 6-Science and Technology, 7-Maths, 7-Maths, 7-Science and Technology, 7-Science and Technology, 8-Maths, 8-Maths, 8-Science and Technology, 8-Science and Technology",6 To 8, Maths-Science,0,TEACHER,Direct Recruitment,6/30/2036 0:00,In School,,,,,Updated,Mapped
179,MAHESANA,KADI,KADI KANYA SHALA - 4,24040211701,SHIYAPURA PRIMARY SCHOOL,10187378,RAJENDRKUMAR MANORBHAI PATEL,Principal,"2-Environment, 2-Gujarati, 2-Maths, 2-Sports, 4-Environment, 4-Environment, 4-Gujarati, 4-Gujarati, 4-Hindi, 4-Maths, 4-Maths, 4-Sports, 5-English, 5-Environment, 5-Gujarati, 5-Hindi, 5-Maths",1 To 5,0,0,TEACHER,,5/31/2032 0:00,In School,,,,,Updated,Mapped
180,MAHESANA,KADI,KADI KANYA SHALA - 4,24040211701,SHIYAPURA PRIMARY SCHOOL,10129294,RAKESHKUMAR NATUJI VIHOL,Teacher,"15-Environment, 15-Gujarati, 15-Maths, 1-Environment, 1-Environment, 1-Gujarati, 1-Gujarati, 1-Maths, 1-Maths, 1-Sports, 5-English, 5-Environment, 5-Gujarati, 5-Hindi, 5-Maths, 5-Sports",1 To 5,0,0,TEACHER,,9/30/2037 0:00,In School,,,,,Updated,Mapped
181,MAHESANA,KADI,KADI KANYA SHALA - 4,24040211701,SHIYAPURA PRIMARY SCHOOL,10198834,UNNATIBEN DAHYALAL PATEL,Teacher,"15-Environment, 15-Gujarati, 15-Maths, 2-Environment, 2-Gujarati, 2-Maths, 3-Environment, 3-Environment, 3-Gujarati, 3-Gujarati, 3-Maths, 3-Maths, 3-Sports, 4-Hindi",1 To 5,0,0,TEACHER,,5/31/2043 0:00,In School,,,,,Updated,Mapped
182,MAHESANA,KADI,KADI KANYA SHALA - 4,24040211701,SHIYAPURA PRIMARY SCHOOL,10084641,VISHNUBHAI KANUBHAI NAYI,Teacher,"6-Hindi, 6-Hindi, 6-Sanskrit, 6-Social Science, 6-Social Science, 7-Hindi, 7-Hindi, 7-Sanskrit, 7-Sanskrit, 7-Social Science, 7-Social Science, 8-Hindi, 8-Hindi, 8-Social Science, 8-Social Science",6 To 8, Social-Science,0,TEACHER,Option,6/30/2044 0:00,In School,,,,,Updated,Mapped
183,MAHESANA,KADI,KADI KANYA SHALA - 4,24040213701,VIDAJ PRIMARY SCHOOL,10095515,BHAVANABEN MAGANBHAI PATEL,Teacher,"15-Environment, 15-Gujarati, 15-Maths",1 To 5,0,0,TEACHER,,6/30/2033 0:00,In School,,,,,Updated,Mapped
184,MAHESANA,KADI,KADI KANYA SHALA - 4,24040213701,VIDAJ PRIMARY SCHOOL,10095517,DHIRENDRAKUMAR DILIPBHAI PATADIYA,Teacher,"6-English, 6-Gujarati, 6-Science and Technology, 6-Sports, 7-English, 8-English",6 To 8, Language,English,TEACHER,Direct Recruitment,5/30/2040 0:00,In School,,,,,Updated,Mapped
185,MAHESANA,KADI,KADI KANYA SHALA - 4,24040213701,VIDAJ PRIMARY SCHOOL,10095518,DIPIKABEN VASUDEVBHAI PATEL,Teacher,"1-Environment, 1-Gujarati, 1-Maths, 1-Sports",1 To 5,0,0,TEACHER,,1/31/2043 0:00,In School,,,,,Updated,Mapped
186,MAHESANA,KADI,KADI KANYA SHALA - 4,24040213701,VIDAJ PRIMARY SCHOOL,10095513,JAGDISHBHAI ISHVARBHAI PATEL,Teacher,"1-Environment, 1-Gujarati, 1-Maths, 1-Sports",1 To 5,0,0,TEACHER,,8/31/2026 0:00,In School,,,,,Updated,Mapped
187,MAHESANA,KADI,KADI KANYA SHALA - 4,24040213701,VIDAJ PRIMARY SCHOOL,10029625,JASHMINKUMAR DASHRATBHAI PATEL,Teacher,"6-Social Science, 7-Hindi, 7-Social Science, 8-Hindi, 8-Social Science",6 To 8, Social-Science,0,TEACHER,Direct Recruitment,6/30/2048 0:00,In School,,,,,Updated,Mapped
188,MAHESANA,KADI,KADI KANYA SHALA - 4,24040213701,VIDAJ PRIMARY SCHOOL,10095519,PARESHKUMAR MAGANBHAI PATEL,Teacher,"3-Environment, 3-Sports, 5-English, 5-Environment, 5-Hindi, 5-Sports",1 To 5,0,0,TEACHER,,12/31/2035 0:00,In School,,,,,Updated,Mapped
189,MAHESANA,KADI,KADI KANYA SHALA - 4,24040213701,VIDAJ PRIMARY SCHOOL,10095514,PRITIBEN RANCHHODGIRI GOSWAMI,Teacher,"6-Hindi, 6-Sanskrit, 7-Gujarati, 7-Sanskrit, 8-Gujarati, 8-Sanskrit, 8-Sports",6 To 8, Language,Gujarati,TEACHER,Option,8/31/2034 0:00,In School,,,,,Updated,Mapped
190,MAHESANA,KADI,KADI KANYA SHALA - 4,24040213701,VIDAJ PRIMARY SCHOOL,10095516,SURENDRASINH PRAVINSINH VAGHELA,Teacher,"6-Maths, 7-Maths, 7-Science and Technology, 8-Maths, 8-Science and Technology",6 To 8, Maths-Science,0,TEACHER,Direct Recruitment,12/31/2041 0:00,In School,,,,,Updated,Mapped
191,MAHESANA,KADI,KADI KANYA SHALA - 4,24040213701,VIDAJ PRIMARY SCHOOL,10095521,SWETABEN VISHNUBHAI PATEL,Principal (HTAT),"6-Sports, 7-Science and Technology, 7-Social Science, 7-Special Education",HTAT, Maths-Science,0,HEAD TEACHER (HTAT),,7/31/2040 0:00,In School,,,,,Updated,Mapped
192,MAHESANA,KADI,KADI KANYA SHALA - 4,24040213701,VIDAJ PRIMARY SCHOOL,10151872,VANITABEN GOVINDBHAI PATEL,Teacher,"2-Environment, 2-Gujarati, 2-Maths, 2-Sports",1 To 5,0,0,TEACHER,,12/31/2037 0:00,In School,,,,,Updated,Mapped
193,MAHESANA,KADI,KADI KUMAR SHALA - 2,24040200601,ALUSANA PRIMARY SCHOOL,10158458,CHANDRAKANT DAHYALAL PATEL,Principal,"3-Environment, 3-Gujarati, 3-Maths, 4-Environment, 4-Gujarati, 4-Hindi, 4-Maths, 5-English, 5-Environment, 5-Gujarati, 5-Hindi, 5-Maths",1 To 5,0,0,TEACHER,,7/31/2028 0:00,In School,,,,,Updated,Mapped
194,MAHESANA,KADI,KADI KUMAR SHALA - 2,24040200601,ALUSANA PRIMARY SCHOOL,10158457,JAGRUTIBEN ARVINDBHAI DARAJI,Teacher,"15-Environment, 15-Gujarati, 15-Maths, 1-Environment, 1-Gujarati, 1-Maths, 2-Environment, 2-Gujarati, 2-Maths",1 To 5,0,0,TEACHER,,4/30/2036 0:00,In School,,,,,Updated,Mapped
195,MAHESANA,KADI,KADI KUMAR SHALA - 2,24040201302,BALASAR COLONY PRI SCHOOL,10158511,NIKITABEN ARVINDBHAI PATEL,Teacher,"15-Environment, 15-Gujarati, 15-Maths, 1-Environment, 1-Gujarati, 1-Maths, 2-Environment, 2-Gujarati, 2-Maths",1 To 5,0,0,TEACHER,,12/31/2046 0:00,In School,,,,,Updated,Mapped
196,MAHESANA,KADI,KADI KUMAR SHALA - 2,24040201302,BALASAR COLONY PRI SCHOOL,10158512,PRAVINKUMAR SHANKARBHAI PATEL,Principal,"3-Environment, 3-Gujarati, 3-Maths, 4-Environment, 4-Gujarati, 4-Hindi, 4-Maths, 5-English, 5-Environment, 5-Gujarati, 5-Hindi, 5-Maths",1 To 5,0,0,TEACHER,,7/31/2035 0:00,In School,,,,,Updated,Mapped
197,MAHESANA,KADI,KADI KUMAR SHALA - 2,24040201301,BALASAR PRIMARY SCHOOL,10191421,ARVINDKUMAR BECHARBHAI PATEL,Teacher,"3-Environment, 3-Gujarati, 3-Maths, 4-Environment, 4-Gujarati, 4-Hindi, 4-Maths",1 To 5,0,0,TEACHER,,5/31/2030 0:00,In School,,,,,Updated,Mapped
198,MAHESANA,KADI,KADI KUMAR SHALA - 2,24040201301,BALASAR PRIMARY SCHOOL,10081178,DASHRATHBHAI HARGOVANBHAI PATEL,Principal,"15-Environment, 15-Gujarati, 15-Maths",1 To 5,0,0,TEACHER,,7/21/2031 0:00,In School,,,,,Updated,Mapped
199,MAHESANA,KADI,KADI KUMAR SHALA - 2,24040201301,BALASAR PRIMARY SCHOOL,11313101,JAYESHBHAI JETHABHAI PARMAR,Teacher,"6-Hindi, 6-Sanskrit, 6-Social Science, 7-Hindi, 7-Social Science, 8-Hindi, 8-Social Science",6 To 8, Social-Science,Gujarati,VIDHYA SAHAYAK,Direct Recruitment,5/8/2046 0:00,In School,,,,,Updated,Mapped
200,MAHESANA,KADI,KADI KUMAR SHALA - 2,24040201301,BALASAR PRIMARY SCHOOL,10133516,JAYESHKUMAR JIVANBHAI PATEL,Teacher,"5-English, 5-Environment, 5-Gujarati, 5-Hindi, 5-Maths",1 To 5,0,0,TEACHER,,1/20/2040 0:00,In School,,,,,Updated,Mapped
201,MAHESANA,KADI,KADI KUMAR SHALA - 2,24040201301,BALASAR PRIMARY SCHOOL,10158508,KRUSHNAKANT BALDEVBHAI PATEL,Teacher,"6-Maths, 6-Science and Technology, 7-Maths, 7-Science and Technology, 8-Maths, 8-Science and Technology",6 To 8, Maths-Science,0,TEACHER,Direct Recruitment,8/31/2045 0:00,In School,,,,,Updated,Mapped
202,MAHESANA,KADI,KADI KUMAR SHALA - 2,24040201301,BALASAR PRIMARY SCHOOL,10455218,PANKAJKUMAR PUNJABHAI KHARADI,Gyan Sahayak,"1-Gujarati, 1-Maths",1 To 5,0,0,TEACHER,,5/21/2027 0:00,In School,,,,,Updated,Mapped
203,MAHESANA,KADI,KADI KUMAR SHALA - 2,24040201301,BALASAR PRIMARY SCHOOL,11293956,RAJENDRAKUMAR JESANGJI THAKOR,Gyan Sahayak,"6-English, 7-English, 8-English",6 To 8, Language,English,TEACHER,Other,7/17/2027 0:00,In School,,,,,Updated,Mapped
204,MAHESANA,KADI,KADI KUMAR SHALA - 2,24040201301,BALASAR PRIMARY SCHOOL,10065051,SHANTABEN RAMSANGBHAI CHAUDHARY,Teacher,"6-English, 6-Hindi, 6-Sanskrit, 7-English, 7-English, 7-Gujarati, 7-Hindi, 7-Hindi, 7-Sanskrit, 7-Sanskrit, 8-English, 8-Hindi, 8-Sanskrit",6 To 8, Language,Gujarati,TEACHER,Option,6/30/2030 0:00,In School,,,,,Updated,Mapped
205,MAHESANA,KADI,KADI KUMAR SHALA - 2,24040201301,BALASAR PRIMARY SCHOOL,10158504,SOLANKI DASHRATHKUMAR KANTILAL,Teacher,"1-Environment, 1-Gujarati, 1-Maths, 2-Environment, 2-Gujarati, 2-Maths",1 To 5,0,0,TEACHER,,6/30/2044 0:00,In School,,,,,Updated,Mapped
206,MAHESANA,KADI,KADI KUMAR SHALA - 2,24040203201,DEUSANA PRIMARY SCHOOL,10161149,ARUNABEN MANILAL PATEL,Teacher,"15-Environment, 15-Gujarati, 15-Maths",1 To 5,0,0,TEACHER,,12/31/2033 0:00,In School,,,,,Updated,Mapped
207,MAHESANA,KADI,KADI KUMAR SHALA - 2,24040203201,DEUSANA PRIMARY SCHOOL,10161150,BHAVANBHAI PRAHLADBHAI PATEL,Teacher,"3-Environment, 3-Gujarati, 4-Environment, 4-Gujarati, 4-Hindi, 5-Environment, 5-Gujarati, 5-Hindi",1 To 5,0,0,TEACHER,,6/30/2033 0:00,In School,,,,,Updated,Mapped
208,MAHESANA,KADI,KADI KUMAR SHALA - 2,24040203201,DEUSANA PRIMARY SCHOOL,10161153,BHAVESHBHAI AMRUTBHAI PATEL,Principal (HTAT),8-Social Science,HTAT, Social-Science,0,HEAD TEACHER (HTAT),Direct Recruitment,5/31/2041 0:00,In School,,,,,Updated,Mapped
209,MAHESANA,KADI,KADI KUMAR SHALA - 2,24040203201,DEUSANA PRIMARY SCHOOL,10161141,KIRITKUMAR PRAHLADBHAI PATEL,Teacher,"1-Environment, 1-Gujarati, 1-Maths, 2-Environment, 2-Gujarati, 2-Maths",1 To 5,0,0,TEACHER,,6/30/2028 0:00,In School,,,,,Updated,Mapped
210,MAHESANA,KADI,KADI KUMAR SHALA - 2,24040203201,DEUSANA PRIMARY SCHOOL,10158522,MITTAL VISHNUBHAI PATEL,Teacher,"6-English, 6-Gujarati, 6-Sanskrit, 7-English, 7-Gujarati, 7-Sanskrit, 8-English, 8-Gujarati",6 To 8, Language,English,TEACHER,Option,2/28/2047 0:00,In School,,,,,Updated,Mapped
211,MAHESANA,KADI,KADI KUMAR SHALA - 2,24040203201,DEUSANA PRIMARY SCHOOL,10198801,PRAVINKUMAR BALDEVBHAI PATEL,Teacher,"6-Hindi, 6-Social Science, 7-Hindi, 7-Sanskrit, 7-Social Science, 8-Hindi, 8-Social Science",6 To 8, Social-Science,0,TEACHER,Direct Recruitment,1/31/2049 0:00,In School,,,,,Updated,Mapped
212,MAHESANA,KADI,KADI KUMAR SHALA - 2,24040203201,DEUSANA PRIMARY SCHOOL,10235363,PRAVINKUMAR VASUDEVBHAI PATEL,Teacher,"1-Environment, 1-Gujarati, 1-Maths, 1-Special Education, 1-Sports, 2-Environment, 2-Gujarati, 2-Maths, 2-Special Education, 2-Sports",1 To 5,0,0,TEACHER,,6/30/2035 0:00,In School,,,,,Updated,Mapped
213,MAHESANA,KADI,KADI KUMAR SHALA - 2,24040203201,DEUSANA PRIMARY SCHOOL,10161148,SANJAYKUMAR SHAMJIBHAI PATEL,Teacher,"3-Maths, 3-Sports, 4-Maths, 4-Special Education, 4-Sports, 5-English, 5-Maths, 5-Special Education, 5-Sports",1 To 5,0,0,TEACHER,,3/31/2036 0:00,In School,,,,,Updated,Mapped
214,MAHESANA,KADI,KADI KUMAR SHALA - 2,24040203201,DEUSANA PRIMARY SCHOOL,10161151,VIPULKUMAR RATILAL PATEL,Teacher,"6-Maths, 6-Science and Technology, 7-Maths, 7-Science and Technology, 8-Maths, 8-Science and Technology",6 To 8, Maths-Science,0,TEACHER,Direct Recruitment,11/30/2044 0:00,In School,,,,,Updated,Mapped
215,MAHESANA,KADI,KADI KUMAR SHALA - 2,24040205201,JADAVPURA PRI SCHOOL - 1,10155803,ARUNABEN NARAYANBHAI TURI,Principal,"3-Environment, 3-Environment, 3-Gujarati, 3-Gujarati, 3-Maths, 3-Maths, 3-Sports, 4-Environment, 4-Environment, 4-Gujarati, 4-Gujarati, 4-Hindi, 4-Hindi, 4-Maths, 4-Maths, 5-English, 5-English, 5-Environment, 5-Environment, 5-Gujarati, 5-Gujarati, 5-Hindi, 5-Hindi, 5-Maths, 5-Maths",1 To 5,0,0,TEACHER,,6/30/2039 0:00,In School,,,,,Updated,Mapped
216,MAHESANA,KADI,KADI KUMAR SHALA - 2,24040205201,JADAVPURA PRI SCHOOL - 1,10155804,PRAVINABEN BABULAL PATEL,Teacher,"15-Environment, 15-Gujarati, 15-Maths, 1-Environment, 1-Environment, 1-Gujarati, 1-Gujarati, 1-Maths, 1-Maths, 2-Environment, 2-Gujarati, 2-Gujarati, 2-Maths",1 To 5,0,0,TEACHER,,2/28/2042 0:00,In School,,,,,Updated,Mapped
217,MAHESANA,KADI,KADI KUMAR SHALA - 2,24040208301,LAXMIPURA (KADI) PRI SCHOOL,10155887,CHHAYABEN KANTILAL PATEL,Teacher,"6-Hindi, 6-Sanskrit, 6-Social Science, 7-Hindi, 7-Social Science, 8-Hindi, 8-Social Science",6 To 8, Social-Science,0,TEACHER,Option,12/31/2035 0:00,In School,,,,,Updated,Mapped
218,MAHESANA,KADI,KADI KUMAR SHALA - 2,24040208301,LAXMIPURA (KADI) PRI SCHOOL,10158503,DIPIKABEN SOMABHAI PATEL,Teacher,"3-Environment, 4-Environment, 4-Hindi, 5-Environment",1 To 5,0,0,TEACHER,,1/31/2039 0:00,In School,,,,,Updated,Mapped
219,MAHESANA,KADI,KADI KUMAR SHALA - 2,24040208301,LAXMIPURA (KADI) PRI SCHOOL,10151974,GURUCHARAN RANCHHODBHAI PATEL,Teacher,"6-English, 6-Gujarati, 7-English, 7-Gujarati, 8-English, 8-Gujarati",6 To 8, Language,English,TEACHER,Direct Recruitment,1/31/2046 0:00,In School,,,,,Updated,Mapped
220,MAHESANA,KADI,KADI KUMAR SHALA - 2,24040208301,LAXMIPURA (KADI) PRI SCHOOL,10151972,HETALBEN SHANKARBHAI PATEL,Teacher,"3-Gujarati, 4-Gujarati, 5-Gujarati, 5-Hindi",1 To 5,0,0,TEACHER,,4/30/2039 0:00,In School,,,,,Updated,Mapped
221,MAHESANA,KADI,KADI KUMAR SHALA - 2,24040208301,LAXMIPURA (KADI) PRI SCHOOL,10151973,HITESHKUMAR BALDEVBHAI PATEL,Teacher,"6-Maths, 6-Science and Technology, 7-Maths, 7-Science and Technology, 8-Maths, 8-Science and Technology",6 To 8, Maths-Science,0,TEACHER,Direct Recruitment,11/30/2044 0:00,In School,,,,,Updated,Mapped
222,MAHESANA,KADI,KADI KUMAR SHALA - 2,24040208301,LAXMIPURA (KADI) PRI SCHOOL,11336937,JAGDISHBHAI DAHYALAL PATEL,Teacher,"3-Maths, 4-Maths, 5-English, 5-Maths",1 To 5,0,0,TEACHER,,11/30/2038 0:00,In School,,,,,Updated,Mapped
223,MAHESANA,KADI,KADI KUMAR SHALA - 2,24040208301,LAXMIPURA (KADI) PRI SCHOOL,10158509,MUKESHBHAI MAGANLAL PATEL,Principal (HTAT),"7-Sanskrit, 8-Sanskrit",1 To 5,0,0,HEAD TEACHER (HTAT),,6/30/2037 0:00,In School,,,,,Updated,Mapped
224,MAHESANA,KADI,KADI KUMAR SHALA - 2,24040208301,LAXMIPURA (KADI) PRI SCHOOL,10151969,RITABEN BHARATBHAI PATEL,Teacher,"15-Environment, 15-Gujarati, 15-Maths",1 To 5,0,0,TEACHER,,1/31/2036 0:00,In School,,,,,Updated,Mapped
225,MAHESANA,KADI,KADI KUMAR SHALA - 2,24040205801,PM SHRI KADI PAY CENTER SCHOOL - 2,10151907,ASHABEN CHIMANLAL OZA,Teacher,"3-Maths, 3-Maths, 4-Maths, 5-English, 5-Maths",1 To 5,0,0,TEACHER,,1/31/2040 0:00,In School,,,,,Updated,Mapped
226,MAHESANA,KADI,KADI KUMAR SHALA - 2,24040205801,PM SHRI KADI PAY CENTER SCHOOL - 2,10155847,BHARATKUMAR PRAVINCHANDRA SUTHAR,Teacher,"6-English, 6-English, 6-Gujarati, 6-Gujarati, 7-English, 7-English, 7-Gujarati, 7-Gujarati, 8-English, 8-English, 8-Gujarati, 8-Gujarati",6 To 8, Language,Gujarati,TEACHER,Option,8/31/2033 0:00,In School,,,,,Updated,Mapped
227,MAHESANA,KADI,KADI KUMAR SHALA - 2,24040205801,PM SHRI KADI PAY CENTER SCHOOL - 2,10155846,BHIKHABHAI NAGJIBHAI RABARI,Teacher,"3-Environment, 3-Environment, 4-Environment, 4-Environment, 5-English, 5-English, 5-Environment, 5-Environment",1 To 5,0,0,TEACHER,,6/30/2031 0:00,In School,,,,,Updated,Mapped
228,MAHESANA,KADI,KADI KUMAR SHALA - 2,24040205801,PM SHRI KADI PAY CENTER SCHOOL - 2,10155853,GAYATRIBAHEN SHAMBHUBHAI PATEL,Principal (HTAT),"6-Sanskrit, 7-Sanskrit",1 To 5,0,0,HEAD TEACHER (HTAT),,7/31/2034 0:00,In School,,,,,Updated,Mapped
229,MAHESANA,KADI,KADI KUMAR SHALA - 2,24040205801,PM SHRI KADI PAY CENTER SCHOOL - 2,10066629,JITENDRAKUMAR DAHYABHAI PANCHAL,Teacher,"6-Gujarati, 6-Social Science, 7-Science and Technology",6 To 8, Social-Science,0,TEACHER,Option,7/5/2043 0:00,In School,,,,,Updated,Mapped
230,MAHESANA,KADI,KADI KUMAR SHALA - 2,24040205801,PM SHRI KADI PAY CENTER SCHOOL - 2,10048980,KAMINIBEN VISHNUBHAI PATEL,Teacher,6-Maths,6 To 8, Maths-Science,0,TEACHER,Direct Recruitment,9/30/2044 0:00,In School,,,,,Updated,Mapped
231,MAHESANA,KADI,KADI KUMAR SHALA - 2,24040205801,PM SHRI KADI PAY CENTER SCHOOL - 2,10259916,KINJALBEN SHAMALBHAI PATEL,Teacher,"6-Maths, 7-Maths, 8-Maths, 8-Maths, 8-Science and Technology, 8-Science and Technology",6 To 8, Maths-Science,0,TEACHER,Direct Recruitment,9/30/2047 0:00,In School,,,,,Updated,Mapped
232,MAHESANA,KADI,KADI KUMAR SHALA - 2,24040205801,PM SHRI KADI PAY CENTER SCHOOL - 2,10155848,MAHMADMOHSIN NIVAJKHAN PATHAN,Teacher,"6-English, 6-English, 6-Gujarati, 7-English, 7-Gujarati, 8-English, 8-Gujarati",6 To 8, Language,English,TEACHER,Direct Recruitment,10/31/2042 0:00,In School,,,,,Updated,Mapped
233,MAHESANA,KADI,KADI KUMAR SHALA - 2,24040205801,PM SHRI KADI PAY CENTER SCHOOL - 2,10155809,MANUBHAI MOHANBHAI DESAI,Teacher,"1-Environment, 1-Maths",1 To 5,0,0,TEACHER,,9/25/2038 0:00,In School,,,,,Updated,Mapped
234,MAHESANA,KADI,KADI KUMAR SHALA - 2,24040205801,PM SHRI KADI PAY CENTER SCHOOL - 2,10332791,NAYAK BHUMIKABEN N,Teacher,"6-English, 7-English, 7-Hindi, 7-Hindi, 8-English, 8-Hindi",, ,,,,,,,,,,Updated,Mapped
235,MAHESANA,KADI,KADI KUMAR SHALA - 2,24040205801,PM SHRI KADI PAY CENTER SCHOOL - 2,10155835,NILAMBEN RANCHHODBHAI PATEL,Teacher,"15-Environment, 15-Gujarati, 15-Maths",1 To 5,0,0,TEACHER,,8/27/2037 0:00,In School,,,,,Updated,Mapped
236,MAHESANA,KADI,KADI KUMAR SHALA - 2,24040205801,PM SHRI KADI PAY CENTER SCHOOL - 2,10155843,NITA BEN BABULAL PATEL,Teacher,"3-Maths, 4-Maths, 5-Maths",1 To 5,0,0,TEACHER,,10/31/2033 0:00,In School,,,,,Updated,Mapped
237,MAHESANA,KADI,KADI KUMAR SHALA - 2,24040205801,PM SHRI KADI PAY CENTER SCHOOL - 2,10155836,PINKABEN RAMBHAI PATEL,Teacher,"3-Gujarati, 3-Gujarati, 4-Gujarati, 4-Hindi, 5-Gujarati, 5-Gujarati, 5-Hindi, 5-Hindi",1 To 5,0,0,TEACHER,,6/30/2038 0:00,In School,,,,,Updated,Mapped
238,MAHESANA,KADI,KADI KUMAR SHALA - 2,24040205801,PM SHRI KADI PAY CENTER SCHOOL - 2,10152081,RUPALBEN VASANTLAL BAROT,Teacher,"2-Environment, 2-Gujarati, 2-Maths",1 To 5,0,0,TEACHER,,7/27/2032 0:00,In School,,,,,Updated,Mapped
239,MAHESANA,KADI,KADI KUMAR SHALA - 2,24040205801,PM SHRI KADI PAY CENTER SCHOOL - 2,10155850,SHAILESHKUMAR VISABHAI PATEL,Teacher,"6-Hindi, 6-Hindi, 6-Hindi, 6-Sanskrit, 7-Hindi, 7-Hindi, 8-Hindi, 8-Hindi",6 To 8, Language,Sanskrit,TEACHER,Option,6/1/2029 0:00,In School,,,,,Updated,Mapped
240,MAHESANA,KADI,KADI KUMAR SHALA - 2,24040205801,PM SHRI KADI PAY CENTER SCHOOL - 2,10155855,SHIRINBEN IQBALHUSSAN GHANCHI,Teacher,"3-Gujarati, 4-Gujarati, 4-Hindi, 5-Gujarati, 5-Hindi",1 To 5,0,0,TEACHER,,3/31/2047 0:00,In School,,,,,Updated,Mapped
241,MAHESANA,KADI,KADI KUMAR SHALA - 2,24040205801,PM SHRI KADI PAY CENTER SCHOOL - 2,10155852,SONALBEN RAMESHCHANDRA CHAUHAN,Teacher,"6-Sanskrit, 6-Sanskrit, 6-Social Science, 6-Social Science, 6-Social Science, 7-Sanskrit, 7-Sanskrit, 7-Science and Technology, 7-Social Science, 7-Social Science, 7-Social Science, 8-Sanskrit, 8-Science and Technology, 8-Social Science, 8-Social Science, 8-Social Science, 8-Social Science",6 To 8, Social-Science,0,TEACHER,Option,3/31/2033 0:00,In School,,,,,Updated,Mapped
242,MAHESANA,KADI,KADI KUMAR SHALA - 2,24040205801,PM SHRI KADI PAY CENTER SCHOOL - 2,10155805,VISHNUBHAI RAMABHAI PATEL,Teacher,1-Gujarati,1 To 5,0,0,TEACHER,,5/31/2028 0:00,In School,,,,,Updated,Mapped
243,MAHESANA,KADI,KADI KUMAR SHALA - 2,24040201303,RAMGADH (B) PRIMARY SCHOOL,10029619,ARVINDBHAI PARSOTAMBHAI PATEL,Teacher,"3-Environment, 3-Gujarati, 3-Maths, 4-Environment, 4-Gujarati, 4-Hindi, 4-Maths",1 To 5,0,0,TEACHER,,6/30/2031 0:00,In School,,,,,Updated,Mapped
244,MAHESANA,KADI,KADI KUMAR SHALA - 2,24040201303,RAMGADH (B) PRIMARY SCHOOL,10158513,HARITABEN JYANTIBHAI PATEL,Teacher,"15-Environment, 15-Gujarati, 15-Maths, 1-Environment, 1-Gujarati, 1-Maths, 2-Environment, 2-Gujarati, 2-Maths",1 To 5,0,0,TEACHER,,1/31/2045 0:00,In School,,,,,Updated,Mapped
245,MAHESANA,KADI,KADI KUMAR SHALA - 2,24040201303,RAMGADH (B) PRIMARY SCHOOL,10158516,TARABEN BHIKHABHAI PATEL,Principal,"5-English, 5-Environment, 5-Gujarati, 5-Hindi, 5-Maths, 5-Special Education",1 To 5,0,0,TEACHER,,5/31/2034 0:00,In School,,,,,Updated,Mapped
246,MAHESANA,KADI,KADI KUMAR SHALA - 2,24040211201,SADRA PRIMARY SCHOOL,10155649,ALPESH GHANSHYAMBHAI PATEL,Principal (HTAT),"3-Gujarati, 3-Gujarati, 3-Maths, 4-Gujarati, 4-Gujarati, 4-Hindi, 4-Hindi, 4-Maths, 5-Gujarati, 5-Gujarati, 5-Hindi, 5-Maths",1 To 5,0,0,HEAD TEACHER (HTAT),,4/30/2034 0:00,In School,,,,,Updated,Mapped
247,MAHESANA,KADI,KADI KUMAR SHALA - 2,24040211201,SADRA PRIMARY SCHOOL,10155650,KIRITKUMAR HARJIVANBHAI PATEL,Teacher,"1-Environment, 1-Environment, 1-Gujarati, 1-Gujarati, 1-Maths, 1-Maths, 1-Special Education, 1-Sports, 2-Environment, 2-Gujarati, 2-Maths",1 To 5,0,0,TEACHER,,6/30/2028 0:00,In School,,,,,Updated,Mapped
248,MAHESANA,KADI,KADI KUMAR SHALA - 2,24040211201,SADRA PRIMARY SCHOOL,10155652,LAXMANBHAI HARIBHAI PATEL,Teacher,"3-Environment, 3-Environment, 3-Special Education, 3-Sports, 4-Environment, 4-Environment, 4-Special Education, 4-Sports, 5-English, 5-English, 5-Environment, 5-Environment, 5-Hindi, 5-Sports",1 To 5,0,0,TEACHER,,8/31/2033 0:00,In School,,,,,Updated,Mapped
249,MAHESANA,KADI,KADI KUMAR SHALA - 2,24040211201,SADRA PRIMARY SCHOOL,10155655,NITABAHEN RAMESHBHAI CHAUDHARI,Teacher,"6-Hindi, 6-Hindi, 6-Sanskrit, 6-Social Science, 6-Social Science, 6-Special Education, 7-Hindi, 7-Social Science, 7-Social Science, 8-Hindi, 8-Hindi, 8-Hindi, 8-Social Science, 8-Social Science, 8-Social Science",6 To 8, Social-Science,0,TEACHER,Direct Recruitment,2/28/2038 0:00,In School,,,,,Updated,Mapped
250,MAHESANA,KADI,KADI KUMAR SHALA - 2,24040211201,SADRA PRIMARY SCHOOL,10155651,RINKUBEN VASUDEVBHAI PATEL,Teacher,"15-Environment, 15-Environment, 15-Gujarati, 15-Gujarati, 15-Maths, 15-Maths",1 To 5,0,0,TEACHER,,12/31/2035 0:00,In School,,,,,Updated,Mapped
251,MAHESANA,KADI,KADI KUMAR SHALA - 2,24040211201,SADRA PRIMARY SCHOOL,10155656,SHAILESHKUMAR JAGDISHBHAI PANCHAL,Teacher,"6-English, 6-English, 6-Gujarati, 6-Sanskrit, 6-Sports, 7-English, 7-English, 7-Gujarati, 7-Sanskrit, 7-Sports, 8-English, 8-English, 8-English, 8-Gujarati, 8-Sanskrit, 8-Sanskrit, 8-Sanskrit, 8-Special Education, 8-Sports",6 To 8, Language,English,TEACHER,Direct Recruitment,7/31/2043 0:00,In School,,,,,Updated,Mapped
252,MAHESANA,KADI,KADI KUMAR SHALA - 2,24040211201,SADRA PRIMARY SCHOOL,10029692,UDAJI KESHAJI THAKOR,Teacher,"2-Environment, 2-Gujarati, 2-Maths, 2-Special Education, 2-Sports, 3-Maths, 4-Maths, 5-Maths",1 To 5,0,0,TEACHER,,12/31/2028 0:00,In School,,,,,Updated,Mapped
253,MAHESANA,KADI,KADI KUMAR SHALA - 2,24040211201,SADRA PRIMARY SCHOOL,10155657,VANDANABEN SURESHCHANDRA NAYAK,Teacher,"6-Maths, 6-Maths, 6-Science and Technology, 6-Science and Technology, 7-Maths, 7-Maths, 7-Sanskrit, 7-Science and Technology, 7-Science and Technology, 7-Special Education, 8-Maths, 8-Maths, 8-Maths, 8-Science and Technology, 8-Science and Technology, 8-Science and Technology",6 To 8, Maths-Science,0,TEACHER,Direct Recruitment,1/31/2041 0:00,In School,,,,,Updated,Mapped
254,MAHESANA,KADI,KADI KUMAR SHALA - 3,24040203301,DEVGADH PRIMARY SCHOOL,10158350,URVASHIBAHEN BALDEVBHAI GAJJAR,Teacher,"1-Environment, 1-Gujarati, 1-Maths, 2-Environment, 2-Gujarati, 2-Maths",1 To 5,0,0,TEACHER,,1/31/2034 0:00,In School,,,,,Updated,Mapped
255,MAHESANA,KADI,KADI KUMAR SHALA - 3,24040203301,DEVGADH PRIMARY SCHOOL,10158351,VISHNUBHAI MANSUKHBHAI PANCHAL,Principal,"3-Environment, 3-Gujarati, 3-Maths, 4-Environment, 4-Gujarati, 4-Hindi, 4-Maths, 5-English, 5-Environment, 5-Gujarati, 5-Hindi, 5-Maths",1 To 5,0,0,TEACHER,,3/31/2029 0:00,In School,,,,,Updated,Mapped
256,MAHESANA,KADI,KADI KUMAR SHALA - 3,24040206501,KADI KUMAR SCHOOL NO-3,10158328,ANANDIBEN BHAGVANDAS PATEL,Teacher,"2-Environment, 2-Gujarati, 2-Maths, 3-Environment, 3-Gujarati, 5-Environment, 5-Hindi",1 To 5,0,0,TEACHER,,6/30/2035 0:00,In School,,,,,Updated,Mapped
257,MAHESANA,KADI,KADI KUMAR SHALA - 3,24040206501,KADI KUMAR SCHOOL NO-3,10155640,GHANSHYAMBHAI BHAVANBHAI PATEL,Teacher,"1-Environment, 1-Gujarati, 1-Maths, 2-Environment, 2-Gujarati, 2-Gujarati, 2-Maths, 2-Maths, 2-Special Education, 2-Sports",1 To 5,0,0,TEACHER,,6/30/2032 0:00,In School,,,,,Updated,Mapped
258,MAHESANA,KADI,KADI KUMAR SHALA - 3,24040206501,KADI KUMAR SCHOOL NO-3,10152082,JIGNASHABEN POPATLAL SHARMA,Teacher,"15-Environment, 15-Gujarati, 15-Maths, 4-Environment, 4-Environment, 4-Gujarati, 4-Hindi, 4-Maths, 5-Environment, 5-Gujarati, 5-Hindi",1 To 5,0,0,TEACHER,,10/31/2034 0:00,In School,,,,,Updated,Mapped
259,MAHESANA,KADI,KADI KUMAR SHALA - 3,24040206501,KADI KUMAR SCHOOL NO-3,10155890,KAMLESHBHAI KHODIDAS SOLANKI,Teacher,"6-Gujarati, 6-Gujarati, 6-Special Education, 7-Gujarati, 7-Gujarati, 8-English, 8-English, 8-Gujarati, 8-Gujarati, 8-Gujarati",6 To 8, Language,Gujarati,TEACHER,Direct Recruitment,7/31/2039 0:00,In School,,,,,Updated,Mapped
260,MAHESANA,KADI,KADI KUMAR SHALA - 3,24040206501,KADI KUMAR SCHOOL NO-3,10081115,KINJALKUMARI BABUBHAI PRAJAPATI,Teacher,"3-Maths, 4-Gujarati, 4-Maths, 5-English, 5-English, 5-Gujarati, 5-Maths, 5-Maths",1 To 5,0,0,TEACHER,,6/30/2045 0:00,In School,,,,,Updated,Mapped
261,MAHESANA,KADI,KADI KUMAR SHALA - 3,24040206501,KADI KUMAR SCHOOL NO-3,10155900,MIHIR RAMESHCHANDRA PATEL,Teacher,"6-Maths, 6-Science and Technology, 7-Gujarati, 7-Hindi, 7-Maths, 7-Maths, 7-Science and Technology, 7-Science and Technology, 7-Science and Technology, 8-Gujarati, 8-Hindi, 8-Maths, 8-Maths, 8-Maths, 8-Science and Technology, 8-Science and Technology, 8-Science and Technology",6 To 8, Maths-Science,0,TEACHER,Direct Recruitment,9/30/2038 0:00,In School,,,,,Updated,Mapped
262,MAHESANA,KADI,KADI KUMAR SHALA - 3,24040206501,KADI KUMAR SCHOOL NO-3,10155891,NIMISHABEN PUNAMCHAND SWAMI,Teacher,"6-English, 6-English, 6-Hindi, 6-Hindi, 6-Maths, 6-Sanskrit, 6-Sanskrit, 7-English, 7-English, 7-English, 7-Hindi, 7-Hindi, 7-Sanskrit, 7-Sanskrit, 7-Sanskrit, 7-Social Science, 8-Hindi, 8-Sanskrit, 8-Sanskrit, 8-Sanskrit",6 To 8, Language,English,TEACHER,Option,10/31/2029 0:00,In School,,,,,Updated,Mapped
263,MAHESANA,KADI,KADI KUMAR SHALA - 3,24040206501,KADI KUMAR SCHOOL NO-3,10155889,PRAKASHBHAI PURSHOTTAMBHAI PATEL,Teacher,"15-Environment, 15-Gujarati, 15-Maths, 1-Environment, 1-Gujarati, 1-Maths, 3-Environment, 3-Gujarati, 3-Maths",1 To 5,0,0,TEACHER,,5/31/2027 0:00,In School,,,,,Updated,Mapped
264,MAHESANA,KADI,KADI KUMAR SHALA - 3,24040206501,KADI KUMAR SCHOOL NO-3,10155888,RAMANBHAI RAMBHAI PATEL,Principal (HTAT),"8-English, 8-English, 8-English, 8-English, 8-English",1 To 5,0,0,HEAD TEACHER (HTAT),,5/31/2032 0:00,In School,,,,,Updated,Mapped
265,MAHESANA,KADI,KADI KUMAR SHALA - 3,24040206501,KADI KUMAR SCHOOL NO-3,10155901,SANGITABEN GANPATLAL PATEL,Teacher,"6-Science and Technology, 6-Social Science, 6-Social Science, 6-Special Education, 6-Sports, 7-Hindi, 7-Maths, 7-Social Science, 7-Social Science, 7-Social Science, 7-Special Education, 8-Hindi, 8-Hindi, 8-Social Science, 8-Social Science, 8-Social Science, 8-Special Education, 8-Special Education, 8-Sports, 8-Sports",6 To 8, Social-Science,0,TEACHER,Option,2/28/2038 0:00,In School,,,,,Updated,Mapped
266,MAHESANA,KADI,KADI KUMAR SHALA - 3,24040207601,KHANDMORVA PRI SCHOOL,11313039,HARSHABEN JAGDISHBHAI PATEL,Teacher,"6-Maths, 6-Maths, 6-Science and Technology, 6-Science and Technology, 7-Maths, 7-Maths, 7-Science and Technology, 7-Science and Technology, 8-Maths, 8-Maths, 8-Science and Technology, 8-Science and Technology",6 To 8, Maths-Science,0,VIDHYA SAHAYAK,Direct Recruitment,8/14/2053 0:00,In School,,,,,Updated,Mapped
267,MAHESANA,KADI,KADI KUMAR SHALA - 3,24040207601,KHANDMORVA PRI SCHOOL,10155642,JALUBHAI MULJIBHAI RABARI,Principal,"3-Environment, 3-Gujarati, 3-Maths, 4-Environment, 4-Gujarati, 4-Hindi, 4-Maths, 5-English, 5-Environment, 5-Gujarati, 5-Hindi, 5-Maths",1 To 5,0,0,TEACHER,,6/30/2028 0:00,In School,,,,,Updated,Mapped
268,MAHESANA,KADI,KADI KUMAR SHALA - 3,24040207601,KHANDMORVA PRI SCHOOL,10197966,MUKESHKUMAR RANCHHODDAS PATEL,Teacher,"1-Environment, 1-Gujarati, 1-Maths, 2-Environment, 2-Gujarati, 2-Maths",1 To 5,0,0,TEACHER,,6/30/2032 0:00,In School,,,,,Updated,Mapped
269,MAHESANA,KADI,KADI KUMAR SHALA - 3,24040207601,KHANDMORVA PRI SCHOOL,10187562,PRADIPKUMAR NEMCHANDBHAI PANCHAL,Teacher,"6-Gujarati, 6-Gujarati, 6-Social Science, 6-Social Science, 7-Gujarati, 7-Gujarati, 7-Social Science, 7-Social Science, 8-Gujarati, 8-Gujarati, 8-Social Science, 8-Social Science",6 To 8, Social-Science,0,TEACHER,Option,12/15/2045 0:00,In School,,,,,Updated,Mapped
270,MAHESANA,KADI,KADI KUMAR SHALA - 3,24040207601,KHANDMORVA PRI SCHOOL,10158507,RAKESHKUMAR BHAILAL PATEL,Teacher,"6-English, 6-English, 6-Hindi, 6-Hindi, 6-Sanskrit, 6-Sanskrit, 7-English, 7-English, 7-Hindi, 7-Hindi, 7-Sanskrit, 7-Sanskrit, 8-English, 8-English, 8-Hindi, 8-Hindi, 8-Sanskrit, 8-Sanskrit",6 To 8, Language,English,TEACHER,Direct Recruitment,8/18/2038 0:00,In School,,,,,Updated,Mapped
271,MAHESANA,KADI,KADI KUMAR SHALA - 3,24040210201,NARSIHNPURA PRIMARY SCHOOL,10174686,JIGNESHKUMAR RAMESHBHAI PATEL,Teacher,"3-Environment, 3-Gujarati, 3-Maths, 3-Special Education, 3-Sports, 4-Gujarati, 4-Hindi",1 To 5,0,0,TEACHER,,1/31/2039 0:00,In School,,,,,Updated,Mapped
272,MAHESANA,KADI,KADI KUMAR SHALA - 3,24040210201,NARSIHNPURA PRIMARY SCHOOL,10155592,KANAIYALAL ISHAVARDAS PATEL,Principal,"2-Environment, 2-Gujarati, 2-Maths, 2-Special Education, 2-Sports, 4-Maths, 4-Sports",1 To 5,0,0,TEACHER,,6/30/2026 0:00,In School,,,,,Updated,Mapped
273,MAHESANA,KADI,KADI KUMAR SHALA - 3,24040210201,NARSIHNPURA PRIMARY SCHOOL,10044621,ROHIT KUMAR RAMANLAL RAVAL,Teacher,"4-Environment, 4-Special Education, 5-English, 5-Environment, 5-Gujarati, 5-Hindi, 5-Maths, 5-Sports",1 To 5,0,0,TEACHER,,4/30/2041 0:00,In School,Not Relieved,,50% Mahekam,,Updated,Mapped
274,MAHESANA,KADI,KADI KUMAR SHALA - 3,24040210201,NARSIHNPURA PRIMARY SCHOOL,10064609,SMITABEN RANCHODBHAI PATEL,Teacher,"15-Environment, 15-Gujarati, 15-Maths, 1-Environment, 1-Gujarati, 1-Maths, 1-Special Education, 1-Sports",1 To 5,0,0,TEACHER,,1/31/2043 0:00,In School,,,,,Updated,Mapped
275,MAHESANA,KADI,KADI KUMAR SHALA - 3,24040210201,NARSIHNPURA PRIMARY SCHOOL,10260068,TVINKALBAHEN DASHARATHBHAI PATEL,Teacher,"6-Maths, 6-Science and Technology, 7-Maths, 7-Science and Technology, 8-Maths, 8-Science and Technology, 8-Special Education, 8-Sports",6 To 8, Maths-Science,0,TEACHER,Direct Recruitment,3/31/2050 0:00,In School,,,,,Updated,Mapped
276,MAHESANA,KADI,KADI KUMAR SHALA - 3,24040210201,NARSIHNPURA PRIMARY SCHOOL,10155595,VASUBHAI BABUBHAI PATEL,Teacher,"6-Hindi, 6-Social Science, 7-Hindi, 7-Social Science, 7-Special Education, 7-Sports, 8-Hindi, 8-Social Science",6 To 8, Social-Science,Hindi,TEACHER,Option,1/31/2042 0:00,In School,,,,,Updated,Mapped
277,MAHESANA,KADI,KADI KUMAR SHALA - 3,24040210201,NARSIHNPURA PRIMARY SCHOOL,10155593,YOGESH VISHNUBHAI PATEL,Teacher,"6-English, 6-Gujarati, 6-Sanskrit, 6-Special Education, 6-Sports, 7-English, 7-Gujarati, 7-Sanskrit, 8-English, 8-Gujarati, 8-Sanskrit",6 To 8, Language,Gujarati,TEACHER,Direct Recruitment,7/31/2043 0:00,In School,,,,,Updated,Mapped
278,MAHESANA,KADI,KADI KUMAR SHALA - 3,24040210701,PIROJPUR PRIMARY SCHOOL,10155629,ASHOKKUMAR JAYANTILAL PATEL,Teacher,"6-Maths, 6-Science and Technology, 7-Maths, 7-Science and Technology, 7-Social Science, 7-Special Education, 8-English, 8-Maths, 8-Sanskrit, 8-Sports",6 To 8, Maths-Science,0,TEACHER,Direct Recruitment,7/31/2041 0:00,In School,,,,,Updated,Mapped
279,MAHESANA,KADI,KADI KUMAR SHALA - 3,24040210701,PIROJPUR PRIMARY SCHOOL,10155630,CHIRAGBHAI MAHENDRABHAI PATEL,Teacher,"6-English, 6-Hindi, 6-Sanskrit, 7-English, 7-English, 7-Hindi, 7-Hindi, 7-Sanskrit, 7-Sanskrit, 7-Special Education, 7-Sports, 8-English, 8-Hindi, 8-Sanskrit",6 To 8, Language,Sanskrit,TEACHER,Direct Recruitment,11/30/2046 0:00,In School,,,,,Updated,Mapped
280,MAHESANA,KADI,KADI KUMAR SHALA - 3,24040210701,PIROJPUR PRIMARY SCHOOL,10155625,HARSHADBHAI CHATURBHAI SOLANKI,Teacher,"2-Environment, 2-Maths, 2-Special Education, 2-Sports, 5-English, 5-Environment, 5-Gujarati, 5-Hindi, 5-Maths, 5-Sports",1 To 5,0,0,TEACHER,,12/31/2029 0:00,In School,,,,,Updated,Mapped
281,MAHESANA,KADI,KADI KUMAR SHALA - 3,24040210701,PIROJPUR PRIMARY SCHOOL,10155631,JAGRUTIBAHEN BALDEVBHAI PATEL,Teacher,"6-Gujarati, 6-Social Science, 7-Gujarati, 7-Social Science, 8-Gujarati, 8-Gujarati, 8-Social Science, 8-Social Science, 8-Special Education, 8-Sports",6 To 8, Social-Science,0,TEACHER,Option,5/31/2045 0:00,In School,,,,,Updated,Mapped
282,MAHESANA,KADI,KADI KUMAR SHALA - 3,24040210701,PIROJPUR PRIMARY SCHOOL,11337150,NAVINCHANDRA KESHAVLAL PATEL,Principal,"3-Environment, 3-Gujarati, 3-Maths, 3-Special Education, 3-Sports",1 To 5,0,0,TEACHER,,8/31/2030 0:00,In School,,,,,Updated,Mapped
283,MAHESANA,KADI,KADI KUMAR SHALA - 3,24040210701,PIROJPUR PRIMARY SCHOOL,10212541,REETABEN BABUBHAI PARMAR,Teacher,"15-Environment, 15-Gujarati, 15-Maths, 1-Environment, 1-Environment, 1-Gujarati, 1-Gujarati, 1-Maths, 1-Maths",1 To 5,0,0,TEACHER,,7/31/2031 0:00,In School,,,,,Updated,Mapped
284,MAHESANA,KADI,KADI KUMAR SHALA - 3,24040206601,RAJIVNAGAR PRIMARY SCHOOL,10155849,ARATIBEN GHANSHYAMBHAI PARMAR,Teacher,"6-Science and Technology, 7-Maths, 8-Sanskrit, 8-Science and Technology, 8-Science and Technology",6 To 8, Maths-Science,0,TEACHER,Direct Recruitment,7/31/2044 0:00,In School,,,,,Updated,Mapped
285,MAHESANA,KADI,KADI KUMAR SHALA - 3,24040206601,RAJIVNAGAR PRIMARY SCHOOL,10029695,CHHAYABEN HARSHADBHAI PATEL,Teacher,"6-Gujarati, 6-Sanskrit, 7-Gujarati, 8-Gujarati, 8-Sanskrit",6 To 8, Language,Gujarati,TEACHER,Direct Recruitment,2/28/2045 0:00,In School,,,,,Updated,Mapped
286,MAHESANA,KADI,KADI KUMAR SHALA - 3,24040206601,RAJIVNAGAR PRIMARY SCHOOL,10158521,DEVASIBHAI KASTURBHAI DANTANI,Teacher,"3-Gujarati, 5-Gujarati, 5-Hindi",1 To 5,0,0,TEACHER,,6/30/2032 0:00,In School,,,,,Updated,Mapped
287,MAHESANA,KADI,KADI KUMAR SHALA - 3,24040206601,RAJIVNAGAR PRIMARY SCHOOL,10087296,HARESHKUMAR SHANKARLAL LEUVA,Teacher,"6-Maths, 6-Sanskrit, 7-Maths, 7-Sanskrit, 7-Sanskrit, 7-Science and Technology, 7-Science and Technology, 8-Maths, 8-Maths",6 To 8, Maths-Science,0,TEACHER,Option,1/31/2039 0:00,In School,,,,,Updated,Mapped
288,MAHESANA,KADI,KADI KUMAR SHALA - 3,24040206601,RAJIVNAGAR PRIMARY SCHOOL,10058445,KALPESHKUMAR DASHARATHBHAI PATEL,Teacher,"3-Environment, 4-Environment, 5-English",1 To 5,0,0,TEACHER,,11/30/2038 0:00,In School,,,,,Updated,Mapped
289,MAHESANA,KADI,KADI KUMAR SHALA - 3,24040206601,RAJIVNAGAR PRIMARY SCHOOL,10155878,KASHMIRABEN KANJIBHAI VIHOL,Teacher,"6-English, 6-Hindi, 7-English, 7-English, 8-English, 8-English",6 To 8, Language,English,TEACHER,Direct Recruitment,6/30/2042 0:00,In School,,,,,Updated,Mapped
290,MAHESANA,KADI,KADI KUMAR SHALA - 3,24040206601,RAJIVNAGAR PRIMARY SCHOOL,10155842,MUKTI HASMUKHKUMAR MODI,Teacher,"6-Social Science, 7-Hindi, 7-Social Science, 8-Social Science",6 To 8, Social-Science,0,TEACHER,Option,7/31/2038 0:00,In School,,,,,Updated,Mapped
291,MAHESANA,KADI,KADI KUMAR SHALA - 3,24040206601,RAJIVNAGAR PRIMARY SCHOOL,10058436,PADMABEN PASABHAI PATEL,Teacher,"1-Gujarati, 1-Maths",1 To 5,0,0,TEACHER,,9/30/2039 0:00,In School,,,,,Updated,Mapped
292,MAHESANA,KADI,KADI KUMAR SHALA - 3,24040206601,RAJIVNAGAR PRIMARY SCHOOL,10121426,RANCHHOD RATNABHAI RABARI,Teacher,"3-Maths, 5-Maths",1 To 5,0,0,TEACHER,,6/30/2030 0:00,In School,,,,,Updated,Mapped
293,MAHESANA,KADI,KADI KUMAR SHALA - 3,24040206601,RAJIVNAGAR PRIMARY SCHOOL,11337155,RAVINDRAKUMAR RANCHHODBHAI PATEL,Teacher,"4-Gujarati, 4-Maths, 5-Environment",1 To 5,0,0,TEACHER,,3/31/2036 0:00,In School,,,,,Updated,Mapped
294,MAHESANA,KADI,KADI KUMAR SHALA - 3,24040206601,RAJIVNAGAR PRIMARY SCHOOL,10158506,SARASVATIBEN BALDEVBHAI PATEL,Teacher,"2-Gujarati, 2-Maths",1 To 5,0,0,TEACHER,,6/30/2027 0:00,In School,,,,,Updated,Mapped
295,MAHESANA,KADI,KADI KUMAR SHALA - 3,24040206601,RAJIVNAGAR PRIMARY SCHOOL,10064636,SURESHKUMAR JAYANTILAL PATEL,Principal (HTAT),8-Sanskrit,6 To 8, Language,English,HEAD TEACHER (HTAT),Direct Recruitment,9/30/2039 0:00,In School,,,,,Updated,Mapped
296,MAHESANA,KADI,KADI KUMAR SHALA - 3,24040206601,RAJIVNAGAR PRIMARY SCHOOL,10155903,VANDANABEN BALDEVBHAI PATEL,Teacher,"15-Environment, 15-Gujarati, 15-Maths",1 To 5,0,0,TEACHER,,8/31/2031 0:00,In School,,,,,Updated,Mapped
297,MAHESANA,KADI,KADI KUMAR SHALA - 3,24040210901,RANCHHODPURA PRIMARY SCH,10155636,HASHMUKHKUMAR SOMALAL JOSHI,Principal,"15-Environment, 15-Gujarati, 15-Maths, 1-Environment, 1-Gujarati, 1-Maths, 2-Environment, 2-Gujarati, 2-Maths",1 To 5,0,0,TEACHER,,1/31/2034 0:00,In School,,,,,Updated,Mapped
298,MAHESANA,KADI,KADI KUMAR SHALA - 3,24040210901,RANCHHODPURA PRIMARY SCH,10016670,KAVITABEN DHANJIBHAI DAS,Teacher,8-Social Science,6 To 8, Social-Science,0,TEACHER,Direct Recruitment,10/31/2046 0:00,In School,,,,,Updated,Mapped
299,MAHESANA,KADI,KADI KUMAR SHALA - 3,24040210901,RANCHHODPURA PRIMARY SCH,10161135,MAHESHKUMAR NATVARBHAI SENMA,Teacher,"3-Environment, 3-Gujarati, 3-Maths, 4-Environment, 4-Gujarati, 4-Hindi, 4-Maths, 5-English, 5-Environment, 5-Gujarati, 5-Hindi, 5-Maths",1 To 5,0,0,TEACHER,,1/31/2041 0:00,In School,,,,,Updated,Mapped
300,MAHESANA,KADI,KADI KUMAR SHALA - 3,24040210901,RANCHHODPURA PRIMARY SCH,10259009,NILAMBEN KAUSHIKBHAI PATEL,Teacher,"6-Maths, 6-Science and Technology, 6-Social Science, 7-Maths, 7-Science and Technology, 7-Social Science, 8-Maths, 8-Science and Technology",6 To 8, Maths-Science,0,TEACHER,Direct Recruitment,6/30/2051 0:00,In School,,,,,Updated,Mapped
301,MAHESANA,KADI,KADI KUMAR SHALA - 3,24040210901,RANCHHODPURA PRIMARY SCH,10236397,PRIYABEN RAMESHBHAI PATEL,Teacher,"6-English, 6-Gujarati, 6-Hindi, 6-Sanskrit, 7-English, 7-Gujarati, 7-Hindi, 7-Sanskrit, 8-English, 8-Gujarati, 8-Hindi, 8-Sanskrit",6 To 8, Language,English,TEACHER,Direct Recruitment,7/31/2046 0:00,In School,,,,,Updated,Mapped
302,MAHESANA,KADI,KADI KUMAR SHALA - 3,24040211001,RANGPURDA PRIMARY SCHOOL,10085781,ANJALI KESHAVLAL PRAJAPATI,Teacher,"6-Hindi, 6-Social Science, 7-Hindi, 7-Social Science, 8-Hindi, 8-Sanskrit, 8-Social Science, 8-Special Education, 8-Sports",6 To 8, Social-Science,0,TEACHER,Option,3/31/2044 0:00,In School,,,,,Updated,Mapped
303,MAHESANA,KADI,KADI KUMAR SHALA - 3,24040211001,RANGPURDA PRIMARY SCHOOL,10155643,HARSHADKUMAR VITTHALBHAI PATEL,Teacher,"6-Maths, 6-Science and Technology, 7-Maths, 7-Science and Technology, 7-Special Education, 7-Sports, 8-Maths, 8-Science and Technology",6 To 8, Maths-Science,0,TEACHER,Direct Recruitment,10/31/2044 0:00,In School,,,,,Updated,Mapped
304,MAHESANA,KADI,KADI KUMAR SHALA - 3,24040211001,RANGPURDA PRIMARY SCHOOL,10024789,KIRITBHAI SHANKARBHAI VANKAR,Principal,"2-Environment, 2-Gujarati, 2-Maths, 2-Special Education, 2-Sports, 4-Environment, 4-Gujarati, 4-Hindi, 4-Maths, 4-Special Education, 4-Sports",1 To 5,0,0,TEACHER,,10/31/2037 0:00,In School,,,,,Updated,Mapped
305,MAHESANA,KADI,KADI KUMAR SHALA - 3,24040211001,RANGPURDA PRIMARY SCHOOL,10158537,RUBINABEN GULAMMHAMAD PINJARA,Teacher,"6-English, 6-Gujarati, 6-Sanskrit, 6-Sports, 7-English, 7-Gujarati, 7-Sports, 8-English, 8-Gujarati, 8-Sanskrit, 8-Sports",6 To 8, Language,Gujarati,TEACHER,Option,7/31/2034 0:00,In School,,,,,Updated,Mapped
306,MAHESANA,KADI,KADI KUMAR SHALA - 3,24040211001,RANGPURDA PRIMARY SCHOOL,10155641,SMITABEN BALVANTKUMAR JOSHI,Teacher,"15-Environment, 15-Gujarati, 15-Maths, 1-Environment, 1-Gujarati, 1-Maths, 1-Special Education, 1-Sports",1 To 5,0,0,TEACHER,,7/31/2031 0:00,In School,,,,,Updated,Mapped
307,MAHESANA,KADI,KADI KUMAR SHALA - 3,24040211001,RANGPURDA PRIMARY SCHOOL,10158428,VIJAYKUMAR KANIYALAL PATEL,Teacher,"3-Environment, 3-Gujarati, 3-Maths, 3-Special Education, 3-Sports, 5-English, 5-Environment, 5-Gujarati, 5-Hindi, 5-Maths, 5-Special Education, 5-Sports",1 To 5,0,0,TEACHER,,12/31/2044 0:00,In School,,,,,Updated,Mapped
308,MAHESANA,KADI,KADI KUMAR SHALA - 3,24040211901,SUJATPURA PRIMARY SCHOOL,10187642,ANILKUMAR LALLUBHAI RAVAL,Principal,"3-Environment, 3-Gujarati, 3-Maths, 4-Environment, 4-Gujarati, 4-Hindi, 4-Maths, 5-English, 5-Environment, 5-Gujarati, 5-Hindi, 5-Maths",1 To 5,0,0,TEACHER,,4/1/2038 0:00,In School,,,,,Updated,Mapped
309,MAHESANA,KADI,KADI KUMAR SHALA - 3,24040211901,SUJATPURA PRIMARY SCHOOL,10093000,MAULIKABEN RAMESHBHAI PATEL,Teacher,"15-Environment, 15-Gujarati, 15-Maths, 1-Environment, 1-Gujarati, 1-Maths, 2-Environment, 2-Gujarati, 2-Maths",1 To 5,0,0,TEACHER,,8/31/2044 0:00,In School,,,,,Updated,Mapped
310,MAHESANA,KADI,KALYANPURA,24040200701,AMARNAGAR PRIMARY SCHOOL,11633128,MEGHNABEN RAMJI BHAI RABARI,Gyan Sahayak,"1-Gujarati, 1-Maths, 1-Sports",1 To 5,0,0,TEACHER,,6/1/2063 0:00,In School,,,,,Updated,Mapped
311,MAHESANA,KADI,KALYANPURA,24040200701,AMARNAGAR PRIMARY SCHOOL,10158461,PANKAJKUMAR KARSHANDAS PATEL,Principal,"1-Gujarati, 1-Maths, 2-Gujarati, 2-Maths, 3-Environment, 3-Gujarati, 3-Maths, 4-Environment, 4-Gujarati, 4-Hindi, 4-Maths, 5-English, 5-Environment, 5-Gujarati, 5-Hindi, 5-Maths",1 To 5,0,0,TEACHER,,7/31/2028 0:00,In School But Transferred,Not Relieved,24040205001,50% Mahekam,,Updated,Mapped
312,MAHESANA,KADI,KALYANPURA,24040204101,FATEHPURA PRIMARY SCHOOL,10207462,ALPESH VISHNUBHAI PATEL,Principal,"3-Maths, 4-Maths, 5-Maths",1 To 5,0,0,VIDHYA SAHAYAK,,8/31/2040 0:00,In School,Relieved,24040204101,Others,mahina ni chhelli tarikhe chhutta thavanu chhe,Updated,Mapped
313,MAHESANA,KADI,KALYANPURA,24040204101,FATEHPURA PRIMARY SCHOOL,10039235,PRADIPKUMAR NATAVARLAL PATEL,Teacher,"3-Environment, 3-Gujarati, 3-Maths, 4-Environment, 4-Gujarati, 4-Hindi, 4-Maths, 5-English, 5-Environment, 5-Gujarati, 5-Hindi, 5-Maths",1 To 5,0,0,TEACHER,,2/29/2044 0:00,In School,Not Relieved,,Others,30 july na shala samay bad chuta thavanu che,Updated,Mapped
314,MAHESANA,KADI,KALYANPURA,24040205101,ISHWARPURA PRIMARY SCHOOL,10152008,JAGDISHKUMAR MAHADEVBHAI PATEL,Teacher,"3-Environment, 3-Environment, 3-Gujarati, 3-Gujarati, 3-Maths, 3-Maths, 4-Environment, 4-Environment, 4-Gujarati, 4-Gujarati, 4-Hindi, 4-Hindi, 4-Maths, 4-Maths, 5-English, 5-English, 5-Environment, 5-Environment, 5-Gujarati, 5-Gujarati, 5-Hindi, 5-Hindi, 5-Maths, 5-Maths",1 To 5,0,0,TEACHER,,9/30/2027 0:00,In School,,,,,Updated,Mapped
315,MAHESANA,KADI,KALYANPURA,24040205101,ISHWARPURA PRIMARY SCHOOL,10155801,RAMESHBHAI BABABHAI PRAJAPATI,Principal,"15-Environment, 15-Environment, 15-Gujarati, 15-Gujarati, 15-Maths, 15-Maths, 1-Environment, 1-Environment, 1-Gujarati, 1-Gujarati, 1-Maths, 1-Maths, 2-Environment, 2-Environment, 2-Gujarati, 2-Gujarati, 2-Maths, 2-Maths",1 To 5,0,0,TEACHER,,8/31/2028 0:00,In School,,,,,Updated,Mapped
316,MAHESANA,KADI,KALYANPURA,24040205301,JAMIYATPURA PRIMARY SCHOOL,10155811,BHUMIKABEN LALJIBHAI PATEL,Teacher,"15-Environment, 15-Gujarati, 15-Maths, 1-Environment, 1-Gujarati, 1-Maths, 1-Special Education, 1-Sports",1 To 5,0,0,TEACHER,,9/30/2041 0:00,In School,,,,,Updated,Mapped
317,MAHESANA,KADI,KALYANPURA,24040205301,JAMIYATPURA PRIMARY SCHOOL,11335814,JALDHARA BHANUBHAI SEJANI,Teacher,"5-Environment, 6-Hindi, 6-Social Science, 7-Hindi, 7-Social Science, 7-Special Education, 7-Sports, 8-Hindi, 8-Social Science",6 To 8, Social-Science,0,VIDHYA SAHAYAK,Direct Recruitment,1/31/2053 0:00,In School,,,,,Updated,Mapped
318,MAHESANA,KADI,KALYANPURA,24040205301,JAMIYATPURA PRIMARY SCHOOL,10155810,JANAKKUMAR PREMJIBHAI PATEL,Principal,"5-Gujarati, 5-Hindi, 5-Special Education, 5-Sports, 6-Science and Technology, 7-Gujarati, 8-Sanskrit",1 To 5,0,0,TEACHER,,3/31/2040 0:00,In School,,,,,Updated,Mapped
319,MAHESANA,KADI,KALYANPURA,24040205301,JAMIYATPURA PRIMARY SCHOOL,10059857,MEHULKUMAR JAYANTIBHAI PATEL,Teacher,"5-Maths, 6-Maths, 7-Maths, 7-Science and Technology, 8-Maths, 8-Science and Technology, 8-Special Education, 8-Sports",6 To 8, Maths-Science,Gujarati,TEACHER,Direct Recruitment,9/30/2041 0:00,In School,,,,,Updated,Mapped
320,MAHESANA,KADI,KALYANPURA,24040205301,JAMIYATPURA PRIMARY SCHOOL,10158472,NAYNABEN NATVARLAL PATEL,Teacher,"5-English, 6-English, 6-Gujarati, 6-Sanskrit, 6-Special Education, 6-Sports, 7-English, 7-Sanskrit, 8-English, 8-Gujarati",6 To 8, Language,English,TEACHER,,8/31/2043 0:00,In School,,,,,Updated,Mapped
321,MAHESANA,KADI,KALYANPURA,24040205301,JAMIYATPURA PRIMARY SCHOOL,10155812,SONALEBN BHARATBHAI PATEL,Teacher,"2-Environment, 2-Gujarati, 2-Maths, 2-Special Education, 2-Sports, 3-Environment, 3-Gujarati, 3-Maths, 3-Special Education, 3-Sports",1 To 5,0,0,TEACHER,,3/31/2042 0:00,In School,,,,,Updated,Mapped
322,MAHESANA,KADI,KALYANPURA,24040206801,KALYANPURA PRIMARY SCHOOL,10095522,ASHVINKUMAR KANTILAL PATEL,Teacher,"1-Environment, 1-Gujarati, 1-Maths, 1-Special Education, 1-Sports",1 To 5,0,0,TEACHER,,8/31/2026 0:00,In School,,,,,Updated,Mapped
323,MAHESANA,KADI,KALYANPURA,24040206801,KALYANPURA PRIMARY SCHOOL,10095523,BHARATJI SHANKAJI RATHOD,Teacher,"2-Environment, 2-Gujarati, 2-Maths, 2-Special Education, 2-Sports",1 To 5,0,0,VIDHYA SAHAYAK,,6/30/2034 0:00,In School,,,,,Updated,Mapped
324,MAHESANA,KADI,KALYANPURA,24040206801,KALYANPURA PRIMARY SCHOOL,10158288,DHARMISHTHABEN MAVJIBHAI PATEL,Teacher,"6-Social Science, 6-Social Science, 7-Hindi, 7-Hindi, 7-Social Science, 7-Social Science, 8-Social Science",6 To 8, Social-Science,0,VIDHYA SAHAYAK,Option,12/31/2042 0:00,In School,,,,,Updated,Mapped
325,MAHESANA,KADI,KALYANPURA,24040206801,KALYANPURA PRIMARY SCHOOL,10155928,GITABEN CHANDUBHAI PATEL,Principal,"3-Environment, 3-Gujarati, 3-Maths, 3-Special Education, 3-Sports",1 To 5,0,0,VIDHYA SAHAYAK,,11/30/2032 0:00,In School,,,,,Updated,Mapped
326,MAHESANA,KADI,KALYANPURA,24040206801,KALYANPURA PRIMARY SCHOOL,10029615,HINABEN BHARATSINH PARMAR,Teacher,"6-Hindi, 6-Maths, 6-Maths, 6-Sanskrit, 7-Science and Technology, 7-Science and Technology, 8-Science and Technology",6 To 8, Maths-Science,0,VIDHYA SAHAYAK,Direct Recruitment,9/30/2037 0:00,In School,,,,,Updated,Mapped
327,MAHESANA,KADI,KALYANPURA,24040206801,KALYANPURA PRIMARY SCHOOL,10158287,JAIMINIBAHEN RAJENDRAKUMAR PADHYAY,Teacher,"6-Science and Technology, 6-Science and Technology, 7-Maths, 7-Maths, 7-Sanskrit, 7-Sanskrit, 8-Maths",6 To 8, Maths-Science,0,VIDHYA SAHAYAK,Direct Recruitment,9/30/2049 0:00,In School,,,,,Updated,Mapped
328,MAHESANA,KADI,KALYANPURA,24040206801,KALYANPURA PRIMARY SCHOOL,10028324,JYOTIKABEN NARENDRABHAI JANI,Teacher,"15-Environment, 15-Gujarati, 15-Maths",1 To 5,0,0,VIDHYA SAHAYAK,,10/31/2044 0:00,In School,,,,,Updated,Mapped
329,MAHESANA,KADI,KALYANPURA,24040206801,KALYANPURA PRIMARY SCHOOL,10212970,PINAKINBHAI PRAVINBHAI PATEL,Teacher,"6-English, 6-English, 7-Gujarati, 7-Gujarati, 8-Gujarati, 8-Hindi, 8-Sanskrit",6 To 8, Language,Sanskrit,VIDHYA SAHAYAK,Option,3/31/2036 0:00,In School,,,,,Updated,Mapped
330,MAHESANA,KADI,KALYANPURA,24040206801,KALYANPURA PRIMARY SCHOOL,10184499,PRAVINSINH JASVANTSINH CHAUHAN,Teacher,"6-Gujarati, 6-Gujarati, 6-Hindi, 6-Sanskrit, 7-English, 7-English, 8-English",6 To 8, Language,Sanskrit,VIDHYA SAHAYAK,Option,2/28/2037 0:00,In School,,,,,Updated,Mapped
331,MAHESANA,KADI,KALYANPURA,24040206801,KALYANPURA PRIMARY SCHOOL,10095524,RAKESHKUMAR CHANDULAL PATEL,Teacher,"5-English, 5-Environment, 5-Gujarati, 5-Hindi, 5-Maths, 5-Sports",1 To 5,0,0,VIDHYA SAHAYAK,,11/30/2043 0:00,In School,,,,,Updated,Mapped
332,MAHESANA,KADI,KALYANPURA,24040210401,PALLI PRIMARY SCHOOL,10316836,ANKITA BALKRISHNA CONTRACTOR,Teacher,"6-Maths, 6-Science and Technology, 7-Maths, 7-Science and Technology, 8-Maths, 8-Science and Technology",6 To 8, Maths-Science,0,TEACHER,Direct Recruitment,1/31/2053 0:00,In School,,,,,Updated,Mapped
333,MAHESANA,KADI,KALYANPURA,24040210401,PALLI PRIMARY SCHOOL,10122124,KALPESHBHAI KANTILAL PATEL,Teacher,"6-English, 6-Gujarati, 6-Hindi, 6-Sanskrit, 7-English, 7-Gujarati, 7-Hindi, 7-Sanskrit, 8-English, 8-Gujarati, 8-Hindi, 8-Sanskrit",6 To 8, Language,Gujarati,TEACHER,Option,6/30/2035 0:00,In School,,,,,Updated,Mapped
334,MAHESANA,KADI,KALYANPURA,24040210401,PALLI PRIMARY SCHOOL,10084645,NEHABEN VASUDEVGII GOSWAMI,Principal,"3-Environment, 3-Environment, 3-Gujarati, 3-Maths, 4-Environment, 4-Gujarati, 4-Hindi, 4-Maths",1 To 5,0,0,TEACHER,,2/29/2048 0:00,In School,,,,,Updated,Mapped
335,MAHESANA,KADI,KALYANPURA,24040210401,PALLI PRIMARY SCHOOL,10155606,RASHMITABEN GORDHANBHAI PATEL,Teacher,"1-Environment, 1-Gujarati, 1-Maths, 2-Environment, 2-Gujarati, 2-Maths, 5-English, 5-Environment, 5-Gujarati, 5-Hindi, 5-Maths",1 To 5,0,0,TEACHER,,7/31/2041 0:00,In School,,,,,Updated,Mapped
336,MAHESANA,KADI,KALYANPURA,24040210401,PALLI PRIMARY SCHOOL,10259534,RENUKABEN NATVARBHAI PATEL,Teacher,"6-Social Science, 7-Social Science, 8-Social Science",6 To 8, Social-Science,0,TEACHER,Direct Recruitment,8/31/2047 0:00,In School,,,,,Updated,Mapped
337,MAHESANA,KADI,KALYANPURA,24040213101,VAGHARODA PRIMARY SCHOOL,10093106,ASHOKKUMAR JERAMBHAI PATEL,Teacher,"15-Environment, 15-Gujarati, 15-Maths",1 To 5,0,0,TEACHER,,10/31/2034 0:00,In School,,,,,Updated,Mapped
338,MAHESANA,KADI,KALYANPURA,24040213101,VAGHARODA PRIMARY SCHOOL,10190814,KANUJI KESHAJI THAKOR,Teacher,"6-Gujarati, 6-Hindi, 7-English, 7-Gujarati, 7-Hindi, 8-English, 8-Gujarati, 8-Hindi, 8-Sanskrit",6 To 8, Language,Gujarati,TEACHER,Option,2/28/2041 0:00,In School,,,,,Updated,Mapped
339,MAHESANA,KADI,KALYANPURA,24040213101,VAGHARODA PRIMARY SCHOOL,10093109,KAVITABEN RAMANLAL PATEL,Principal (HTAT),"6-English, 7-Social Science, 8-Social Science",HTAT,0,0,HEAD TEACHER (HTAT),,6/30/2042 0:00,In School,,,,,Updated,Mapped
340,MAHESANA,KADI,KALYANPURA,24040213101,VAGHARODA PRIMARY SCHOOL,11667892,MEHULKUMAR PRAHLADBHAI PATEL,Gyan Sahayak,"6-English, 7-English, 8-English",6 To 8, Language,English,TEACHER,Other,5/8/2027 0:00,In School,,,,,Updated,Mapped
341,MAHESANA,KADI,KALYANPURA,24040213101,VAGHARODA PRIMARY SCHOOL,10259295,NEELAM BANSIBHAI PATEL,Teacher,"6-Maths, 6-Sanskrit, 6-Science and Technology, 6-Social Science, 6-Sports, 7-Maths, 7-Science and Technology, 8-Maths, 8-Sanskrit, 8-Science and Technology",6 To 8, Maths-Science,0,TEACHER,Direct Recruitment,9/30/2046 0:00,In School,,,,,Updated,Mapped
342,MAHESANA,KADI,KALYANPURA,24040213101,VAGHARODA PRIMARY SCHOOL,10093108,NILAMBEN VISHNUBHAI PRAJAPATI,Teacher,"3-Environment, 3-Gujarati, 3-Maths, 3-Sports, 4-Environment, 4-Gujarati, 4-Hindi, 4-Maths, 4-Sports",1 To 5,0,0,TEACHER,,5/31/2046 0:00,In School,,,,,Updated,Mapped
343,MAHESANA,KADI,KALYANPURA,24040213101,VAGHARODA PRIMARY SCHOOL,10093107,NITINKUMAR CHIMANBHAI PATEL,Teacher,"5-English, 5-Environment, 5-Gujarati, 5-Hindi, 5-Maths, 5-Sports",1 To 5,0,0,TEACHER,,6/30/2032 0:00,In School,,,,,Updated,Mapped
344,MAHESANA,KADI,KALYANPURA,24040213101,VAGHARODA PRIMARY SCHOOL,10095500,PRATIKSHABEN PRAKASHKUMAR THAKOR,Teacher,"2-Environment, 2-Gujarati, 2-Maths, 2-Sports",1 To 5,0,0,TEACHER,,7/31/2045 0:00,In School,,,,,Updated,Mapped
345,MAHESANA,KADI,KALYANPURA,24040213101,VAGHARODA PRIMARY SCHOOL,10155702,PRAVINABEN BHAGABHAI PATEL,Teacher,"1-Environment, 1-Gujarati, 1-Maths, 1-Sports",1 To 5,0,0,TEACHER,,8/31/2043 0:00,In School,,,,,Updated,Mapped
346,MAHESANA,KADI,KALYANPURA,24040213201,VALAVADI PRIMARY SCHOOL,10031669,GAUTAMKUMAR RAMABHAI PATEL,Principal,"15-Environment, 15-Environment, 15-Gujarati, 15-Gujarati, 15-Maths, 15-Maths, 1-Environment, 1-Gujarati, 1-Maths, 3-Environment, 3-Gujarati, 3-Maths",1 To 5,0,0,TEACHER,,10/31/2041 0:00,In School,,,,,Updated,Mapped
347,MAHESANA,KADI,KALYANPURA,24040213201,VALAVADI PRIMARY SCHOOL,10093114,HEMLATABEN NARSINHBHAI PATEL,Teacher,"2-Environment, 2-Gujarati, 2-Maths, 4-Environment, 4-Gujarati, 4-Hindi, 4-Maths, 5-English, 5-English, 5-Environment, 5-Environment, 5-Gujarati, 5-Gujarati, 5-Hindi, 5-Hindi, 5-Maths, 5-Maths",1 To 5,0,0,TEACHER,,3/1/2041 0:00,In School,,,,,Updated,Mapped
348,MAHESANA,KADI,KALYANPURA,24040213501,VARKHADIYA PRIMARY SCHOOL,10156917,BIPINCHANDRA BHAGVANBHAI PATEL,Teacher,"3-Maths, 4-Environment, 4-Gujarati, 4-Hindi, 4-Maths, 5-English, 5-English, 5-Environment, 5-Gujarati, 5-Hindi, 5-Hindi, 5-Maths, 5-Maths",1 To 5,0,0,TEACHER,,2/28/2043 0:00,In School,,,,,Updated,Mapped
349,MAHESANA,KADI,KALYANPURA,24040213501,VARKHADIYA PRIMARY SCHOOL,10095496,FALGUNIBEN BHOGILAL PATEL,Teacher,"1-Environment, 1-Gujarati, 1-Maths, 2-Environment, 2-Gujarati, 2-Maths",1 To 5,0,0,TEACHER,,1/31/2041 0:00,In School,,,,,Updated,Mapped
350,MAHESANA,KADI,KALYANPURA,24040213501,VARKHADIYA PRIMARY SCHOOL,10111111,MANISHKUMAR MANSUKHBHAI PATEL,Principal (HTAT),"7-English, 8-English",HTAT, Language,English,HEAD TEACHER (HTAT),,5/31/2037 0:00,In School,,,,,Updated,Mapped
351,MAHESANA,KADI,KALYANPURA,24040213501,VARKHADIYA PRIMARY SCHOOL,10084367,NAYANA NATVARLAL PATEL,Teacher,"6-Gujarati, 6-Gujarati, 6-Social Science, 6-Social Science, 7-Gujarati, 7-Gujarati, 7-Social Science, 7-Social Science, 8-Gujarati, 8-Gujarati, 8-Social Science, 8-Social Science",6 To 8, Social-Science,0,TEACHER,Option,10/31/2032 0:00,In School,,,,,Updated,Mapped
352,MAHESANA,KADI,KALYANPURA,24040213501,VARKHADIYA PRIMARY SCHOOL,10095501,NILESHKUMAR MAGANBHAI PATEL,Teacher,"6-Maths, 6-Maths, 6-Science and Technology, 6-Science and Technology, 7-Maths, 7-Maths, 7-Science and Technology, 7-Science and Technology, 8-Maths, 8-Maths, 8-Science and Technology, 8-Science and Technology",6 To 8, Maths-Science,0,TEACHER,Direct Recruitment,9/30/2045 0:00,In School,,,,,Updated,Mapped
353,MAHESANA,KADI,KALYANPURA,24040213501,VARKHADIYA PRIMARY SCHOOL,10095494,NIRAVKUMAR BABULAL PATEL,Teacher,"15-Environment, 15-Gujarati, 15-Maths, 1-Environment, 1-Gujarati, 1-Maths",1 To 5,0,0,TEACHER,,7/31/2039 0:00,In School,,,,,Updated,Mapped
354,MAHESANA,KADI,KALYANPURA,24040213501,VARKHADIYA PRIMARY SCHOOL,10132987,PARESHKUMAR MANEKLAL PATEL,Teacher,"15-Environment, 15-Environment, 15-Gujarati, 15-Gujarati, 15-Maths, 15-Maths, 1-Environment, 1-Gujarati, 1-Maths, 1-Special Education, 1-Sports",1 To 5,0,0,TEACHER,,7/31/2037 0:00,In School,Relieved,,,,Updated,Mapped
355,MAHESANA,KADI,KALYANPURA,24040213501,VARKHADIYA PRIMARY SCHOOL,10093139,SHAILESHKUMAR KALABHAI PATEL,Teacher,"3-Environment, 3-Gujarati, 4-Gujarati, 4-Hindi, 5-Environment, 5-Gujarati, 5-Gujarati, 5-Hindi",1 To 5,0,0,TEACHER,,6/30/2028 0:00,In School,,,,,Updated,Mapped
356,MAHESANA,KADI,KALYANPURA,24040213501,VARKHADIYA PRIMARY SCHOOL,10095499,SUNITABEN DUNGARMAL MAHESHWARI,Teacher,"6-English, 6-English, 6-Hindi, 6-Hindi, 6-Sanskrit, 6-Sanskrit, 7-English, 7-Hindi, 7-Hindi, 7-Sanskrit, 7-Sanskrit, 8-English, 8-Hindi, 8-Hindi, 8-Sanskrit, 8-Sanskrit",6 To 8, Language,English,TEACHER,Option,2/29/2044 0:00,In School,,,,,Updated,Mapped
357,MAHESANA,KADI,KALYANPURA,24040213601,VEKRA ANUPAM PRI SCHOOL,10021381,BHAVIKABEN BHUPENDRAKUMAR JAYSWAL,Teacher,"15-Gujarati, 15-Gujarati, 15-Maths, 15-Maths, 3-Environment, 4-Environment, 4-Hindi, 5-English, 5-Environment, 5-Hindi",1 To 5,0,0,TEACHER,,7/31/2045 0:00,In School,,,,,Updated,Mapped
358,MAHESANA,KADI,KALYANPURA,24040213601,VEKRA ANUPAM PRI SCHOOL,10095507,DHAVALKUMAR JAYANTILAAL PATEL,Teacher,"3-Gujarati, 3-Gujarati, 3-Maths, 4-Gujarati, 4-Maths, 5-English, 5-English, 5-Environment, 5-Gujarati, 5-Gujarati, 5-Gujarati, 5-Hindi, 5-Hindi, 5-Maths, 5-Maths, 5-Maths",1 To 5,0,0,TEACHER,,5/31/2037 0:00,In School,,,,,Updated,Mapped
359,MAHESANA,KADI,KALYANPURA,24040213601,VEKRA ANUPAM PRI SCHOOL,10095505,GHANSHYAMBHAI AMRUTLAL PATEL,Teacher,"1-Environment, 1-Gujarati, 1-Maths, 2-Gujarati, 2-Gujarati, 2-Maths, 2-Maths",1 To 5,0,0,TEACHER,,5/31/2027 0:00,In School,,,,,Updated,Mapped
360,MAHESANA,KADI,KALYANPURA,24040213601,VEKRA ANUPAM PRI SCHOOL,10095508,HIRENBHAI JASHAVANTBHAI PATEL,Teacher,"6-Maths, 6-Maths, 6-Maths, 6-Science and Technology, 6-Science and Technology, 6-Science and Technology, 7-Maths, 7-Maths, 7-Maths, 7-Science and Technology, 7-Science and Technology, 7-Science and Technology, 8-Maths, 8-Maths, 8-Maths, 8-Science and Technology, 8-Science and Technology, 8-Science and Technology",6 To 8, Maths-Science,0,TEACHER,Direct Recruitment,5/31/2045 0:00,In School,,,,,Updated,Mapped
361,MAHESANA,KADI,KALYANPURA,24040213601,VEKRA ANUPAM PRI SCHOOL,10095503,JIGNESHKUMAR MAHENDRABHAI PATEL,Teacher,"15-Environment, 15-Gujarati, 15-Maths, 1-Gujarati, 1-Gujarati, 1-Maths, 1-Maths",1 To 5,0,0,TEACHER,,12/31/2042 0:00,In School,,,,,Updated,Mapped
362,MAHESANA,KADI,KALYANPURA,24040213601,VEKRA ANUPAM PRI SCHOOL,10158545,MOHIT NARESHBHAI VYAS,Principal (HTAT),"6-Sanskrit, 6-Sanskrit, 7-Sanskrit, 7-Sanskrit, 8-Sanskrit, 8-Sanskrit",HTAT, Language,English,HEAD TEACHER (HTAT),Promotion,1/31/2043 0:00,In School,,,,,Updated,Mapped
363,MAHESANA,KADI,KALYANPURA,24040213601,VEKRA ANUPAM PRI SCHOOL,10095510,RUSHIKABEN VISHNUBHAI PATEL,Teacher,"2-Environment, 2-Gujarati, 2-Maths, 3-Environment, 3-Environment, 3-Gujarati, 3-Maths, 3-Maths, 5-Environment",1 To 5,0,0,TEACHER,,11/30/2043 0:00,In School,,,,,Updated,Mapped
364,MAHESANA,KADI,KALYANPURA,24040213601,VEKRA ANUPAM PRI SCHOOL,10025785,SUSHILABEN LILUBHAI PATEL,Teacher,"6-Gujarati, 6-Gujarati, 6-Gujarati, 6-Social Science, 6-Social Science, 6-Social Science, 7-Gujarati, 7-Gujarati, 7-Gujarati, 7-Social Science, 7-Social Science, 7-Social Science, 8-Gujarati, 8-Gujarati, 8-Gujarati, 8-Science and Technology, 8-Social Science, 8-Social Science",6 To 8, Social-Science,0,TEACHER,Option,7/31/2035 0:00,In School,,,,,Updated,Mapped
365,MAHESANA,KADI,KALYANPURA,24040213601,VEKRA ANUPAM PRI SCHOOL,10095509,VIJAYKUMAR KHODIDAS SUTHAR,Teacher,"6-English, 6-English, 6-English, 6-Hindi, 6-Hindi, 6-Hindi, 6-Sanskrit, 7-English, 7-English, 7-English, 7-Hindi, 7-Hindi, 7-Hindi, 7-Sanskrit, 8-English, 8-English, 8-English, 8-Hindi, 8-Hindi, 8-Hindi",6 To 8, Language,English,TEACHER,Direct Recruitment,5/31/2043 0:00,In School,,,,,Updated,Mapped
366,MAHESANA,KADI,KARANNAGAR,24040201001,ANAKHOL PRIMARY SCHOOL,10158486,ALPESHKUMAR KANTILAL PATEL,Principal (HTAT),"6-English, 8-Sanskrit",1 To 5,0,0,HEAD TEACHER (HTAT),,11/30/2034 0:00,In School,,,,,Updated,Mapped
367,MAHESANA,KADI,KARANNAGAR,24040201001,ANAKHOL PRIMARY SCHOOL,11670156,BHAVNABEN ARJANBHAI DESAI,Gyan Sahayak,"6-English, 6-Sanskrit, 7-English, 7-Sanskrit, 8-English, 8-Sanskrit",6 To 8, Language,English,TEACHER,,7/17/2027 0:00,In School,,,,,Updated,Mapped
368,MAHESANA,KADI,KARANNAGAR,24040201001,ANAKHOL PRIMARY SCHOOL,10158479,CHANDRIKABEN PRABHUDAS PATEL,Teacher,1-Gujarati,1 To 5,0,0,TEACHER,,10/31/2027 0:00,In School,,,,,Updated,Mapped
369,MAHESANA,KADI,KARANNAGAR,24040201001,ANAKHOL PRIMARY SCHOOL,10155761,DINESHKUMAR TRIBHOVANBHAI PATEL,Teacher,"1-Environment, 1-Gujarati, 1-Maths",1 To 5,0,0,TEACHER,,6/30/2026 0:00,In School,,,,,Updated,Mapped
370,MAHESANA,KADI,KARANNAGAR,24040201001,ANAKHOL PRIMARY SCHOOL,10158483,ILABEN CHANDUBHAI PATEL,Teacher,3-Maths,1 To 5,0,0,TEACHER,,8/31/2039 0:00,In School,,,,,Updated,Mapped
371,MAHESANA,KADI,KARANNAGAR,24040201001,ANAKHOL PRIMARY SCHOOL,10158478,MAMTABEN BALDEVBHAI PATEL,Teacher,"2-Gujarati, 2-Maths",1 To 5,0,0,TEACHER,,9/30/2034 0:00,In School,,,,,Updated,Mapped
372,MAHESANA,KADI,KARANNAGAR,24040201001,ANAKHOL PRIMARY SCHOOL,10158487,PUNITKUMAR FULAJIBHAI PATEL,Teacher,"6-Sanskrit, 6-Social Science, 7-Hindi, 7-Sanskrit, 7-Social Science, 8-English, 8-Social Science",6 To 8, Social-Science,0,TEACHER,Option,10/31/2038 0:00,In School,,,,,Updated,Mapped
373,MAHESANA,KADI,KARANNAGAR,24040201001,ANAKHOL PRIMARY SCHOOL,10158485,SHITALBEN RAMESHBHAI PATEL,Teacher,"6-Gujarati, 6-Hindi, 7-English, 7-Gujarati, 8-Gujarati, 8-Hindi",6 To 8, Language,Gujarati,TEACHER,Option,11/30/2039 0:00,In School,,,,,Updated,Mapped
374,MAHESANA,KADI,KARANNAGAR,24040201001,ANAKHOL PRIMARY SCHOOL,10158484,SONALBEN PRAHALADBHAI PATEL,Teacher,"6-Maths, 6-Science and Technology, 7-Maths, 7-Science and Technology, 8-Maths, 8-Science and Technology",6 To 8, Maths-Science,0,TEACHER,Direct Recruitment,8/31/2046 0:00,In School,,,,,Updated,Mapped
375,MAHESANA,KADI,KARANNAGAR,24040201001,ANAKHOL PRIMARY SCHOOL,10158330,VARSHABEN PARSHOTTAMVAN GOSWAMI,Teacher,"3-Environment, 3-Gujarati, 4-Environment, 4-Gujarati, 5-Environment, 5-Gujarati, 5-Hindi",1 To 5,0,0,TEACHER,,3/31/2032 0:00,In School,,,,,Updated,Mapped
376,MAHESANA,KADI,KARANNAGAR,24040202001,BUDASAN PRIMARY SCHOOL,10016642,AMITKUMAR JYANTIBHAI PATEL,Teacher,"6-Hindi, 7-Gujarati, 7-Hindi, 8-Hindi",6 To 8, Language,Hindi,TEACHER,Direct Recruitment,1/31/2043 0:00,In School,,,,,Updated,Mapped
377,MAHESANA,KADI,KARANNAGAR,24040202001,BUDASAN PRIMARY SCHOOL,10063959,BHARATKUMAR BABUJI THAKOR,Teacher,"3-Gujarati, 4-Environment, 5-English",1 To 5,0,0,TEACHER,,5/31/2034 0:00,In School,,,,,Updated,Mapped
378,MAHESANA,KADI,KARANNAGAR,24040202001,BUDASAN PRIMARY SCHOOL,10158564,BHAVANABEN BHAGAVATPRASAD PANDYA,Teacher,"3-Maths, 5-Gujarati",1 To 5,0,0,TEACHER,,4/30/2032 0:00,In School,,,,,Updated,Mapped
379,MAHESANA,KADI,KARANNAGAR,24040202001,BUDASAN PRIMARY SCHOOL,10093001,JAYABEN AMBALAL PRAJAPATI,Teacher,"3-Environment, 5-English, 5-Maths",1 To 5,0,0,TEACHER,,3/31/2042 0:00,In School,,,,,Updated,Mapped
380,MAHESANA,KADI,KARANNAGAR,24040202001,BUDASAN PRIMARY SCHOOL,10158571,JAYESHKUMAR BHIKHABHAI PARMAR,Principal (HTAT),8-Sanskrit,6 To 8, Social-Science,0,HEAD TEACHER (HTAT),Option,8/31/2038 0:00,In School,,,,,Updated,Mapped
381,MAHESANA,KADI,KARANNAGAR,24040202001,BUDASAN PRIMARY SCHOOL,10158573,JIGNESHKUMAR ASHWINBHAI VORA,Teacher,"6-Social Science, 7-Sanskrit, 7-Social Science, 8-Social Science",6 To 8, Social-Science,0,TEACHER,Option,12/31/2038 0:00,In School,,,,,Updated,Mapped
382,MAHESANA,KADI,KARANNAGAR,24040202001,BUDASAN PRIMARY SCHOOL,10158568,KAILASHBEN GIRISHBHAI PATEL,Teacher,"3-Environment, 4-Maths, 5-Environment",1 To 5,0,0,TEACHER,,6/30/2034 0:00,In School,,,,,Updated,Mapped
383,MAHESANA,KADI,KARANNAGAR,24040202001,BUDASAN PRIMARY SCHOOL,10201120,MAHESHKUMAR RASIKLAL PATEL,Teacher,"6-Science and Technology, 7-Maths, 8-Maths",6 To 8, Maths-Science,0,TEACHER,Direct Recruitment,10/31/2043 0:00,In School,,,,,Updated,Mapped
384,MAHESANA,KADI,KARANNAGAR,24040202001,BUDASAN PRIMARY SCHOOL,10058450,MANJULABEN HEMABHAI MAKAVANA,Teacher,"1-Environment, 1-Gujarati, 1-Maths, 1-Special Education, 1-Sports",1 To 5,0,0,TEACHER,,2/29/2028 0:00,In School,,,,,Updated,Mapped
385,MAHESANA,KADI,KARANNAGAR,24040202001,BUDASAN PRIMARY SCHOOL,10029485,NATVARBHAI KESHAVLAL SOLANKI,Teacher,"4-Gujarati, 5-Gujarati, 5-Hindi",1 To 5,0,0,TEACHER,,10/31/2027 0:00,In School,,,,,Updated,Mapped
386,MAHESANA,KADI,KARANNAGAR,24040202001,BUDASAN PRIMARY SCHOOL,10158566,PARULBEN VINUBHAI PATEL,Teacher,"6-Gujarati, 7-Gujarati, 8-Gujarati",6 To 8, Language,Gujarati,TEACHER,Option,5/31/2042 0:00,In School,,,,,Updated,Mapped
387,MAHESANA,KADI,KARANNAGAR,24040202001,BUDASAN PRIMARY SCHOOL,10158562,RAMILABEN SOMABHAI PRAJAPATI,Teacher,"15-Environment, 15-Gujarati, 15-Maths",1 To 5,0,Gujarati,TEACHER,,6/30/2026 0:00,In School,,,,,Updated,Mapped
388,MAHESANA,KADI,KARANNAGAR,24040202001,BUDASAN PRIMARY SCHOOL,10158560,RINABEN RAMESHCHANDRA THAKAR,Teacher,"2-Environment, 2-Gujarati, 2-Maths, 2-Special Education, 2-Sports",1 To 5,0,0,TEACHER,,7/31/2032 0:00,In School,,,,,Updated,Mapped
389,MAHESANA,KADI,KARANNAGAR,24040202001,BUDASAN PRIMARY SCHOOL,10158572,SANJAYKUMAR VINUBHAI PARMAR,Teacher,"6-Maths, 7-Science and Technology, 8-Science and Technology",6 To 8, Maths-Science,0,TEACHER,Direct Recruitment,7/31/2046 0:00,In School,,,,,Updated,Mapped
390,MAHESANA,KADI,KARANNAGAR,24040202001,BUDASAN PRIMARY SCHOOL,10158570,TRUPTIBEN PURUSHOTTAMBHAI ACHARYA,Teacher,"6-English, 6-Sanskrit, 7-English, 8-English",6 To 8, Language,English,TEACHER,Direct Recruitment,5/31/2045 0:00,In School,,,,,Updated,Mapped
391,MAHESANA,KADI,KARANNAGAR,24040205001,IRANA PRIMARY SCHOOL,10155797,CHARULBEN BHIKHABHAI PATEL,Teacher,"6-Science and Technology, 7-Maths, 8-Science and Technology",6 To 8, Maths-Science,0,TEACHER,Direct Recruitment,8/31/2047 0:00,In School,,,,,Updated,Mapped
392,MAHESANA,KADI,KARANNAGAR,24040205001,IRANA PRIMARY SCHOOL,10056641,GOVINDBHAI DASHRATHBHAI NAYI,Teacher,"4-Maths, 5-English, 5-Environment",1 To 5,0,0,TEACHER,,2/28/2037 0:00,In School,,,,,Updated,Mapped
393,MAHESANA,KADI,KARANNAGAR,24040205001,IRANA PRIMARY SCHOOL,10155782,HANSHABEN PRABHATBHAI DESAI,Teacher,"6-Gujarati, 6-Special Education, 6-Sports, 7-Gujarati, 8-Hindi",6 To 8, Language,Sanskrit,TEACHER,Option,10/31/2033 0:00,In School,,,,,Updated,Mapped
394,MAHESANA,KADI,KARANNAGAR,24040205001,IRANA PRIMARY SCHOOL,10184290,HASMUKHBHAI ATMARAM PARMAR,Teacher,"3-Gujarati, 5-Gujarati",1 To 5,0,0,TEACHER,,11/27/2036 0:00,In School,,,,,Updated,Mapped
395,MAHESANA,KADI,KARANNAGAR,24040205001,IRANA PRIMARY SCHOOL,10093004,JAGRUTIBEN BABABHAI PARMAR,Teacher,"15-Environment, 15-Gujarati, 15-Maths",1 To 5,0,0,TEACHER,,11/30/2039 0:00,In School,,,,,Updated,Mapped
396,MAHESANA,KADI,KARANNAGAR,24040205001,IRANA PRIMARY SCHOOL,10155794,JIGNABEN BABULAL PARAMAR,Teacher,"6-English, 6-Special Education, 6-Sports, 7-Hindi, 8-Gujarati",6 To 8, Language,English,TEACHER,Direct Recruitment,7/31/2045 0:00,In School,,,,,Updated,Mapped
397,MAHESANA,KADI,KARANNAGAR,24040205001,IRANA PRIMARY SCHOOL,10081109,KOMALBEN DINESHKUMAR SOLANKI,Teacher,"2-Environment, 2-Gujarati, 2-Maths, 2-Special Education, 2-Sports",1 To 5,0,0,TEACHER,,1/30/2046 0:00,In School,,,,,Updated,Mapped
398,MAHESANA,KADI,KARANNAGAR,24040205001,IRANA PRIMARY SCHOOL,10158427,PANKITABEN JYANTILAL PATEL,Teacher,"6-Social Science, 7-Social Science, 8-Social Science",6 To 8, Social-Science,0,TEACHER,Option,6/30/2043 0:00,In School,,,,,Updated,Mapped
399,MAHESANA,KADI,KARANNAGAR,24040205001,IRANA PRIMARY SCHOOL,10155785,RAMESHBHAI RATILAL PATEL,Teacher,"1-Environment, 1-Maths, 1-Special Education, 1-Sports",1 To 5,0,0,TEACHER,,9/11/2027 0:00,In School,,,,,Updated,Mapped
400,MAHESANA,KADI,KARANNAGAR,24040205001,IRANA PRIMARY SCHOOL,10087186,RASHMIKANT BALDEVBHAI PARMAR,Teacher,"6-Maths, 7-Science and Technology, 8-Maths",6 To 8, Maths-Science,Gujarati,TEACHER,Direct Recruitment,10/31/2036 0:00,In School,,,,,Updated,Mapped
401,MAHESANA,KADI,KARANNAGAR,24040205001,IRANA PRIMARY SCHOOL,10024614,REENABEN MANGALBHAI OZA,Teacher,"6-Hindi, 7-English, 7-Special Education, 7-Sports, 8-English",6 To 8, Language,English,TEACHER,Option,5/31/2045 0:00,In School,,,,,Updated,Mapped
402,MAHESANA,KADI,KARANNAGAR,24040205001,IRANA PRIMARY SCHOOL,10155795,SHARMILABEN RASIKBHAI PATEL,Principal (HTAT),"6-Sanskrit, 7-Sanskrit, 8-Sanskrit",HTAT,0,0,HEAD TEACHER (HTAT),,4/30/2043 0:00,In School,,,,,Updated,Mapped
403,MAHESANA,KADI,KARANNAGAR,24040205001,IRANA PRIMARY SCHOOL,10158530,SNEHALBEN AMRUTLAL PRAJAPATI,Teacher,"3-Maths, 5-Maths",1 To 5,0,0,TEACHER,,4/30/2043 0:00,In School,,,,,Updated,Mapped
404,MAHESANA,KADI,KARANNAGAR,24040205001,IRANA PRIMARY SCHOOL,10155790,VIJAYKUMAR DASHARATHBHAI DESAI,Teacher,"3-Environment, 3-Environment, 4-Environment, 4-Gujarati, 4-Hindi, 4-Hindi, 5-Gujarati, 5-Gujarati, 5-Hindi, 5-Hindi, 5-Special Education, 5-Sports",1 To 5,0,0,TEACHER,,12/31/2040 0:00,In School,,,,,Updated,Mapped
405,MAHESANA,KADI,KARANNAGAR,24040207101,KARANNAGAR PRIMARY SCHOOL,11443333,BHARATIBEN BHIKHAJI THAKOR,Khel Sahayak,"1-Sports, 1-Sports, 2-Sports, 3-Sports, 3-Sports, 4-Sports, 4-Sports, 5-Sports, 5-Sports, 6-Sports, 6-Sports, 7-Sports, 7-Sports, 8-Sports, 8-Sports",6 To 8, Language,Hindi,TEACHER,Other,5/7/2027 0:00,In School,,,,,Updated,Mapped
406,MAHESANA,KADI,KARANNAGAR,24040207101,KARANNAGAR PRIMARY SCHOOL,10158323,DAXABEN DOLATRAM PATIDAR,Teacher,"6-Hindi, 7-Hindi, 7-Hindi, 7-Hindi, 7-Special Education, 7-Special Education",6 To 8, Language,Hindi,TEACHER,Option,6/30/2032 0:00,In School,,,,,Updated,Mapped
407,MAHESANA,KADI,KARANNAGAR,24040207101,KARANNAGAR PRIMARY SCHOOL,10158329,DAXABEN MAFATLAL PATEL,Teacher,"1-Gujarati, 1-Maths, 1-Sports",1 To 5,0,0,TEACHER,,3/3/2034 0:00,In School,,,,,Updated,Mapped
408,MAHESANA,KADI,KARANNAGAR,24040207101,KARANNAGAR PRIMARY SCHOOL,10158334,DILIPKUMAR PRABHUBHAI PATEL,Teacher,"3-Environment, 4-Maths, 5-Hindi, 5-Maths",1 To 5,0,0,TEACHER,,10/31/2033 0:00,In School,,,,,Updated,Mapped
409,MAHESANA,KADI,KARANNAGAR,24040207101,KARANNAGAR PRIMARY SCHOOL,10158333,GAUTAMKUMAR SOMABHAI PATEL,Teacher,"3-Maths, 5-Environment, 5-Gujarati",1 To 5,0,0,TEACHER,,11/30/2037 0:00,In School,,,,,Updated,Mapped
410,MAHESANA,KADI,KARANNAGAR,24040207101,KARANNAGAR PRIMARY SCHOOL,10158324,HANSABEN RATILALBHAI PATEL,Teacher,"3-Gujarati, 4-Gujarati, 5-English, 5-Environment",1 To 5,0,0,TEACHER,,11/30/2035 0:00,In School,,,,,Updated,Mapped
411,MAHESANA,KADI,KARANNAGAR,24040207101,KARANNAGAR PRIMARY SCHOOL,10158322,KRUTIBEN ANIRUDDH KUMAR VYAS,Teacher,"6-English, 7-English, 8-English",6 To 8, Language,English,TEACHER,Option,6/30/2043 0:00,In School,,,,,Updated,Mapped
412,MAHESANA,KADI,KARANNAGAR,24040207101,KARANNAGAR PRIMARY SCHOOL,10158327,LINIYAN BEN BABULAL VADAVIYA,Principal (HTAT),"6-Special Education, 7-Special Education, 8-Special Education",HTAT, Maths-Science,0,HEAD TEACHER (HTAT),Direct Recruitment,9/24/2041 0:00,In School,,,,,Updated,Mapped
413,MAHESANA,KADI,KARANNAGAR,24040207101,KARANNAGAR PRIMARY SCHOOL,10158336,MAHESHKUMAR NATVARLAL MODI,Teacher,"2-Gujarati, 2-Maths, 2-Sports",1 To 5,0,0,TEACHER,,10/31/2034 0:00,In School,,,,,Updated,Mapped
414,MAHESANA,KADI,KARANNAGAR,24040207101,KARANNAGAR PRIMARY SCHOOL,10145076,NILAMKUMARI KARANSINH CHAVADA,Teacher,"3-Environment, 3-Gujarati, 5-English, 5-Gujarati",1 To 5,0,0,TEACHER,,7/22/2043 0:00,In School,,,,,Updated,Mapped
415,MAHESANA,KADI,KARANNAGAR,24040207101,KARANNAGAR PRIMARY SCHOOL,11657159,PRIYALBEN DINESHBHAI PATEL,Gyan Sahayak,"3-Maths, 4-Environment, 5-Hindi, 5-Maths",1 To 5,0,0,TEACHER,,5/21/2027 0:00,In School,,,,,Updated,Mapped
416,MAHESANA,KADI,KARANNAGAR,24040207101,KARANNAGAR PRIMARY SCHOOL,10151887,ROHANKUMAR AMRUTLAL PATEL,Teacher,"6-Science and Technology, 7-Maths, 7-Maths, 8-Science and Technology, 8-Science and Technology",6 To 8, Maths-Science,Gujarati,TEACHER,Direct Recruitment,6/30/2040 0:00,In School,,,,,Updated,Mapped
417,MAHESANA,KADI,KARANNAGAR,24040207101,KARANNAGAR PRIMARY SCHOOL,10158534,ROSHANI BHARATBHAI PATEL,Teacher,"6-Gujarati, 7-Gujarati, 8-Gujarati",6 To 8, Language,Gujarati,TEACHER,Option,5/31/2045 0:00,In School,,,,,Updated,Mapped
418,MAHESANA,KADI,KARANNAGAR,24040207101,KARANNAGAR PRIMARY SCHOOL,10158321,RUPALBEN SEVANTIBHAI BHAVSAR,Teacher,"6-Maths, 7-Maths, 8-Maths",6 To 8, Maths-Science,0,TEACHER,Direct Recruitment,6/30/2039 0:00,In School,,,,,Updated,Mapped
419,MAHESANA,KADI,KARANNAGAR,24040207101,KARANNAGAR PRIMARY SCHOOL,10158325,SMITABEN RAMESHCHANDRA SHRIMALI,Teacher,"6-Social Science, 6-Social Science, 7-Social Science",6 To 8, Social-Science,0,TEACHER,Option,5/31/2036 0:00,In School,,,,,Updated,Mapped
420,MAHESANA,KADI,KARANNAGAR,24040207101,KARANNAGAR PRIMARY SCHOOL,10209938,UNNATI KANUBHAI PATEL,Teacher,"1-Gujarati, 1-Maths, 1-Sports",1 To 5,0,0,TEACHER,,7/31/2046 0:00,In School,,,,,Updated,Mapped
421,MAHESANA,KADI,KARANNAGAR,24040207101,KARANNAGAR PRIMARY SCHOOL,10158533,USHABEN BALDEVBHAI PATEL,Teacher,"7-Social Science, 8-Social Science",6 To 8, Social-Science,0,TEACHER,Direct Recruitment,8/31/2042 0:00,In School,,,,,Updated,Mapped
422,MAHESANA,KADI,KARANNAGAR,24040207101,KARANNAGAR PRIMARY SCHOOL,10158335,VIBHUTIBEN MANUBHAI PATEL,Teacher,"15-Gujarati, 15-Maths",1 To 5,0,0,TEACHER,,2/28/2043 0:00,In School,,,,,Updated,Mapped
423,MAHESANA,KADI,KARANNAGAR,24040208601,LUNASAN PRIMARY SCHOOL,10095545,CHANDRAKANT KESHAVLAL SOLANKI,Teacher,5-Maths,1 To 5,0,0,TEACHER,,10/31/2031 0:00,In School,,,,,Updated,Mapped
424,MAHESANA,KADI,KARANNAGAR,24040208601,LUNASAN PRIMARY SCHOOL,10152002,JAYSHREEBAHEN HASMUKHBHAI MODI,Teacher,"6-Hindi, 6-Hindi, 6-Social Science, 6-Social Science, 7-Social Science, 8-Social Science",6 To 8, Social-Science,Hindi,TEACHER,Option,10/31/2038 0:00,In School,,,,,Updated,Mapped
425,MAHESANA,KADI,KARANNAGAR,24040208601,LUNASAN PRIMARY SCHOOL,10152001,KAPILABAHEN NARANBHAI PATEL,Principal (HTAT),"6-Sanskrit, 7-Sanskrit, 8-Sanskrit, 8-Sanskrit",1 To 5,0,0,HEAD TEACHER (HTAT),,10/31/2037 0:00,In School,,,,,Updated,Mapped
426,MAHESANA,KADI,KARANNAGAR,24040208601,LUNASAN PRIMARY SCHOOL,10152065,NIKITABEN PRAMODRAY KOTADIYA,Teacher,"6-Gujarati, 6-Gujarati, 6-Science and Technology, 6-Science and Technology, 7-Gujarati, 7-Hindi, 8-Gujarati",6 To 8, Language,English,TEACHER,Option,10/31/2048 0:00,In School,,,,,Updated,Mapped
427,MAHESANA,KADI,KARANNAGAR,24040208601,LUNASAN PRIMARY SCHOOL,10151999,PINA PRAVINCHANDRA AGAJA,Teacher,"6-Maths, 6-Maths, 7-Maths, 7-Science and Technology, 8-Maths, 8-Science and Technology",6 To 8, Maths-Science,0,TEACHER,Direct Recruitment,10/31/2040 0:00,In School,,,,,Updated,Mapped
428,MAHESANA,KADI,KARANNAGAR,24040208601,LUNASAN PRIMARY SCHOOL,10151996,PRAVINABEN MAFATLAL PRAJAPATI,Teacher,"4-Hindi, 5-English, 5-English, 5-Hindi, 5-Hindi",1 To 5,0,0,TEACHER,,5/31/2038 0:00,In School,,,,,Updated,Mapped
429,MAHESANA,KADI,KARANNAGAR,24040208601,LUNASAN PRIMARY SCHOOL,10151983,REKHABEN KANTILAL PARMAR,Teacher,4-Environment,1 To 5,0,0,TEACHER,,10/31/2041 0:00,In School,,,,,Updated,Mapped
430,MAHESANA,KADI,KARANNAGAR,24040208601,LUNASAN PRIMARY SCHOOL,10151997,RINABEN RATILAL PANCHAL,Teacher,"15-Environment, 15-Gujarati, 15-Maths",1 To 5,0,0,TEACHER,,5/31/2041 0:00,In School,,,,,Updated,Mapped
431,MAHESANA,KADI,KARANNAGAR,24040208601,LUNASAN PRIMARY SCHOOL,10152003,SONALBEN BABUBHAI AGJA,Teacher,"6-English, 6-English, 7-English, 8-English, 8-Hindi",6 To 8, Language,English,TEACHER,Option,5/31/2039 0:00,In School,,,,,Updated,Mapped
432,MAHESANA,KADI,KARANNAGAR,24040208601,LUNASAN PRIMARY SCHOOL,10151995,TRUPTIBEN JYESHTHABHAI MEHTA,Teacher,"1-Environment, 1-Gujarati, 1-Maths, 2-Environment, 2-Gujarati, 2-Maths",1 To 5,0,0,TEACHER,,10/31/2035 0:00,In School,,,,,Updated,Mapped
433,MAHESANA,KADI,KARANNAGAR,24040208601,LUNASAN PRIMARY SCHOOL,10151998,VINODBHAI SOMABHAI PARMAR,Teacher,"3-Maths, 4-Maths, 5-Maths, 5-Maths",1 To 5,0,0,TEACHER,,5/31/2037 0:00,In School,,,,,Updated,Mapped
434,MAHESANA,KADI,KARANNAGAR,24040200201,PM SHRI ACHARASAN PRIMARY SCHOOL GOG,10158412,ANILBHAI PASHABHAI RAVAL,Teacher,"6-Gujarati, 7-Gujarati, 7-Sanskrit, 8-Gujarati, 8-Sanskrit",6 To 8, Language,Gujarati,TEACHER,Direct Recruitment,12/31/2044 0:00,In School,,,,,Updated,Mapped
435,MAHESANA,KADI,KARANNAGAR,24040200201,PM SHRI ACHARASAN PRIMARY SCHOOL GOG,10158414,JAYESHKUMAR JIVABHAI PRAJAPATI,Teacher,"6-Sanskrit, 6-Science and Technology, 6-Social Science, 7-Social Science, 8-Social Science",6 To 8, Social-Science,0,TEACHER,Option,8/31/2038 0:00,In School,,,,,Updated,Mapped
436,MAHESANA,KADI,KARANNAGAR,24040200201,PM SHRI ACHARASAN PRIMARY SCHOOL GOG,10158413,JIGNESH KANAIYALAL PATEL,Teacher,"6-Maths, 7-Maths, 7-Science and Technology, 8-Maths, 8-Science and Technology",6 To 8, Maths-Science,Gujarati,TEACHER,Direct Recruitment,3/31/2043 0:00,In School,,,,,Updated,Mapped
437,MAHESANA,KADI,KARANNAGAR,24040200201,PM SHRI ACHARASAN PRIMARY SCHOOL GOG,10158408,KETANKUMAR PRAVINLAL PANCHAL,Teacher,"3-Maths, 4-Maths, 5-Hindi, 5-Maths",1 To 5,0,0,TEACHER,,5/31/2034 0:00,In School,,,,,Updated,Mapped
438,MAHESANA,KADI,KARANNAGAR,24040200201,PM SHRI ACHARASAN PRIMARY SCHOOL GOG,10191216,KOKILABEN BALADEVBHAI SUTHAR,Teacher,"6-English, 6-Hindi, 7-English, 7-Hindi, 8-Hindi",6 To 8, Language,Gujarati,TEACHER,Direct Recruitment,6/30/2034 0:00,In School,,,,,Updated,Mapped
439,MAHESANA,KADI,KARANNAGAR,24040200201,PM SHRI ACHARASAN PRIMARY SCHOOL GOG,10158407,MEENABEN MAGANBHAI PATEL,Teacher,"1-Environment, 1-Gujarati, 1-Maths",1 To 5,0,0,TEACHER,,5/31/2035 0:00,In School,,,,,Updated,Mapped
440,MAHESANA,KADI,KARANNAGAR,24040200201,PM SHRI ACHARASAN PRIMARY SCHOOL GOG,10158404,MINESHKUMAR JAYANTILAL PATEL,Teacher,"3-Environment, 4-Environment, 5-Environment, 5-Hindi",1 To 5,0,0,TEACHER,,1/31/2032 0:00,In School,,,,,Updated,Mapped
441,MAHESANA,KADI,KARANNAGAR,24040200201,PM SHRI ACHARASAN PRIMARY SCHOOL GOG,10158405,NAYANABEN DASHARATHBHAI PATEL,Teacher,"15-Environment, 15-Gujarati, 15-Maths",1 To 5,0,0,TEACHER,,3/15/2032 0:00,In School,,,,,Updated,Mapped
442,MAHESANA,KADI,KARANNAGAR,24040200201,PM SHRI ACHARASAN PRIMARY SCHOOL GOG,10158406,PANKAJ KUMAR PATIL,Principal (HTAT),8-English,6 To 8, Language,Gujarati,HEAD TEACHER (HTAT),Direct Recruitment,2/28/2041 0:00,In School,,,,,Updated,Mapped
443,MAHESANA,KADI,KARANNAGAR,24040200201,PM SHRI ACHARASAN PRIMARY SCHOOL GOG,10155789,POPATJI BHAVANJI THAKOR,Teacher,"3-Gujarati, 5-English, 5-Gujarati",1 To 5,0,0,TEACHER,,6/30/2032 0:00,In School,,,,,Updated,Mapped
444,MAHESANA,KADI,KARANNAGAR,24040200201,PM SHRI ACHARASAN PRIMARY SCHOOL GOG,10158410,SANGITABEN POPATBHAI PATEL,Teacher,"2-Environment, 2-Gujarati, 2-Maths",1 To 5,0,0,TEACHER,,6/30/2034 0:00,In School,,,,,Updated,Mapped
445,MAHESANA,KADI,KARANNAGAR,24040204901,PM SHRI INDRAD PRIMARY SCHOOL GOG,10155778,ASHABEN DHANJIBHAI MAHERIYA,Teacher,"6-Sanskrit, 6-Social Science, 6-Social Science, 6-Social Science",6 To 8, Social-Science,0,TEACHER,Direct Recruitment,12/31/2035 0:00,In School,,,,,Updated,Mapped
446,MAHESANA,KADI,KARANNAGAR,24040204901,PM SHRI INDRAD PRIMARY SCHOOL GOG,10155768,DARSHNIKABEN BHALCHANDRA RAVAL,Teacher,"15-Environment, 15-Gujarati, 15-Maths",1 To 5,0,0,TEACHER,,5/30/2040 0:00,In School,,,,,Updated,Mapped
447,MAHESANA,KADI,KARANNAGAR,24040204901,PM SHRI INDRAD PRIMARY SCHOOL GOG,10151910,DILIPGIRI SOMGIRI GOSWAMI,Teacher,"2-Environment, 2-Gujarati, 2-Maths",1 To 5,0,0,TEACHER,,10/31/2026 0:00,In School,,,,,Updated,Mapped
448,MAHESANA,KADI,KARANNAGAR,24040204901,PM SHRI INDRAD PRIMARY SCHOOL GOG,10155770,HINABEN KANAIYALAL SONI,Teacher,"15-Environment, 15-Gujarati, 15-Maths",1 To 5,0,0,TEACHER,,10/31/2038 0:00,In School,,,,,Updated,Mapped
449,MAHESANA,KADI,KARANNAGAR,24040204901,PM SHRI INDRAD PRIMARY SCHOOL GOG,10155779,HIRAL RAGHAVJIBHAI MANGUKIYA,Teacher,"7-Maths, 7-Maths, 7-Maths, 7-Science and Technology, 8-Science and Technology, 8-Science and Technology, 8-Science and Technology",6 To 8, Maths-Science,0,TEACHER,Direct Recruitment,8/31/2044 0:00,In School,,,,,Updated,Mapped
450,MAHESANA,KADI,KARANNAGAR,24040204901,PM SHRI INDRAD PRIMARY SCHOOL GOG,10202922,HIRALKUMARI DINESHCHANDRA SOLANKI,Teacher,"6-Hindi, 6-Hindi, 6-Sanskrit, 6-Sanskrit, 7-Hindi, 7-Hindi, 7-Sanskrit, 7-Sanskrit, 8-Hindi, 8-Hindi, 8-Sanskrit, 8-Sanskrit",6 To 8, Language,Gujarati,TEACHER,Direct Recruitment,5/31/2042 0:00,In School,,,,,Updated,Mapped
451,MAHESANA,KADI,KARANNAGAR,24040204901,PM SHRI INDRAD PRIMARY SCHOOL GOG,10194640,JAGDISHKUMAR NATVARLAL PURANI,Teacher,"1-Environment, 1-Gujarati, 1-Maths, 2-Environment, 2-Gujarati, 2-Maths",1 To 5,0,0,TEACHER,,8/31/2038 0:00,In School,,,,,Updated,Mapped
452,MAHESANA,KADI,KARANNAGAR,24040204901,PM SHRI INDRAD PRIMARY SCHOOL GOG,10145073,JAYDIPSINH FULSINH RATHOD,Teacher,"3-Environment, 4-Environment, 5-English, 5-Environment",1 To 5,0,0,TEACHER,,6/30/2041 0:00,In School,,,,,Updated,Mapped
453,MAHESANA,KADI,KARANNAGAR,24040204901,PM SHRI INDRAD PRIMARY SCHOOL GOG,10155774,JIGISHABEN GANAPATBHAI PATEL,Teacher,"1-Environment, 1-Gujarati, 1-Maths, 3-Maths",1 To 5,0,0,TEACHER,,9/30/2039 0:00,In School,,,,,Updated,Mapped
454,MAHESANA,KADI,KARANNAGAR,24040204901,PM SHRI INDRAD PRIMARY SCHOOL GOG,10155759,JITENDRAKUMAR NARANDAS PATEL,Teacher,"4-Environment, 4-Hindi, 4-Maths, 4-Maths",1 To 5,0,0,TEACHER,,6/30/2028 0:00,In School,,,,,Updated,Mapped
455,MAHESANA,KADI,KARANNAGAR,24040204901,PM SHRI INDRAD PRIMARY SCHOOL GOG,10155780,KOMALBEN VIJAYKUMAR KAPADIYA,Teacher,"7-English, 7-English, 7-English, 8-Gujarati, 8-Gujarati, 8-Hindi, 8-Sanskrit",6 To 8, Language,English,TEACHER,Direct Recruitment,1/31/2047 0:00,In School,,,,,Updated,Mapped
456,MAHESANA,KADI,KARANNAGAR,24040204901,PM SHRI INDRAD PRIMARY SCHOOL GOG,10155775,MEHULKUMAR KARSHANBHAI SUMESARA,Teacher,"1-Environment, 1-Gujarati, 1-Maths",1 To 5,0,0,TEACHER,,10/31/2036 0:00,In School,,,,,Updated,Mapped
457,MAHESANA,KADI,KARANNAGAR,24040204901,PM SHRI INDRAD PRIMARY SCHOOL GOG,10155763,NITABEN MANEKLAL PATEL,Teacher,"6-Hindi, 6-Hindi, 6-Hindi, 7-Gujarati, 7-Gujarati, 7-Gujarati, 7-Sanskrit",6 To 8, Language,Gujarati,TEACHER,Option,10/31/2034 0:00,In School,,,,,Updated,Mapped
458,MAHESANA,KADI,KARANNAGAR,24040204901,PM SHRI INDRAD PRIMARY SCHOOL GOG,10158505,PINALBEN BALDEVBHAI PATEL,Teacher,"3-Gujarati, 3-Gujarati, 3-Gujarati",1 To 5,0,0,TEACHER,,4/30/2040 0:00,In School,,,,,Updated,Mapped
459,MAHESANA,KADI,KARANNAGAR,24040204901,PM SHRI INDRAD PRIMARY SCHOOL GOG,10155776,PRADIPKUMAR HASMUKHBHAI PATEL,Teacher,"6-Science and Technology, 6-Science and Technology, 6-Science and Technology, 8-Maths, 8-Maths, 8-Maths",6 To 8, Maths-Science,0,TEACHER,Direct Recruitment,11/30/2046 0:00,In School,,,,,Updated,Mapped
460,MAHESANA,KADI,KARANNAGAR,24040204901,PM SHRI INDRAD PRIMARY SCHOOL GOG,10155765,PRAGNABEN NARSINHBHAI PATEL,Teacher,"6-English, 6-English, 6-English, 6-Sanskrit, 8-English, 8-English, 8-English",6 To 8, Language,English,TEACHER,Option,7/31/2037 0:00,In School,,,,,Updated,Mapped
461,MAHESANA,KADI,KARANNAGAR,24040204901,PM SHRI INDRAD PRIMARY SCHOOL GOG,10155777,PRAGNAKUMARI MANUBHAI PATEL,Teacher,"4-Environment, 4-Environment, 4-Hindi, 4-Maths",1 To 5,0,0,TEACHER,,8/31/2044 0:00,In School,,,,,Updated,Mapped
462,MAHESANA,KADI,KARANNAGAR,24040204901,PM SHRI INDRAD PRIMARY SCHOOL GOG,10080931,PRAJAPATI DHRUVITABEN HIRALAL,Teacher,"5-English, 5-English, 5-Gujarati, 5-Gujarati",1 To 5,0,0,TEACHER,,9/30/2040 0:00,In School,,,,,Updated,Mapped
463,MAHESANA,KADI,KARANNAGAR,24040204901,PM SHRI INDRAD PRIMARY SCHOOL GOG,10084665,RUPALBEN RAMANBHAI SOLANKI,Teacher,"5-Environment, 5-Environment, 5-Maths, 5-Maths",1 To 5,0,0,TEACHER,,9/4/2046 0:00,In School,,,,,Updated,Mapped
464,MAHESANA,KADI,KARANNAGAR,24040204901,PM SHRI INDRAD PRIMARY SCHOOL GOG,10165778,SANDIPSINH DOLATSINH CHAUHAN,Teacher,"3-Maths, 4-Hindi, 4-Maths, 5-English, 5-Hindi, 5-Maths",1 To 5,0,0,TEACHER,,11/13/2041 0:00,In School,,,,,Updated,Mapped
465,MAHESANA,KADI,KARANNAGAR,24040204901,PM SHRI INDRAD PRIMARY SCHOOL GOG,10155771,SHAKUNTALABAHEN PRABHUDAS PRAJAPATI,Teacher,"4-Gujarati, 4-Gujarati, 4-Gujarati, 4-Hindi",1 To 5,0,0,TEACHER,,5/31/2030 0:00,In School,,,,,Updated,Mapped
466,MAHESANA,KADI,KARANNAGAR,24040204901,PM SHRI INDRAD PRIMARY SCHOOL GOG,10155772,SHILPABEN CHHANABHAI RAVAT,Principal (HTAT),"6-Sanskrit, 7-Sanskrit, 8-Sanskrit",HTAT, Language,Sanskrit,HEAD TEACHER (HTAT),,7/31/2033 0:00,In School,,,,,Updated,Mapped
467,MAHESANA,KADI,KARANNAGAR,24040204901,PM SHRI INDRAD PRIMARY SCHOOL GOG,10155767,SONALBEN ATMARAM PRAJAPATI,Teacher,"6-Social Science, 6-Social Science, 6-Social Science, 8-Sanskrit, 8-Social Science, 8-Social Science, 8-Social Science",6 To 8, Social-Science,0,TEACHER,Option,2/20/2039 0:00,In School,,,,,Updated,Mapped
468,MAHESANA,KADI,KARANNAGAR,24040204901,PM SHRI INDRAD PRIMARY SCHOOL GOG,10155764,SUREKHABEN VIRABHAI PATEL,Teacher,"6-Gujarati, 6-Gujarati, 6-Gujarati, 6-Sanskrit, 7-Hindi, 7-Hindi, 7-Hindi",6 To 8, Language,Gujarati,TEACHER,Option,3/31/2034 0:00,In School,,,,,Updated,Mapped
469,MAHESANA,KADI,KARANNAGAR,24040204901,PM SHRI INDRAD PRIMARY SCHOOL GOG,10154016,VARSHABEN VIRSANGBHAI CHAUDHARI,Teacher,"1-Environment, 1-Gujarati, 1-Maths, 1-Sports, 2-Environment, 2-Gujarati, 2-Maths, 2-Sports, 4-Environment, 4-Gujarati, 4-Hindi, 4-Maths, 5-English, 5-Environment, 5-Gujarati, 5-Hindi, 5-Maths",1 To 5,0,0,TEACHER,,2/3/2040 0:00,In School,,,,,Updated,Mapped
470,MAHESANA,KADI,KARANNAGAR,24040204901,PM SHRI INDRAD PRIMARY SCHOOL GOG,10155769,VINODKUMAR MANGALDAS PAREKH,Teacher,"6-Maths, 6-Maths, 6-Maths, 7-Science and Technology, 7-Science and Technology",6 To 8, Maths-Science,0,TEACHER,Option,4/30/2033 0:00,In School,,,,,Updated,Mapped
471,MAHESANA,KADI,KUNDAL,24040200301,ADUNDARA PRIMARY SCHOOL,10158424,ASHABEN KANTILAL YOGI,Teacher,"1-Environment, 1-Environment, 1-Environment, 1-Gujarati, 1-Gujarati, 1-Gujarati, 1-Maths, 1-Maths, 1-Maths, 1-Special Education, 1-Sports, 1-Sports, 2-Environment, 2-Gujarati, 2-Maths",1 To 5,0,0,TEACHER,,4/30/2038 0:00,In School,,,,,Updated,Mapped
472,MAHESANA,KADI,KUNDAL,24040200301,ADUNDARA PRIMARY SCHOOL,10158422,ASHOKKUMAR AMRUTLAL PRAJAPATI,Teacher,"3-Maths, 3-Maths, 3-Maths, 4-Maths, 4-Maths, 4-Maths, 5-English, 5-English, 5-Maths, 5-Maths, 5-Maths, 5-Special Education, 5-Special Education, 5-Sports, 5-Sports",1 To 5,0,0,TEACHER,,4/30/2042 0:00,In School,,,,,Updated,Mapped
473,MAHESANA,KADI,KUNDAL,24040200301,ADUNDARA PRIMARY SCHOOL,10158415,ASHOKKUMAR VASUDEVBHAI PATEL,Teacher,"15-Environment, 15-Environment, 15-Environment, 15-Gujarati, 15-Gujarati, 15-Gujarati, 15-Maths, 15-Maths, 15-Maths",1 To 5,0,0,TEACHER,,10/31/2026 0:00,In School,,,,,Updated,Mapped
474,MAHESANA,KADI,KUNDAL,24040200301,ADUNDARA PRIMARY SCHOOL,10158420,DHANARAJBHAI KASTURBHAI DANTANI,Teacher,"6-Hindi, 6-Hindi, 6-Social Science, 6-Social Science, 6-Social Science, 7-Hindi, 7-Hindi, 7-Hindi, 7-Social Science, 7-Social Science, 7-Social Science, 7-Special Education, 7-Sports, 8-Hindi, 8-Hindi, 8-Hindi, 8-Social Science, 8-Social Science, 8-Social Science",6 To 8, Social-Science,0,TEACHER,Direct Recruitment,6/30/2045 0:00,In School,,,,,Updated,Mapped
475,MAHESANA,KADI,KUNDAL,24040200301,ADUNDARA PRIMARY SCHOOL,10158418,PRAKASHCHANDRA JAYANTIBHAI VAGHELA,Teacher,"3-Environment, 3-Environment, 3-Environment, 3-Gujarati, 3-Gujarati, 3-Special Education, 3-Special Education, 3-Sports, 3-Sports, 4-Environment, 4-Environment, 4-Environment, 4-Gujarati, 4-Gujarati, 4-Hindi, 4-Hindi, 4-Hindi, 4-Special Education, 4-Special Education, 4-Sports, 4-Sports, 5-Environment, 5-Environment, 5-Environment, 5-Gujarati, 5-Gujarati, 5-Hindi, 5-Hindi, 5-Hindi",1 To 5,0,0,TEACHER,,6/30/2043 0:00,In School,,,,,Updated,Mapped
476,MAHESANA,KADI,KUNDAL,24040200301,ADUNDARA PRIMARY SCHOOL,11671526,PRIYANSHI DHAVAL GOSWAMI,Gyan Sahayak,"6-English, 7-English, 8-English",6 To 8, Language,English,TEACHER,Other,8/31/2052 0:00,In School,,,,,Updated,Mapped
477,MAHESANA,KADI,KUNDAL,24040200301,ADUNDARA PRIMARY SCHOOL,10199879,RANJANBEN BABALDAS PRAJAPATI,Teacher,"2-Environment, 2-Environment, 2-Gujarati, 2-Gujarati, 2-Maths, 2-Maths, 2-Special Education, 2-Sports, 2-Sports, 3-Gujarati, 4-Gujarati, 5-English, 5-Gujarati",1 To 5,0,0,TEACHER,,6/30/2031 0:00,In School,,,,,Updated,Mapped
478,MAHESANA,KADI,KUNDAL,24040200301,ADUNDARA PRIMARY SCHOOL,10213205,SANJAYBHAI MAGANBHAI DESAI,Teacher,"6-Maths, 6-Maths, 6-Maths, 6-Science and Technology, 6-Science and Technology, 6-Science and Technology, 7-Maths, 7-Maths, 7-Maths, 7-Science and Technology, 7-Science and Technology, 7-Science and Technology, 8-Maths, 8-Maths, 8-Maths, 8-Science and Technology, 8-Science and Technology, 8-Science and Technology",6 To 8, Maths-Science,0,TEACHER,Direct Recruitment,5/31/2051 0:00,In School,,,,,Updated,Mapped
479,MAHESANA,KADI,KUNDAL,24040200301,ADUNDARA PRIMARY SCHOOL,10158421,SANJAYKUMAR SHANKARBHAI CHAUDHARI,Teacher,"6-English, 6-English, 6-English, 6-Gujarati, 6-Gujarati, 6-Gujarati, 6-Hindi, 6-Sanskrit, 6-Sanskrit, 7-English, 7-English, 7-English, 7-Gujarati, 7-Gujarati, 7-Gujarati, 8-English, 8-English, 8-English, 8-Gujarati, 8-Gujarati, 8-Gujarati, 8-Sanskrit, 8-Special Education, 8-Sports",6 To 8, Language,Gujarati,TEACHER,Direct Recruitment,12/31/2043 0:00,In School,,,,,Updated,Mapped
480,MAHESANA,KADI,KUNDAL,24040200301,ADUNDARA PRIMARY SCHOOL,10095534,SHARADKUMAR RATILAL SHRIMALI,Principal (HTAT),"6-Sanskrit, 6-Sanskrit, 7-Sanskrit, 7-Sanskrit, 7-Sanskrit, 8-Sanskrit",1 To 5,0,0,HEAD TEACHER (HTAT),,3/31/2042 0:00,In School,,,,,Updated,Mapped
481,MAHESANA,KADI,KUNDAL,24040200501,ALDESAN PRIMARY SCHOOL,10155609,AARTIBEN KALABHAI MESARIYA,Teacher,"1-Environment, 1-Gujarati, 1-Maths, 1-Special Education, 1-Sports, 3-Gujarati, 4-Gujarati, 5-English, 5-Gujarati",1 To 5,0,0,TEACHER,,6/30/2041 0:00,In School,,,,,Updated,Mapped
482,MAHESANA,KADI,KUNDAL,24040200501,ALDESAN PRIMARY SCHOOL,10158451,ASHABEN GOVINDBHAI PATEL,Teacher,"6-Maths, 6-Maths, 6-Maths, 6-Science and Technology, 7-Maths, 7-Maths, 7-Science and Technology, 7-Science and Technology, 7-Special Education, 7-Sports, 8-Maths, 8-Maths, 8-Maths, 8-Science and Technology",6 To 8, Maths-Science,0,TEACHER,Direct Recruitment,2/28/2047 0:00,In School,,,,,Updated,Mapped
483,MAHESANA,KADI,KUNDAL,24040200501,ALDESAN PRIMARY SCHOOL,10158447,ASHABEN KANTILAL NAYI,Teacher,"15-Environment, 15-Gujarati, 15-Maths, 2-Environment, 2-Gujarati, 2-Maths, 2-Special Education, 2-Sports",1 To 5,0,0,TEACHER,,3/31/2032 0:00,In School,,,,,Updated,Mapped
484,MAHESANA,KADI,KUNDAL,24040200501,ALDESAN PRIMARY SCHOOL,10152080,BALDEVBHAI SOMABHAI VANKAR,Teacher,"3-Environment, 3-Environment, 3-Gujarati, 4-Environment, 4-Environment, 4-Gujarati, 4-Hindi, 4-Hindi, 5-Environment, 5-Environment, 5-Gujarati, 5-Hindi, 5-Hindi, 5-Special Education, 5-Sports",1 To 5,0,0,TEACHER,,10/31/2033 0:00,In School,,,,,Updated,Mapped
485,MAHESANA,KADI,KUNDAL,24040200501,ALDESAN PRIMARY SCHOOL,10158452,JAYESHKUMAR DHANJIBHAI PARMAR,Teacher,"6-English, 6-Gujarati, 6-Gujarati, 6-Gujarati, 6-Hindi, 6-Hindi, 6-Sanskrit, 6-Special Education, 6-Sports, 7-English, 7-English, 7-Gujarati, 7-Hindi, 7-Sanskrit, 8-Sanskrit, 8-Sanskrit",6 To 8, Language,English,TEACHER,Direct Recruitment,12/31/2042 0:00,In School,,,,,Updated,Mapped
486,MAHESANA,KADI,KUNDAL,24040200501,ALDESAN PRIMARY SCHOOL,10173769,JYOTIBEN KANTIBHAI PARMAR,Teacher,"6-English, 6-English, 6-Hindi, 6-Sanskrit, 6-Sanskrit, 7-Gujarati, 7-Hindi, 7-Sanskrit, 8-English, 8-English, 8-Gujarati, 8-Gujarati, 8-Gujarati, 8-Hindi, 8-Hindi, 8-Hindi, 8-Sanskrit, 8-Special Education, 8-Sports",6 To 8, Language,English,TEACHER,Direct Recruitment,1/31/2042 0:00,In School,,,,,Updated,Mapped
487,MAHESANA,KADI,KUNDAL,24040200501,ALDESAN PRIMARY SCHOOL,10158446,MAHENDRAKUMAR PRAHALADBHAI VALAND,Teacher,"3-Maths, 3-Maths, 3-Special Education, 3-Sports, 4-Maths, 4-Maths, 4-Special Education, 4-Sports, 5-English, 5-Maths, 5-Maths, 5-Special Education, 5-Sports",1 To 5,0,0,TEACHER,,4/30/2027 0:00,In School,,,,,Updated,Mapped
488,MAHESANA,KADI,KUNDAL,24040200501,ALDESAN PRIMARY SCHOOL,10155626,RANJANBEN BHAVANBHAI SUTHAR,Teacher,"15-Environment, 15-Maths, 1-Environment, 1-Gujarati, 1-Maths, 2-Environment, 2-Gujarati, 2-Maths",1 To 5,0,0,TEACHER,,6/30/2027 0:00,In School,,,,,Updated,Mapped
489,MAHESANA,KADI,KUNDAL,24040200501,ALDESAN PRIMARY SCHOOL,10158453,SAMINABEGAM SAADMIYAN ANASARI,Principal (HTAT),"8-English, 8-English, 8-Gujarati, 8-Gujarati, 8-Special Education, 8-Sports",6 To 8, Language,English,HEAD TEACHER (HTAT),Direct Recruitment,7/31/2038 0:00,In School,,,,,Updated,Mapped
490,MAHESANA,KADI,KUNDAL,24040200501,ALDESAN PRIMARY SCHOOL,10006116,SANGITABEN TALJABHAI DESAI,Teacher,"6-Science and Technology, 6-Science and Technology, 6-Social Science, 6-Social Science, 6-Social Science, 7-Social Science, 7-Social Science, 8-Science and Technology, 8-Science and Technology, 8-Social Science, 8-Social Science, 8-Social Science",6 To 8, Social-Science,0,TEACHER,Option,7/31/2039 0:00,In School,,,,,Updated,Mapped
491,MAHESANA,KADI,KUNDAL,24040205401,JASALPUR PRIMARY SCHOOL,10155817,ASHOKKUMAR BALDEVBHAI PATEL,Teacher,"3-Environment, 3-Maths, 4-Environment, 4-Maths, 5-Environment, 5-Maths",1 To 5,0,0,TEACHER,,10/31/2032 0:00,In School,,,,,Updated,Mapped
492,MAHESANA,KADI,KUNDAL,24040205401,JASALPUR PRIMARY SCHOOL,10091753,NAVINKUMAR GANPATLAL PATEL,Principal (HTAT),5-Maths,1 To 5,0,0,HEAD TEACHER (HTAT),,5/31/2034 0:00,In School,,,,,Updated,Mapped
493,MAHESANA,KADI,KUNDAL,24040205401,JASALPUR PRIMARY SCHOOL,10155814,REKHABEN BACHUBHAI PATEL,Teacher,"1-Environment, 1-Gujarati, 1-Maths",1 To 5,0,0,TEACHER,,5/31/2030 0:00,In School,,,,,Updated,Mapped
494,MAHESANA,KADI,KUNDAL,24040205401,JASALPUR PRIMARY SCHOOL,10155818,SEEMABEN HARJIBHAI DESAI,Teacher,"3-Gujarati, 4-Gujarati, 4-Hindi, 5-English, 5-Gujarati, 5-Hindi",1 To 5,0,0,TEACHER,,1/31/2038 0:00,In School,,,,,Updated,Mapped
495,MAHESANA,KADI,KUNDAL,24040205401,JASALPUR PRIMARY SCHOOL,10165629,SUDHIRBHAI MAFABHAI NADIYA,Teacher,"15-Environment, 15-Gujarati, 15-Maths",1 To 5,0,0,TEACHER,,8/31/2032 0:00,In School,,,,,Updated,Mapped
496,MAHESANA,KADI,KUNDAL,24040205401,JASALPUR PRIMARY SCHOOL,10155816,URMILABEN PRAHLADBHAI PATEL,Teacher,"2-Environment, 2-Gujarati, 2-Maths",1 To 5,0,0,TEACHER,,11/30/2031 0:00,In School,,,,,Updated,Mapped
497,MAHESANA,KADI,KUNDAL,24040206201,KADI TALUKA PRIMARY SCH - 1,10155871,ASHABEN GANESHBHAI PATEL,Teacher,"6-Social Science, 6-Social Science, 7-Social Science, 7-Social Science, 8-Social Science, 8-Social Science",6 To 8, Social-Science,0,TEACHER,Direct Recruitment,10/31/2039 0:00,In School,,,,,Updated,Mapped
498,MAHESANA,KADI,KUNDAL,24040206201,KADI TALUKA PRIMARY SCH - 1,10148783,ASHABEN RANCHHODBHAI PRAJAPATI,Teacher,"15-Environment, 15-Gujarati, 1-Gujarati, 2-Environment, 2-Gujarati",1 To 5,0,0,TEACHER,,5/31/2036 0:00,In School,,,,,Updated,Mapped
499,MAHESANA,KADI,KUNDAL,24040206201,KADI TALUKA PRIMARY SCH - 1,10058417,AVNIBEN VIRENDRABHAI RAVAL,Teacher,"6-Maths, 6-Maths, 7-Maths, 7-Maths, 8-Maths, 8-Maths",6 To 8, Maths-Science,0,TEACHER,Direct Recruitment,5/31/2045 0:00,In School,,,,,Updated,Mapped
500,MAHESANA,KADI,KUNDAL,24040206201,KADI TALUKA PRIMARY SCH - 1,10155664,DHAVALKUMAR GANESHBHAI PATEL,Teacher,"3-Environment, 3-Gujarati, 3-Gujarati, 3-Maths, 3-Maths, 5-Hindi",1 To 5,0,0,TEACHER,,5/31/2044 0:00,In School,,,,,Updated,Mapped
501,MAHESANA,KADI,KUNDAL,24040206201,KADI TALUKA PRIMARY SCH - 1,10024748,DIPIKABEN RASIKBHAI PARMAR,Teacher,"4-Gujarati, 5-English, 5-Gujarati, 5-Maths",1 To 5,0,0,TEACHER,,10/31/2047 0:00,In School,,,,,Updated,Mapped
502,MAHESANA,KADI,KUNDAL,24040206201,KADI TALUKA PRIMARY SCH - 1,10155859,HARSHADKUMAR KACHARABHAI SOLANKI,Teacher,"6-Gujarati, 6-Hindi, 7-Gujarati, 7-Hindi, 8-Gujarati, 8-Hindi",6 To 8, Language,Gujarati,TEACHER,Direct Recruitment,10/31/2037 0:00,In School,,,,,Updated,Mapped
503,MAHESANA,KADI,KUNDAL,24040206201,KADI TALUKA PRIMARY SCH - 1,10188793,KAPURJI CHELAJI THAKOR,Teacher,"15-Maths, 1-Environment, 1-Maths",1 To 5,0,0,TEACHER,,10/31/2035 0:00,In School,,,,,Updated,Mapped
504,MAHESANA,KADI,KUNDAL,24040206201,KADI TALUKA PRIMARY SCH - 1,10155872,NISHABEN LAKSHAMANDAS SURATI,Teacher,"6-English, 6-Sanskrit, 7-English, 7-Sanskrit, 8-English, 8-Sanskrit",6 To 8, Language,English,TEACHER,Option,10/31/2042 0:00,In School,,,,,Updated,Mapped
505,MAHESANA,KADI,KUNDAL,24040206201,KADI TALUKA PRIMARY SCH - 1,10158621,RAJENDRAKUMAR JAYANTILAL PATEL,Teacher,"3-Environment, 4-Gujarati, 4-Hindi, 4-Hindi, 5-Environment",1 To 5,0,0,TEACHER,,5/31/2035 0:00,In School,,,,,Updated,Mapped
506,MAHESANA,KADI,KUNDAL,24040206201,KADI TALUKA PRIMARY SCH - 1,10058453,SHAILESH JAYANTILAL PATEL,Teacher,"4-Environment, 4-Environment, 4-Maths, 4-Maths",1 To 5,0,0,TEACHER,,10/31/2035 0:00,In School,,,,,Updated,Mapped
507,MAHESANA,KADI,KUNDAL,24040206201,KADI TALUKA PRIMARY SCH - 1,10088121,SHAILESHKUMAR BHUDARBHAI SOLANKI,Teacher,"6-Science and Technology, 6-Science and Technology, 7-Science and Technology, 7-Science and Technology, 8-Science and Technology, 8-Science and Technology",6 To 8, Maths-Science,0,TEACHER,Direct Recruitment,5/31/2037 0:00,In School,,,,,Updated,Mapped
508,MAHESANA,KADI,KUNDAL,24040206201,KADI TALUKA PRIMARY SCH - 1,10125916,UARVASIBEN RAMANLAL GUJJAR,Teacher,"5-English, 5-Environment, 5-Gujarati, 5-Hindi, 5-Maths",1 To 5,0,0,TEACHER,,5/31/2042 0:00,In School,,,,,Updated,Mapped
509,MAHESANA,KADI,KUNDAL,24040206201,KADI TALUKA PRIMARY SCH - 1,10213268,VASUDEV CHANDULAL PATEL,Principal,"2-Environment, 2-Gujarati, 2-Maths, 2-Maths",1 To 5,0,0,TEACHER,,10/31/2036 0:00,In School,,,,,Updated,Mapped
510,MAHESANA,KADI,KUNDAL,24040209301,MOKASAN PRIMARY SCHOOL,10152063,DARSHANABEN RAMESHBHAI ARYA,Teacher,"6-English, 6-Hindi, 6-Sanskrit, 7-English, 7-Hindi, 7-Sanskrit, 8-English, 8-Hindi, 8-Sanskrit",6 To 8, Language,English,TEACHER,Direct Recruitment,8/31/2045 0:00,In School,,,,,Updated,Mapped
511,MAHESANA,KADI,KUNDAL,24040209301,MOKASAN PRIMARY SCHOOL,10151881,JAGDISHKUMAR VINUBHAI PATEL,Teacher,"4-Environment, 4-Gujarati, 4-Hindi, 4-Maths, 5-English, 5-Environment, 5-Gujarati, 5-Hindi, 5-Maths",1 To 5,0,0,TEACHER,,9/30/2036 0:00,In School,,,,,Updated,Mapped
512,MAHESANA,KADI,KUNDAL,24040209301,MOKASAN PRIMARY SCHOOL,10126186,KALPESHKUMAR BHOGILAL LIMBACHIYA,Teacher,"6-Maths, 6-Science and Technology, 7-Maths, 7-Science and Technology, 8-Maths, 8-Science and Technology",6 To 8, Maths-Science,0,TEACHER,Direct Recruitment,1/31/2035 0:00,In School,,,,,Updated,Mapped
513,MAHESANA,KADI,KUNDAL,24040209301,MOKASAN PRIMARY SCHOOL,10176547,MAHENDRA GANDALAL THAKAR,Teacher,"1-Gujarati, 1-Maths",1 To 5,0,0,TEACHER,,8/31/2036 0:00,In School,,,,,Updated,Mapped
514,MAHESANA,KADI,KUNDAL,24040209301,MOKASAN PRIMARY SCHOOL,10152060,SAMIRKUMAR CHANDULAL PATEL,Principal,"2-Environment, 2-Gujarati, 2-Maths, 2-Sports",1 To 5,0,0,TEACHER,,5/31/2035 0:00,In School,,,,,Updated,Mapped
515,MAHESANA,KADI,KUNDAL,24040209301,MOKASAN PRIMARY SCHOOL,10152061,SHAILESHKUMAR BALDEVBHAI PATEL,Teacher,"3-Environment, 3-Gujarati, 3-Maths",1 To 5,0,0,TEACHER,,12/31/2034 0:00,In School,,,,,Updated,Mapped
516,MAHESANA,KADI,KUNDAL,24040209301,MOKASAN PRIMARY SCHOOL,10123720,VAISHALIBEN VISHNU BHAI DUNGARANI,Teacher,"6-Gujarati, 6-Social Science, 7-Gujarati, 7-Social Science, 8-Gujarati, 8-Social Science",6 To 8, Social-Science,0,TEACHER,Option,5/31/2045 0:00,In School,,,,,Updated,Mapped
517,MAHESANA,KADI,KUNDAL,24040209601,NAGARASAN PRIMARY SCHOOL,10093116,ALPABEN BABULAL RAMI,Teacher,"4-Environment, 4-Gujarati, 4-Hindi, 4-Maths, 5-English, 5-Environment, 5-Gujarati, 5-Hindi, 5-Maths",1 To 5,0,0,TEACHER,,5/31/2044 0:00,In School,,,,,Updated,Mapped
518,MAHESANA,KADI,KUNDAL,24040209601,NAGARASAN PRIMARY SCHOOL,10187379,CHETANABEN NAGARDAS PATEL,Principal,"2-Environment, 2-Gujarati, 2-Maths, 3-Environment, 3-Gujarati, 3-Maths",1 To 5,0,0,TEACHER,,6/30/2030 0:00,In School,,,,,Updated,Mapped
519,MAHESANA,KADI,KUNDAL,24040209601,NAGARASAN PRIMARY SCHOOL,10055988,GIRAJABEN RAMABHAI PARAMAR,Teacher,"6-English, 6-Gujarati, 7-English, 7-Gujarati, 8-English, 8-Gujarati, 8-Sanskrit",6 To 8, Language,Gujarati,TEACHER,Direct Recruitment,9/23/2043 0:00,In School,,,,,Updated,Mapped
520,MAHESANA,KADI,KUNDAL,24040209601,NAGARASAN PRIMARY SCHOOL,10125924,ICHCHHABEN PRABHATBHAI DESAI,Teacher,"5-English, 5-Environment, 5-Gujarati, 5-Hindi, 5-Maths",1 To 5,0,0,TEACHER,,11/12/2042 0:00,In School,,,,,Updated,Mapped
521,MAHESANA,KADI,KUNDAL,24040209601,NAGARASAN PRIMARY SCHOOL,10001323,MEHULKUMAR VINODBHAI MAKWANA,Teacher,"6-Maths, 6-Science and Technology, 7-Maths, 7-Science and Technology, 8-Maths, 8-Sanskrit, 8-Science and Technology",6 To 8, Maths-Science,0,TEACHER,Direct Recruitment,5/31/2044 0:00,In School,,,,,Updated,Mapped
522,MAHESANA,KADI,KUNDAL,24040209601,NAGARASAN PRIMARY SCHOOL,10202157,NILAMBEN KHODABHAI PATEL,Teacher,"6-Hindi, 6-Sanskrit, 6-Social Science, 7-Hindi, 7-Social Science, 8-Hindi, 8-Social Science",6 To 8, Social-Science,0,TEACHER,Option,10/31/2046 0:00,In School,,,,,Updated,Mapped
523,MAHESANA,KADI,KUNDAL,24040207501,PM SHRI  KUNDAL PRIMARY SCHOOL,10093043,ANITABEN HASMUKHLAL BHAVSAR,Teacher,"4-Environment, 4-Gujarati, 4-Hindi, 4-Maths, 5-English, 5-English, 5-Hindi, 5-Maths, 5-Maths, 5-Maths, 5-Maths",1 To 5,0,0,TEACHER,,6/30/2046 0:00,In School,,,,,Updated,Mapped
524,MAHESANA,KADI,KUNDAL,24040207501,PM SHRI  KUNDAL PRIMARY SCHOOL,10155838,ARUNABEN LAKSHMANBHAI JAYSWAL,Teacher,"6-English, 6-Gujarati, 6-Sanskrit",6 To 8, Language,Gujarati,TEACHER,Direct Recruitment,12/31/2030 0:00,In School,,,,,Updated,Mapped
525,MAHESANA,KADI,KUNDAL,24040207501,PM SHRI  KUNDAL PRIMARY SCHOOL,10058454,ASHABEN KIRITBHAI PATEL,Teacher,"8-Maths, 8-Maths, 8-Maths, 8-Sanskrit, 8-Sanskrit, 8-Science and Technology, 8-Science and Technology, 8-Science and Technology",6 To 8, Maths-Science,0,TEACHER,Direct Recruitment,7/31/2044 0:00,In School,,,,,Updated,Mapped
526,MAHESANA,KADI,KUNDAL,24040207501,PM SHRI  KUNDAL PRIMARY SCHOOL,10058439,BHANUMATI GOVINDBHAI PATEL,Teacher,"15-Environment, 15-Gujarati, 15-Maths",1 To 5,0,0,TEACHER,,6/30/2027 0:00,In School,,,,,Updated,Mapped
527,MAHESANA,KADI,KUNDAL,24040207501,PM SHRI  KUNDAL PRIMARY SCHOOL,10058437,BHARATIBEN AMRUTLAL PATEL,Teacher,"5-English, 5-Environment, 5-Environment, 5-Environment, 5-Gujarati, 5-Hindi, 5-Hindi, 5-Maths",1 To 5,0,0,TEACHER,,5/31/2027 0:00,In School,,,,,Updated,Mapped
528,MAHESANA,KADI,KUNDAL,24040207501,PM SHRI  KUNDAL PRIMARY SCHOOL,10083812,BIPINCHANDRA VITTHALDAS SOLANKI,Teacher,"7-Maths, 7-Maths, 7-Maths, 7-Science and Technology, 7-Science and Technology, 7-Science and Technology",6 To 8, Maths-Science,0,TEACHER,Direct Recruitment,10/31/2032 0:00,In School,,,,,Updated,Mapped
529,MAHESANA,KADI,KUNDAL,24040207501,PM SHRI  KUNDAL PRIMARY SCHOOL,10058442,CHETNABEN PRAHLADBHAI PATEL,Teacher,"1-Environment, 1-Gujarati, 1-Maths",1 To 5,0,0,TEACHER,,12/31/2034 0:00,In School,,,,,Updated,Mapped
530,MAHESANA,KADI,KUNDAL,24040207501,PM SHRI  KUNDAL PRIMARY SCHOOL,10233983,GOVINDBHAI KANTILAL PATEL,Teacher,"6-Hindi, 6-Hindi, 7-Gujarati, 7-Gujarati, 8-English, 8-English, 8-Sanskrit, 8-Sanskrit",6 To 8, Language,Gujarati,TEACHER,Option,10/31/2037 0:00,In School,,,,,Updated,Mapped
531,MAHESANA,KADI,KUNDAL,24040207501,PM SHRI  KUNDAL PRIMARY SCHOOL,10058428,JYOTSNABEN SANKALCHAND PATEL,Teacher,"1-Environment, 1-Gujarati, 1-Maths",1 To 5,0,0,TEACHER,,5/31/2030 0:00,In School,,,,,Updated,Mapped
532,MAHESANA,KADI,KUNDAL,24040207501,PM SHRI  KUNDAL PRIMARY SCHOOL,10058431,KAVITABEN PRABHUDAN GADHVI,Teacher,"4-Environment, 4-Gujarati, 4-Hindi, 4-Maths, 5-English, 5-Gujarati, 5-Gujarati, 5-Gujarati, 5-Hindi",1 To 5,0,0,TEACHER,,5/31/2029 0:00,In School,,,,,Updated,Mapped
533,MAHESANA,KADI,KUNDAL,24040207501,PM SHRI  KUNDAL PRIMARY SCHOOL,10058446,MAHENDRAKUMAR SHANKARLAL PATEL,Principal,"4-Environment, 4-Gujarati, 4-Hindi, 4-Maths, 5-Environment, 5-Environment, 5-Environment, 5-Sports",1 To 5,0,0,TEACHER,,5/31/2035 0:00,In School,,,,,Updated,Mapped
534,MAHESANA,KADI,KUNDAL,24040207501,PM SHRI  KUNDAL PRIMARY SCHOOL,10058449,PARULBEN PRABHUDAS PATEL,Teacher,"6-Hindi, 6-Sanskrit, 6-Social Science",6 To 8, Social-Science,0,TEACHER,Option,11/30/2043 0:00,In School,,,,,Updated,Mapped
535,MAHESANA,KADI,KUNDAL,24040207501,PM SHRI  KUNDAL PRIMARY SCHOOL,10058443,REKHABEN MANILAL PRAJAPATI,Teacher,"5-English, 5-Environment, 5-Gujarati, 5-Hindi, 5-Maths",1 To 5,0,0,TEACHER,,2/28/2038 0:00,In School,,,,,Updated,Mapped
536,MAHESANA,KADI,KUNDAL,24040207501,PM SHRI  KUNDAL PRIMARY SCHOOL,10232103,RINKALBEN NATVARBHAI PATEL,Teacher,"1-Environment, 1-Gujarati, 1-Maths",1 To 5,0,0,TEACHER,,2/28/2046 0:00,In School,,,,,Updated,Mapped
537,MAHESANA,KADI,KUNDAL,24040207501,PM SHRI  KUNDAL PRIMARY SCHOOL,10055730,SARITABEN ASHVINBHAI PATEL,Teacher,7-Social Science,6 To 8, Social-Science,0,TEACHER,Option,10/31/2045 0:00,In School,,,,,Updated,Mapped
538,MAHESANA,KADI,KUNDAL,24040207501,PM SHRI  KUNDAL PRIMARY SCHOOL,10058440,SHAILESHKUMAR AMRUTBHAI PATEL,Teacher,"3-Environment, 3-Gujarati, 3-Maths",1 To 5,0,0,TEACHER,,6/30/2027 0:00,In School,,,,,Updated,Mapped
539,MAHESANA,KADI,KUNDAL,24040207501,PM SHRI  KUNDAL PRIMARY SCHOOL,10058455,SHILPABEN KESHAVLAL DABHI,Teacher,"6-English, 6-English, 6-Gujarati, 6-Gujarati, 6-Hindi, 6-Hindi, 6-Sanskrit, 6-Sanskrit",6 To 8, Language,English,TEACHER,Option,3/31/2040 0:00,In School,,,,,Updated,Mapped
540,MAHESANA,KADI,KUNDAL,24040207501,PM SHRI  KUNDAL PRIMARY SCHOOL,10058447,SHITALBEN ARVINDBHAI PATEL,Teacher,"7-Maths, 7-Maths, 7-Maths, 7-Science and Technology, 7-Science and Technology, 7-Science and Technology",6 To 8, Maths-Science,0,TEACHER,Direct Recruitment,1/31/2048 0:00,In School,,,,,Updated,Mapped
541,MAHESANA,KADI,KUNDAL,24040207501,PM SHRI  KUNDAL PRIMARY SCHOOL,10058444,SHOBHANABEN NARSINHBHAI PATEL,Teacher,"2-Environment, 2-Gujarati, 2-Maths",1 To 5,0,0,TEACHER,,5/31/2034 0:00,In School,,,,,Updated,Mapped
542,MAHESANA,KADI,KUNDAL,24040207501,PM SHRI  KUNDAL PRIMARY SCHOOL,11631043,URMILA RAMESHCHANDRA PATEL,Gyan Sahayak,"5-Environment, 5-Sports",1 To 5,0,0,TEACHER,,6/22/2043 0:00,In School,,,,,Updated,Mapped
543,MAHESANA,KADI,KUNDAL,24040207501,PM SHRI  KUNDAL PRIMARY SCHOOL,10058435,VINABEN KANTILAL PATEL,Teacher,"3-Environment, 3-Maths",1 To 5,0,0,TEACHER,,6/30/2027 0:00,In School,,,,,Updated,Mapped
544,MAHESANA,KADI,KUNDAL,24040207501,PM SHRI  KUNDAL PRIMARY SCHOOL,10058448,VIPULKUMAR ANILKUMAR SHAH,Teacher,"7-English, 7-English, 7-English, 7-Hindi, 7-Hindi, 7-Hindi, 7-Sanskrit, 7-Sanskrit",6 To 8, Language,English,TEACHER,Direct Recruitment,6/30/2040 0:00,In School,,,,,Updated,Mapped
545,MAHESANA,KADI,KUNDAL,24040211301,SARSAV PRIMARY SCHOOL,10081130,AMIT RAJENDRABHAI GAJJAR,Teacher,"6-Maths, 6-Maths, 7-Maths, 7-Maths, 7-Science and Technology, 8-Maths, 8-Maths, 8-Maths, 8-Science and Technology, 8-Science and Technology, 8-Science and Technology, 8-Science and Technology",6 To 8, Maths-Science,0,TEACHER,Direct Recruitment,5/31/2044 0:00,In School,,,,,Updated,Mapped
546,MAHESANA,KADI,KUNDAL,24040211301,SARSAV PRIMARY SCHOOL,10155665,ASHABEN VISHNUKUMAR LUHANA,Principal (HTAT),"7-Sanskrit, 8-Gujarati, 8-Gujarati, 8-Sanskrit, 8-Sanskrit",6 To 8, Language,Gujarati,HEAD TEACHER (HTAT),Direct Recruitment,7/31/2039 0:00,In School,,,,,Updated,Mapped
547,MAHESANA,KADI,KUNDAL,24040211301,SARSAV PRIMARY SCHOOL,10155666,BHARATIBEN KESHAVLAL PATEL,Teacher,"1-Environment, 1-Gujarati, 1-Maths, 2-Environment, 2-Gujarati, 2-Maths, 2-Special Education, 2-Sports",1 To 5,0,0,TEACHER,,6/14/2045 0:00,In School,,,,,Updated,Mapped
548,MAHESANA,KADI,KUNDAL,24040211301,SARSAV PRIMARY SCHOOL,10155663,CHANDRIKABEN BHIKHABHAI PATEL,Teacher,"2-Environment, 2-Gujarati, 2-Maths, 3-Environment, 3-Gujarati, 3-Maths, 3-Special Education, 3-Sports, 4-Environment, 4-Gujarati, 4-Hindi, 4-Maths, 4-Special Education, 4-Sports",1 To 5,0,0,TEACHER,,5/26/2036 0:00,In School,,,,,Updated,Mapped
549,MAHESANA,KADI,KUNDAL,24040211301,SARSAV PRIMARY SCHOOL,10155869,DIPTIBEN RAMESHBHAI PATEL,Teacher,"6-Gujarati, 7-Gujarati, 8-Gujarati, 8-Hindi",6 To 8, Language,Gujarati,TEACHER,Option,3/11/2036 0:00,In School,,,,,Updated,Mapped
550,MAHESANA,KADI,KUNDAL,24040211301,SARSAV PRIMARY SCHOOL,10155667,HETALBEN BHUPENDRAKUMAR PRAJAPATI,Teacher,"6-English, 6-English, 6-Gujarati, 6-Hindi, 6-Hindi, 6-Science and Technology, 7-English, 7-English, 7-Hindi, 8-English, 8-English, 8-English, 8-English, 8-Hindi, 8-Hindi",6 To 8, Language,English,TEACHER,Direct Recruitment,2/28/2047 0:00,In School,,,,,Updated,Mapped
551,MAHESANA,KADI,KUNDAL,24040211301,SARSAV PRIMARY SCHOOL,10176498,MAHESHBHAI CHIMANLAL PATEL,Teacher,"15-Environment, 15-Gujarati, 15-Maths, 5-English, 5-Environment, 5-Gujarati, 5-Hindi, 5-Maths",1 To 5,0,0,TEACHER,,11/27/2036 0:00,In School,,,,,Updated,Mapped
552,MAHESANA,KADI,KUNDAL,24040211301,SARSAV PRIMARY SCHOOL,11672927,MONIKABEN REVABHAI SOLANKI,Gyan Sahayak,"6-English, 7-English, 8-English",6 To 8, Language,English,TEACHER,Other,11/30/2046 0:00,In School,,,,,Updated,Mapped
553,MAHESANA,KADI,KUNDAL,24040211301,SARSAV PRIMARY SCHOOL,10126057,NILAMBEN JETHALAL KAPADIYA,Teacher,"15-Environment, 15-Gujarati, 15-Maths, 1-Environment, 1-Gujarati, 1-Maths, 1-Special Education, 1-Sports, 3-Environment, 3-Gujarati, 3-Maths",1 To 5,0,0,TEACHER,,4/30/2042 0:00,In School,,,,,Updated,Mapped
554,MAHESANA,KADI,KUNDAL,24040211301,SARSAV PRIMARY SCHOOL,10199012,RAKHIBEN LAXMANBHAI PRAJAPATI,Teacher,"4-Environment, 4-Gujarati, 4-Hindi, 4-Maths, 5-English, 5-Environment, 5-Gujarati, 5-Hindi, 5-Maths, 5-Sports",1 To 5,0,0,TEACHER,,10/26/2031 0:00,In School,,,,,Updated,Mapped
555,MAHESANA,KADI,KUNDAL,24040211301,SARSAV PRIMARY SCHOOL,10093023,USHABEN SHIVABHAI PATEL,Teacher,"6-Sanskrit, 6-Sanskrit, 6-Social Science, 6-Social Science, 7-Sanskrit, 7-Sanskrit, 7-Science and Technology, 7-Social Science, 7-Social Science, 8-Sanskrit, 8-Social Science, 8-Social Science, 8-Social Science, 8-Social Science",6 To 8, Social-Science,0,TEACHER,Option,2/28/2039 0:00,In School,,,,,Updated,Mapped
556,MAHESANA,KADI,KUNDAL,24040212701,UNTAVA ANUPAM PRIMARY SCHOOL,10093067,BAKULKUMAR NAROTTAMBHAI PATEL,Teacher,"6-English, 6-Hindi, 6-Hindi, 7-Hindi, 7-Hindi, 8-Hindi, 8-Hindi",6 To 8, Language,Hindi,TEACHER,Option,1/31/2036 0:00,In School,,,,,Updated,Mapped
557,MAHESANA,KADI,KUNDAL,24040212701,UNTAVA ANUPAM PRIMARY SCHOOL,10093073,BHAVESHKUMAR RAMJIBHAI PRAJAPATI,Teacher,"6-Science and Technology, 6-Science and Technology, 7-Science and Technology, 7-Science and Technology, 8-Maths, 8-Maths",6 To 8, Maths-Science,0,TEACHER,Direct Recruitment,7/31/2035 0:00,In School,,,,,Updated,Mapped
558,MAHESANA,KADI,KUNDAL,24040212701,UNTAVA ANUPAM PRIMARY SCHOOL,10155668,BHAVIKABEN RAMESHBHAI PATEL,Teacher,"15-Environment, 15-Gujarati, 15-Maths",1 To 5,0,0,TEACHER,,2/28/2042 0:00,In School,,,,,Updated,Mapped
559,MAHESANA,KADI,KUNDAL,24040212701,UNTAVA ANUPAM PRIMARY SCHOOL,10093066,GIRISHKUMAR VITTHALDAS PATEL,Teacher,"1-Environment, 1-Gujarati, 1-Maths",1 To 5,0,0,TEACHER,,6/30/2026 0:00,In School,,,,,Updated,Mapped
560,MAHESANA,KADI,KUNDAL,24040212701,UNTAVA ANUPAM PRIMARY SCHOOL,10093063,HASMUKHBHAI RATILAL PATEL,Teacher,"4-Hindi, 4-Maths, 4-Maths, 5-Maths",1 To 5,0,0,TEACHER,,6/30/2027 0:00,In School,,,,,Updated,Mapped
561,MAHESANA,KADI,KUNDAL,24040212701,UNTAVA ANUPAM PRIMARY SCHOOL,11588368,HITESHKUMAR AMRUTLAL PRAJAPATI,Teacher,"3-Maths, 5-English, 5-Hindi",1 To 5,0,0,TEACHER,,9/30/2042 0:00,In School,,,,,Updated,Mapped
562,MAHESANA,KADI,KUNDAL,24040212701,UNTAVA ANUPAM PRIMARY SCHOOL,10121417,MUKESHKUMAR JAYANTIBHAI PATEL,Teacher,"3-Gujarati, 4-Gujarati, 4-Gujarati, 4-Hindi, 5-Gujarati",1 To 5,0,0,TEACHER,,11/30/2032 0:00,In School,,,,,Updated,Mapped
563,MAHESANA,KADI,KUNDAL,24040212701,UNTAVA ANUPAM PRIMARY SCHOOL,11526713,NAI KINJALBEN DINESHBHAI,Teacher,,, ,,,,,,,,,,Updated,Pending
564,MAHESANA,KADI,KUNDAL,24040212701,UNTAVA ANUPAM PRIMARY SCHOOL,10093062,NATVARLAL MAHADEVBHAI PATEL,Teacher,"3-Environment, 3-Environment, 4-Environment, 4-Environment, 4-Environment, 5-Environment, 5-Environment, 5-Environment",1 To 5,0,0,TEACHER,,6/30/2026 0:00,In School,,,,,Updated,Mapped
565,MAHESANA,KADI,KUNDAL,24040212701,UNTAVA ANUPAM PRIMARY SCHOOL,10093068,SHAILESHKUMAR RAMABHAI PATEL,Teacher,"6-Gujarati, 6-Gujarati, 7-English, 7-English, 7-Gujarati, 7-Gujarati, 8-Gujarati, 8-Gujarati",6 To 8, Language,Gujarati,TEACHER,Option,6/30/2033 0:00,In School,,,,,Updated,Mapped
566,MAHESANA,KADI,KUNDAL,24040212701,UNTAVA ANUPAM PRIMARY SCHOOL,10158460,SHILPABEN MANUBHAI PATEL,Teacher,"2-Environment, 2-Gujarati, 2-Maths",1 To 5,0,0,TEACHER,,5/31/2031 0:00,In School,,,,,Updated,Mapped
567,MAHESANA,KADI,KUNDAL,24040212701,UNTAVA ANUPAM PRIMARY SCHOOL,10093060,VASUDEVBHAI PRABHATBHAI DESAI,Teacher,"6-Social Science, 6-Social Science, 6-Social Science, 7-Social Science, 7-Social Science, 7-Social Science, 8-Social Science, 8-Social Science",6 To 8, Social-Science,0,TEACHER,Option,7/31/2031 0:00,In School,,,,,Updated,Mapped
568,MAHESANA,KADI,KUNDAL,24040212701,UNTAVA ANUPAM PRIMARY SCHOOL,10093072,YAMINIBEN RAMANLAL PRAJAPATI,Teacher,"6-Maths, 6-Maths, 7-Maths, 7-Maths, 8-Science and Technology, 8-Science and Technology",6 To 8, Maths-Science,0,TEACHER,Option,12/31/2045 0:00,In School,,,,,Updated,Mapped
569,MAHESANA,KADI,KUNDAL,24040212701,UNTAVA ANUPAM PRIMARY SCHOOL,10093070,YOGESHKUMAR PUNJABHAI PATEL,Principal (HTAT),"6-Sanskrit, 6-Sanskrit, 7-Hindi, 7-Sanskrit, 7-Sanskrit, 8-English, 8-English, 8-Hindi, 8-Hindi, 8-Sanskrit, 8-Sanskrit",6 To 8, Language,Sanskrit,HEAD TEACHER (HTAT),Direct Recruitment,6/30/2042 0:00,In School,,,,,Updated,Mapped
570,MAHESANA,KADI,KUNDAL,24040213901,VISHALPUR PRIMARY SCHOOL,10231086,ARVINDKUMAR ATMARAM PATEL,Principal (HTAT),6-Gujarati,6 To 8, Language,Gujarati,HEAD TEACHER (HTAT),Promotion,6/30/2032 0:00,In School,,,,,Updated,Mapped
571,MAHESANA,KADI,KUNDAL,24040213901,VISHALPUR PRIMARY SCHOOL,10118565,DINESHKUMAR HARGOVINDBHAI PATEL,Teacher,"6-Hindi, 6-Social Science, 7-Hindi, 7-Social Science, 8-Hindi, 8-Social Science",6 To 8, Social-Science,0,TEACHER,Direct Recruitment,12/31/2042 0:00,In School,,,,,Updated,Mapped
572,MAHESANA,KADI,KUNDAL,24040213901,VISHALPUR PRIMARY SCHOOL,10152084,DIVANSANG CHHAGANJI MAKWANA,Teacher,"3-Maths, 4-Maths, 5-English, 5-Maths",1 To 5,0,0,TEACHER,,6/30/2035 0:00,In School,,,,,Updated,Mapped
573,MAHESANA,KADI,KUNDAL,24040213901,VISHALPUR PRIMARY SCHOOL,10152010,GHANSHYAMBHAI THAKARSIBHAI PATEL,Teacher,"15-Environment, 15-Gujarati, 15-Maths",1 To 5,0,0,TEACHER,,6/30/2026 0:00,In School,,,,,Updated,Mapped
574,MAHESANA,KADI,KUNDAL,24040213901,VISHALPUR PRIMARY SCHOOL,10069571,LALJIBHAI PRAHLADBHAI PATEL,Teacher,"4-Hindi, 5-English, 5-Hindi",1 To 5,0,0,TEACHER,,6/30/2033 0:00,In School,,,,,Updated,Mapped
575,MAHESANA,KADI,KUNDAL,24040213901,VISHALPUR PRIMARY SCHOOL,10095529,POONAMCHANDRA DHIRUBHAI MAKVANA,Teacher,"6-Maths, 6-Science and Technology, 7-Maths, 7-Science and Technology, 8-Maths, 8-Science and Technology",6 To 8, Maths-Science,0,TEACHER,Direct Recruitment,9/30/2041 0:00,In School,,,,,Updated,Mapped
576,MAHESANA,KADI,KUNDAL,24040213901,VISHALPUR PRIMARY SCHOOL,10095530,PRAVINABEN NARANBHAI PATEL,Teacher,"6-English, 6-Gujarati, 7-English, 7-Gujarati, 8-English, 8-Gujarati",6 To 8, Language,English,TEACHER,Direct Recruitment,10/31/2044 0:00,In School,,,,,Updated,Mapped
577,MAHESANA,KADI,KUNDAL,24040213901,VISHALPUR PRIMARY SCHOOL,10095531,RAVIKUMAR BALDEVBHAI PATEL,Teacher,"3-Environment, 3-Gujarati, 4-Environment, 4-Gujarati, 4-Hindi, 5-Environment, 5-Gujarati, 5-Hindi",1 To 5,0,0,TEACHER,,9/30/2045 0:00,In School,,,,,Updated,Mapped
578,MAHESANA,KADI,KUNDAL,24040213901,VISHALPUR PRIMARY SCHOOL,10121418,SONALBEN GOVINDBHAI PRAJAPATI,Teacher,"1-Environment, 1-Gujarati, 1-Maths, 2-Environment, 2-Gujarati, 2-Maths",1 To 5,0,0,TEACHER,,7/31/2044 0:00,In School,,,,,Updated,Mapped
579,MAHESANA,KADI,MEDA ADARAJ,24040201901,BORISANA PRIMARY SCHOOL,10158520,ANKITABEN ARVINDBHAI PATEL,Teacher,"1-Environment, 1-Environment, 1-Gujarati, 1-Gujarati, 1-Maths, 1-Maths, 2-Environment, 2-Environment, 2-Gujarati, 2-Gujarati, 2-Maths, 2-Maths",1 To 5,0,0,TEACHER,,1/31/2045 0:00,In School,,,,,Updated,Mapped
580,MAHESANA,KADI,MEDA ADARAJ,24040201901,BORISANA PRIMARY SCHOOL,10158547,BHAVIKKUMAR RANCHHODBHAI PATEL,Principal (HTAT),"6-Sanskrit, 6-Sanskrit, 6-Sanskrit, 6-Sanskrit, 7-Sanskrit, 7-Sanskrit, 7-Sanskrit, 8-Sanskrit, 8-Sanskrit, 8-Sanskrit",HTAT, Social-Science,0,HEAD TEACHER (HTAT),,8/31/2042 0:00,In School,,,,,Updated,Mapped
581,MAHESANA,KADI,MEDA ADARAJ,24040201901,BORISANA PRIMARY SCHOOL,10158558,DHARITRIBEN HIRALAL KANODIYA,Teacher,"6-Hindi, 6-Social Science, 6-Social Science, 6-Social Science, 6-Social Science, 7-Social Science, 7-Social Science, 7-Social Science, 8-Hindi, 8-Hindi, 8-Social Science, 8-Social Science, 8-Social Science",6 To 8, Social-Science,0,TEACHER,Option,8/31/2040 0:00,In School,,,,,Updated,Mapped
582,MAHESANA,KADI,MEDA ADARAJ,24040201901,BORISANA PRIMARY SCHOOL,10152058,GAUTAMKUMAR PRAHLADBHAI PATEL,Teacher,"3-Gujarati, 3-Maths, 4-Gujarati, 4-Maths, 5-English, 5-English, 5-Gujarati, 5-Gujarati, 5-Hindi, 5-Maths, 5-Maths",1 To 5,0,0,TEACHER,,7/31/2035 0:00,In School,,,,,Updated,Mapped
583,MAHESANA,KADI,MEDA ADARAJ,24040201901,BORISANA PRIMARY SCHOOL,10161142,HIRALBEN VASUDEVBHAI MODI,Teacher,"15-Environment, 15-Gujarati, 15-Maths, 1-Environment, 1-Gujarati, 1-Maths",1 To 5,0,0,TEACHER,,12/31/2040 0:00,In School,,,,,Updated,Mapped
584,MAHESANA,KADI,MEDA ADARAJ,24040201901,BORISANA PRIMARY SCHOOL,10158419,MANISHABEN BABUBHAI PATEL,Teacher,"6-Gujarati, 6-Gujarati, 6-Gujarati, 6-Gujarati, 7-Gujarati, 7-Gujarati, 7-Gujarati, 7-Hindi, 8-Gujarati, 8-Gujarati, 8-Gujarati, 8-Hindi",6 To 8, Language,Gujarati,TEACHER,Option,3/31/2044 0:00,In School,,,,,Updated,Mapped
585,MAHESANA,KADI,MEDA ADARAJ,24040201901,BORISANA PRIMARY SCHOOL,10158551,MUKESHKUMAR MAFATLAL PATEL,Teacher,"3-Environment, 3-Gujarati, 3-Maths, 4-Gujarati, 4-Gujarati, 4-Maths, 5-English, 5-Environment, 5-Gujarati, 5-Gujarati, 5-Gujarati, 5-Hindi, 5-Maths, 5-Maths",1 To 5,0,0,TEACHER,,6/30/2028 0:00,In School,,,,,Updated,Mapped
586,MAHESANA,KADI,MEDA ADARAJ,24040201901,BORISANA PRIMARY SCHOOL,10158532,NAMRATABEN ANIRUDDH BHATT,Teacher,"6-Maths, 6-Maths, 6-Science and Technology, 6-Science and Technology, 7-Hindi, 7-Science and Technology, 7-Science and Technology, 7-Science and Technology, 8-Maths, 8-Maths, 8-Science and Technology",6 To 8, Maths-Science,0,TEACHER,Direct Recruitment,7/31/2043 0:00,In School,,,,,Updated,Mapped
587,MAHESANA,KADI,MEDA ADARAJ,24040201901,BORISANA PRIMARY SCHOOL,10158550,SANGITABEN BABULAL PATEL,Teacher,"15-Environment, 15-Gujarati, 15-Maths, 2-Environment, 2-Gujarati, 2-Maths",1 To 5,0,0,TEACHER,,4/30/2035 0:00,In School,,,,,Updated,Mapped
588,MAHESANA,KADI,MEDA ADARAJ,24040201901,BORISANA PRIMARY SCHOOL,10158555,SHILPABEN AMRUTLAL PRAJAPATI,Teacher,"1-Environment, 1-Gujarati, 1-Maths, 2-Environment, 2-Gujarati, 2-Maths",1 To 5,0,0,TEACHER,,1/31/2034 0:00,In School,,,,,Updated,Mapped
589,MAHESANA,KADI,MEDA ADARAJ,24040201901,BORISANA PRIMARY SCHOOL,10158556,SUNITABEN NATVARLAL PATEL,Teacher,"6-Hindi, 6-Maths, 6-Maths, 6-Science and Technology, 6-Science and Technology, 7-Maths, 7-Maths, 7-Maths, 8-Maths, 8-Science and Technology, 8-Science and Technology",6 To 8, Maths-Science,0,TEACHER,Direct Recruitment,7/31/2042 0:00,In School,,,,,Updated,Mapped
590,MAHESANA,KADI,MEDA ADARAJ,24040201901,BORISANA PRIMARY SCHOOL,10158559,VIBHUTI MAHENDRABHAI PATEL,Teacher,"6-English, 6-English, 6-English, 6-English, 6-Hindi, 6-Hindi, 7-English, 7-English, 7-English, 7-Hindi, 8-English, 8-English, 8-English",6 To 8, Language,English,TEACHER,Direct Recruitment,7/31/2044 0:00,In School,,,,,Updated,Mapped
591,MAHESANA,KADI,MEDA ADARAJ,24040209003,CHAREDI PRI.SCHOOL,10194706,CHAUDHARI VISHNUBHAI NAGJIBHAI,Principal,"15-Gujarati, 1-Environment, 1-Maths, 1-Sports",1 To 5,0,0,TEACHER,,11/30/2036 0:00,In School,,,,,Updated,Mapped
592,MAHESANA,KADI,MEDA ADARAJ,24040209003,CHAREDI PRI.SCHOOL,10152045,PATEL MANISHABEN PRAHLADBHAI,Teacher,"2-Environment, 2-Gujarati, 2-Maths",1 To 5,0,0,TEACHER,,3/31/2041 0:00,In School,,,,,Updated,Mapped
593,MAHESANA,KADI,MEDA ADARAJ,24040209003,CHAREDI PRI.SCHOOL,10197483,RAHULKUMAR SOMACHANDBHAI CHAUHAN,Teacher,"1-Environment, 1-Gujarati, 1-Maths, 3-Environment, 3-Gujarati, 3-Maths",1 To 5,0,0,TEACHER,,6/30/2047 0:00,In School,,,,,Updated,Mapped
594,MAHESANA,KADI,MEDA ADARAJ,24040204201,FULETRA PRIMARY SCHOOL,10155716,ASHOKKUMAR MANGALDAS RATHOD,Principal (HTAT),"6-Maths, 6-Science and Technology",1 To 5,0,0,HEAD TEACHER (HTAT),,4/30/2035 0:00,In School,,,,,Updated,Mapped
595,MAHESANA,KADI,MEDA ADARAJ,24040204201,FULETRA PRIMARY SCHOOL,10021166,CHHAYABEN AMBALAL PATEL,Teacher,"6-Science and Technology, 6-Science and Technology, 7-Sanskrit, 7-Science and Technology, 7-Science and Technology, 8-Maths, 8-Maths, 8-Maths, 8-Maths, 8-Sanskrit, 8-Sanskrit",6 To 8, Maths-Science,0,TEACHER,Direct Recruitment,10/31/2044 0:00,In School,,,,,Updated,Mapped
596,MAHESANA,KADI,MEDA ADARAJ,24040204201,FULETRA PRIMARY SCHOOL,10155706,CHNDRIKABEN BECHRBHAI PATEL,Teacher,"1-Environment, 1-Gujarati, 1-Maths, 2-Environment, 2-Gujarati, 2-Maths, 2-Special Education, 2-Sports",1 To 5,0,0,TEACHER,,6/30/2027 0:00,In School,,,,,Updated,Mapped
597,MAHESANA,KADI,MEDA ADARAJ,24040204201,FULETRA PRIMARY SCHOOL,10155714,DARSHANABEN MANUBHAI PATEL,Teacher,"6-Social Science, 6-Social Science, 6-Social Science, 6-Social Science, 6-Special Education, 6-Special Education, 7-Hindi, 7-Hindi, 7-Social Science, 7-Social Science, 7-Special Education, 8-Social Science, 8-Social Science, 8-Social Science, 8-Social Science, 8-Special Education, 8-Special Education",6 To 8, Social-Science,Sanskrit,TEACHER,Option,9/30/2044 0:00,In School,,,,,Updated,Mapped
598,MAHESANA,KADI,MEDA ADARAJ,24040204201,FULETRA PRIMARY SCHOOL,10079099,JAYESH KUMAR HIRALAL PATEL,Teacher,"4-Hindi, 4-Hindi, 4-Hindi, 5-English, 5-English, 5-English, 5-English, 5-Hindi, 5-Hindi, 5-Hindi, 5-Hindi",1 To 5,0,0,TEACHER,,6/30/2035 0:00,In School,,,,,Updated,Mapped
599,MAHESANA,KADI,MEDA ADARAJ,24040204201,FULETRA PRIMARY SCHOOL,10155717,MAHESHKUMAR RAJABHAI ZALA,Teacher,"6-English, 6-English, 6-English, 6-English, 6-Hindi, 6-Hindi, 6-Hindi, 6-Hindi, 7-English, 7-English, 8-English, 8-English, 8-English, 8-English",6 To 8, Language,English,TEACHER,Direct Recruitment,10/31/2041 0:00,In School,,,,,Updated,Mapped
600,MAHESANA,KADI,MEDA ADARAJ,24040204201,FULETRA PRIMARY SCHOOL,10155708,MANISHABEN JAYANTIBHAI PRAJAPATI,Teacher,"15-Environment, 15-Gujarati, 15-Maths, 2-Environment, 2-Gujarati, 2-Maths",1 To 5,0,0,TEACHER,,7/31/2038 0:00,In School,,,,,Updated,Mapped
601,MAHESANA,KADI,MEDA ADARAJ,24040204201,FULETRA PRIMARY SCHOOL,10155713,NEHABEN BHARATBHAI PATEL,Teacher,"6-Maths, 6-Maths, 6-Sanskrit, 6-Sanskrit, 7-Maths, 7-Maths, 8-Sanskrit, 8-Sanskrit, 8-Science and Technology, 8-Science and Technology, 8-Science and Technology, 8-Science and Technology",6 To 8, Maths-Science,0,TEACHER,Direct Recruitment,4/30/2041 0:00,In School,,,,,Updated,Mapped
602,MAHESANA,KADI,MEDA ADARAJ,24040204201,FULETRA PRIMARY SCHOOL,10234676,NIMESHBHAI MULCHANDBHAI PANCHAL,Teacher,"3-Environment, 3-Environment, 3-Environment, 4-Environment, 4-Environment, 5-Environment, 5-Environment, 5-Gujarati, 5-Gujarati, 5-Gujarati, 5-Gujarati",1 To 5,0,0,TEACHER,,12/26/2028 0:00,In School,,,,,Updated,Mapped
603,MAHESANA,KADI,MEDA ADARAJ,24040204201,FULETRA PRIMARY SCHOOL,10155709,NIRANJANABEN MAGANBHAI PATEL,Teacher,"3-Gujarati, 3-Gujarati, 3-Gujarati, 4-Gujarati, 4-Gujarati, 4-Gujarati, 5-Maths, 5-Maths, 5-Maths, 5-Maths",1 To 5,0,0,TEACHER,,10/31/2033 0:00,In School,,,,,Updated,Mapped
604,MAHESANA,KADI,MEDA ADARAJ,24040204201,FULETRA PRIMARY SCHOOL,10155710,SHOBHANABEN GOVINDBHAI PATEL,Teacher,"15-Environment, 15-Gujarati, 15-Maths, 1-Environment, 1-Gujarati, 1-Maths, 1-Special Education, 1-Sports",1 To 5,0,0,TEACHER,,6/30/2037 0:00,In School,,,,,Updated,Mapped
605,MAHESANA,KADI,MEDA ADARAJ,24040204201,FULETRA PRIMARY SCHOOL,10125926,SONAL RAMESHCHANDRA GAJJAR,Teacher,"6-Gujarati, 6-Gujarati, 6-Gujarati, 6-Gujarati, 7-Gujarati, 7-Gujarati, 8-Gujarati, 8-Gujarati, 8-Gujarati, 8-Gujarati, 8-Hindi, 8-Hindi, 8-Hindi, 8-Hindi, 8-Sanskrit, 8-Sanskrit",6 To 8, Language,Gujarati,TEACHER,Option,4/30/2044 0:00,In School,,,,,Updated,Mapped
606,MAHESANA,KADI,MEDA ADARAJ,24040204201,FULETRA PRIMARY SCHOOL,10155707,URMILABEN NARESHCHANDRA PATEL,Teacher,"3-Maths, 3-Maths, 3-Maths, 4-Environment, 4-Maths, 4-Maths, 4-Maths, 5-Environment, 5-Environment",1 To 5,0,0,TEACHER,,12/31/2029 0:00,In School,,,,,Updated,Mapped
607,MAHESANA,KADI,MEDA ADARAJ,24040205701,JETPURA PRIMARY SCHOOL,10155834,BHARATIBEN POPATLAL PATEL,Teacher,"6-Gujarati, 6-Social Science, 7-Gujarati, 7-Social Science, 8-Gujarati, 8-Sanskrit, 8-Social Science, 8-Sports",6 To 8, Social-Science,Gujarati,TEACHER,Option,5/31/2032 0:00,In School,,,,,Updated,Mapped
608,MAHESANA,KADI,MEDA ADARAJ,24040205701,JETPURA PRIMARY SCHOOL,10155833,BHAVANABEN ISHVARLAL OZA,Teacher,"5-Environment, 5-Gujarati, 5-Hindi, 5-Maths, 5-Special Education, 5-Sports",1 To 5,0,0,TEACHER,,11/3/2039 0:00,In School,,,,,Updated,Mapped
609,MAHESANA,KADI,MEDA ADARAJ,24040205701,JETPURA PRIMARY SCHOOL,10155832,KALPANABEN JAYANTILAL PARMAR,Teacher,"6-Maths, 6-Science and Technology, 6-Special Education, 6-Sports, 7-Maths, 7-Science and Technology, 8-Maths, 8-Science and Technology",6 To 8, Maths-Science,0,TEACHER,Direct Recruitment,8/23/2043 0:00,In School,,,,,Updated,Mapped
610,MAHESANA,KADI,MEDA ADARAJ,24040205701,JETPURA PRIMARY SCHOOL,10155828,MUKESHKUMAR RATILAL PATEL,Teacher,"2-Environment, 2-Gujarati, 2-Maths, 2-Special Education, 2-Sports",1 To 5,0,0,TEACHER,,6/30/2029 0:00,In School,,,,,Updated,Mapped
611,MAHESANA,KADI,MEDA ADARAJ,24040205701,JETPURA PRIMARY SCHOOL,10155830,RITABEN CHUNILAL PATEL,Teacher,"3-Environment, 3-Gujarati, 3-Maths, 3-Special Education, 3-Sports, 4-Environment, 4-Gujarati, 4-Hindi, 4-Maths, 4-Special Education, 4-Sports",1 To 5,0,0,TEACHER,,1/31/2038 0:00,In School,,,,,Updated,Mapped
612,MAHESANA,KADI,MEDA ADARAJ,24040205701,JETPURA PRIMARY SCHOOL,10129662,SHRADDHABEN SURESHBHAI VYAS,Principal (HTAT),"5-English, 6-English",6 To 8, Language,English,HEAD TEACHER (HTAT),Direct Recruitment,12/31/2044 0:00,In School,,,,,Updated,Mapped
613,MAHESANA,KADI,MEDA ADARAJ,24040205701,JETPURA PRIMARY SCHOOL,10155831,SHRUTIBEN BALADEVBHAI BAROT,Teacher,"6-Hindi, 6-Sanskrit, 7-English, 7-Hindi, 7-Sanskrit, 7-Special Education, 7-Sports, 8-English, 8-Hindi",6 To 8, Language,English,TEACHER,Direct Recruitment,11/28/2045 0:00,In School,,,,,Updated,Mapped
614,MAHESANA,KADI,MEDA ADARAJ,24040205701,JETPURA PRIMARY SCHOOL,10155829,TRUPTIBEN VINULAL PATEL,Teacher,"15-Environment, 15-Gujarati, 15-Maths, 1-Environment, 1-Gujarati, 1-Maths, 1-Special Education, 1-Sports",1 To 5,0,0,TEACHER,,1/14/2034 0:00,In School,,,,,Updated,Mapped
615,MAHESANA,KADI,MEDA ADARAJ,24040207301,KARSHANPURA PRIMARY SCHOOL,10158348,AMRISHKUMAR MANILAL PATEL,Teacher,"4-Environment, 4-Gujarati, 4-Hindi, 4-Maths, 4-Special Education, 4-Sports, 5-English, 5-Environment, 5-Gujarati, 5-Hindi, 5-Maths, 5-Special Education, 5-Sports",1 To 5,0,0,TEACHER,,3/31/2044 0:00,In School,,,,,Updated,Mapped
616,MAHESANA,KADI,MEDA ADARAJ,24040207301,KARSHANPURA PRIMARY SCHOOL,10155681,DASHARATHBHAI JAYANTIBHAI PATEL,Teacher,"6-Maths, 6-Science and Technology, 6-Special Education, 7-Maths, 7-Science and Technology, 7-Special Education, 8-Maths, 8-Science and Technology, 8-Special Education",6 To 8, Maths-Science,0,TEACHER,Option,1/31/2037 0:00,In School,,,,,Updated,Mapped
617,MAHESANA,KADI,MEDA ADARAJ,24040207301,KARSHANPURA PRIMARY SCHOOL,10155680,DAXABEN GOVINDBHAI CHAUDHARI,Teacher,"6-English, 6-Gujarati, 7-English, 7-Gujarati, 7-Sanskrit, 8-English, 8-Gujarati, 8-Sanskrit",6 To 8, Language,Gujarati,TEACHER,Direct Recruitment,8/31/2042 0:00,In School,,,,,Updated,Mapped
618,MAHESANA,KADI,MEDA ADARAJ,24040207301,KARSHANPURA PRIMARY SCHOOL,10155679,JASHVANTKUMAR KANTILAL PATEL,Principal,"6-Hindi, 6-Sanskrit, 6-Social Science, 6-Sports, 7-Hindi, 7-Social Science, 7-Sports, 8-Hindi, 8-Social Science, 8-Sports",6 To 8, Social-Science,0,TEACHER,Option,9/30/2035 0:00,In School,,,,,Updated,Mapped
619,MAHESANA,KADI,MEDA ADARAJ,24040207301,KARSHANPURA PRIMARY SCHOOL,11477247,NILAMBEN PRASHANT PATEL,Gyan Sahayak,"3-Environment, 3-Gujarati, 3-Maths, 3-Special Education, 3-Sports",1 To 5,0,0,TEACHER,,6/30/2046 0:00,In School,,,,,Updated,Mapped
620,MAHESANA,KADI,MEDA ADARAJ,24040207301,KARSHANPURA PRIMARY SCHOOL,10152056,SEJALBEN PRAVINBHAI MODI,Teacher,"1-Environment, 1-Gujarati, 1-Maths, 1-Special Education, 1-Sports, 2-Environment, 2-Gujarati, 2-Maths, 2-Special Education, 2-Sports",1 To 5,0,0,TEACHER,,6/30/2040 0:00,In School,,,,,Updated,Mapped
621,MAHESANA,KADI,MEDA ADARAJ,24040209001,MEDA ADARAJ PAY CENTER SCH,10155700,BINALBEN JAGJIVANBHAI PATEL,Teacher,"4-Environment, 4-Environment, 5-Hindi, 5-Maths, 5-Maths",1 To 5,0,0,TEACHER,,8/31/2044 0:00,In School,,,,,Updated,Mapped
622,MAHESANA,KADI,MEDA ADARAJ,24040209001,MEDA ADARAJ PAY CENTER SCH,10152031,GIRABEN RAMESHCHANDRA PATEL,Teacher,"15-Environment, 15-Gujarati, 15-Maths",1 To 5,0,0,TEACHER,,5/31/2033 0:00,In School,,,,,Updated,Mapped
623,MAHESANA,KADI,MEDA ADARAJ,24040209001,MEDA ADARAJ PAY CENTER SCH,10089734,HETALBEN ISHVARBHAI PATEL,Teacher,"1-Environment, 1-Gujarati, 1-Maths, 1-Special Education, 1-Sports, 4-Maths, 4-Maths, 5-Environment, 5-Environment, 5-Hindi",1 To 5,0,0,TEACHER,,12/31/2040 0:00,In School,,,,,Updated,Mapped
624,MAHESANA,KADI,MEDA ADARAJ,24040209001,MEDA ADARAJ PAY CENTER SCH,10152041,HETALBEN RAMANBHAI PATEL,Teacher,"6-English, 6-English, 6-English, 6-English, 7-Hindi, 7-Hindi, 7-Hindi, 7-Hindi, 7-Sanskrit, 7-Sanskrit, 8-English, 8-English, 8-English, 8-English, 8-Sanskrit, 8-Sanskrit",6 To 8, Language,English,TEACHER,Direct Recruitment,7/31/2044 0:00,In School,,,,,Updated,Mapped
625,MAHESANA,KADI,MEDA ADARAJ,24040209001,MEDA ADARAJ PAY CENTER SCH,10260216,JIGNASABEN SUBHASHCHANDRA PATEL,Teacher,"6-Science and Technology, 6-Science and Technology, 6-Science and Technology, 6-Science and Technology, 7-Maths, 7-Maths, 7-Science and Technology, 7-Science and Technology, 8-Maths, 8-Maths, 8-Science and Technology, 8-Science and Technology",6 To 8, Maths-Science,0,TEACHER,Direct Recruitment,1/31/2053 0:00,In School,,,,,Updated,Mapped
626,MAHESANA,KADI,MEDA ADARAJ,24040209001,MEDA ADARAJ PAY CENTER SCH,10093899,KOMALBEN MANUBHAI PATEL,Teacher,"6-Maths, 6-Maths, 6-Maths, 6-Maths, 7-Maths, 7-Maths, 7-Science and Technology, 7-Science and Technology, 8-Maths, 8-Maths, 8-Science and Technology, 8-Science and Technology",6 To 8, Maths-Science,0,TEACHER,Direct Recruitment,12/31/2047 0:00,In School,,,,,Updated,Mapped
627,MAHESANA,KADI,MEDA ADARAJ,24040209001,MEDA ADARAJ PAY CENTER SCH,10093076,MUKESHKUMAR CHANDUJI THAKOR,Teacher,"3-Maths, 3-Maths, 5-English, 5-English",1 To 5,0,0,TEACHER,,11/30/2043 0:00,In School,,,,,Updated,Mapped
628,MAHESANA,KADI,MEDA ADARAJ,24040209001,MEDA ADARAJ PAY CENTER SCH,10152036,NILAMBEN AMRUTBHAI PATEL,Teacher,"6-Sanskrit, 6-Social Science, 6-Social Science, 6-Social Science, 6-Social Science, 7-Social Science, 7-Social Science, 7-Social Science, 7-Social Science, 8-Social Science, 8-Social Science, 8-Social Science, 8-Social Science",6 To 8, Social-Science,0,TEACHER,Option,6/30/2038 0:00,In School,,,,,Updated,Mapped
629,MAHESANA,KADI,MEDA ADARAJ,24040209001,MEDA ADARAJ PAY CENTER SCH,10152035,PARESHABEN KANAIYALAL MODI,Teacher,"3-Gujarati, 3-Gujarati, 4-Hindi, 4-Hindi",1 To 5,0,0,TEACHER,,6/30/2033 0:00,In School,,,,,Updated,Mapped
630,MAHESANA,KADI,MEDA ADARAJ,24040209001,MEDA ADARAJ PAY CENTER SCH,10152038,SEJALBEN PRAHALADBHAI SATVARA,Teacher,"6-Gujarati, 6-Gujarati, 6-Gujarati, 6-Gujarati, 7-English, 7-English, 7-English, 7-English, 7-Sanskrit, 7-Sanskrit, 8-Hindi, 8-Hindi, 8-Hindi, 8-Hindi, 8-Sanskrit, 8-Sanskrit",6 To 8, Language,English,TEACHER,Option,6/30/2034 0:00,In School,,,,,Updated,Mapped
631,MAHESANA,KADI,MEDA ADARAJ,24040209001,MEDA ADARAJ PAY CENTER SCH,10152028,SHAILESHKUMAR MAGANLAL PATEL,Principal,"6-Hindi, 6-Hindi, 6-Hindi, 6-Hindi, 6-Sanskrit, 6-Sanskrit, 7-Gujarati, 7-Gujarati, 7-Gujarati, 7-Gujarati, 8-Gujarati, 8-Gujarati, 8-Gujarati, 8-Gujarati",6 To 8, Language,Gujarati,TEACHER,Option,5/31/2027 0:00,In School,,,,,Updated,Mapped
632,MAHESANA,KADI,MEDA ADARAJ,24040209001,MEDA ADARAJ PAY CENTER SCH,10152030,SUMITRABEN MANILAL PRAJAPATI,Teacher,"1-Environment, 1-Gujarati, 1-Maths, 2-Environment, 2-Gujarati, 2-Maths, 3-Maths, 3-Maths, 5-Maths, 5-Maths",1 To 5,0,0,TEACHER,,8/31/2037 0:00,In School,,,,,Updated,Mapped
633,MAHESANA,KADI,MEDA ADARAJ,24040209001,MEDA ADARAJ PAY CENTER SCH,10152040,SUNITABEN DASHARATHBHAI PATEL,Teacher,"3-Environment, 3-Environment, 3-Gujarati, 3-Gujarati, 4-Environment, 4-Gujarati, 4-Gujarati",1 To 5,0,0,TEACHER,,7/31/2034 0:00,In School,,,,,Updated,Mapped
634,MAHESANA,KADI,MEDA ADARAJ,24040209001,MEDA ADARAJ PAY CENTER SCH,10152033,YOGESHKUMAR VASUDEVBHAI PATEL,Teacher,"4-Gujarati, 4-Hindi, 5-Environment, 5-Environment, 5-Gujarati, 5-Gujarati",1 To 5,0,0,TEACHER,,9/30/2033 0:00,In School,,,,,Updated,Mapped
635,MAHESANA,KADI,MEDA ADARAJ,24040209201,MERDA PRIMARY SCHOOL,10158602,AELISABEN LALJIBHAI BHAGORA,Teacher,"6-English, 6-Gujarati, 6-Hindi, 6-Sanskrit, 6-Social Science, 7-English, 7-Gujarati, 7-Hindi",6 To 8, Language,Sanskrit,TEACHER,Option,12/31/2041 0:00,In School,,,,,Updated,Mapped
636,MAHESANA,KADI,MEDA ADARAJ,24040209201,MERDA PRIMARY SCHOOL,10158312,LILABHAI BACHUBHAI SENMA,Principal,"15-Environment, 15-Gujarati, 15-Maths, 1-Environment, 1-Gujarati, 1-Maths, 1-Sports, 2-Environment, 2-Gujarati, 2-Maths, 2-Sports",1 To 5,0,0,TEACHER,,8/31/2037 0:00,In School,,,,,Updated,Mapped
637,MAHESANA,KADI,MEDA ADARAJ,24040209201,MERDA PRIMARY SCHOOL,10152055,SANDIPAKUMAR PRAVINCHANDRA MODI,Teacher,"3-Environment, 3-Gujarati, 3-Maths, 5-English, 5-Environment, 5-Gujarati, 5-Hindi, 5-Maths",1 To 5,0,0,TEACHER,,11/30/2039 0:00,In School,,,,,Updated,Mapped
638,MAHESANA,KADI,MEDA ADARAJ,24040209201,MERDA PRIMARY SCHOOL,10096702,VISHNUKUMAR AMBALAL CHAVADA,Teacher,"6-Maths, 6-Science and Technology, 7-Maths, 7-Sanskrit, 7-Science and Technology, 7-Social Science",6 To 8, Maths-Science,0,TEACHER,Direct Recruitment,1/31/2037 0:00,In School,,,,,Updated,Mapped
639,MAHESANA,KADI,MEDA ADARAJ,24040212801,VADAVI PRIMARY SCHOOL,10093078,ASHOKKUMAR MOHANLAL PATEL,Teacher,"2-Environment, 2-Gujarati, 2-Maths",1 To 5,0,0,TEACHER,,7/31/2037 0:00,In School,,,,,Updated,Mapped
640,MAHESANA,KADI,MEDA ADARAJ,24040212801,VADAVI PRIMARY SCHOOL,10093082,BHAVESHKUMAR SURESHKUMAR SHRIMALI,Teacher,"6-Maths, 7-Maths, 7-Science and Technology, 8-Maths, 8-Science and Technology",6 To 8, Maths-Science,0,TEACHER,Direct Recruitment,10/31/2040 0:00,In School,,,,,Updated,Mapped
641,MAHESANA,KADI,MEDA ADARAJ,24040212801,VADAVI PRIMARY SCHOOL,10093083,JIGARBHAI DILIPBHAI SUTHAR,Teacher,"6-English, 6-Sanskrit, 7-English, 7-Sanskrit, 8-English, 8-Sanskrit",6 To 8, Language,English,TEACHER,Direct Recruitment,5/31/2045 0:00,In School,,,,,Updated,Mapped
642,MAHESANA,KADI,MEDA ADARAJ,24040212801,VADAVI PRIMARY SCHOOL,10093081,KAMINIBEN KESHABHAI PATEL,Teacher,"6-Gujarati, 6-Science and Technology, 7-Gujarati, 8-Gujarati",6 To 8, Language,Gujarati,TEACHER,Option,11/20/2037 0:00,In School,,,,,Updated,Mapped
643,MAHESANA,KADI,MEDA ADARAJ,24040212801,VADAVI PRIMARY SCHOOL,10093035,PIYUSHKUMAR RAMANLAL PATEL,Principal (HTAT),"6-Hindi, 8-Hindi",1 To 5,0,0,HEAD TEACHER (HTAT),,9/6/2036 0:00,In School,,,,,Updated,Mapped
644,MAHESANA,KADI,MEDA ADARAJ,24040212801,VADAVI PRIMARY SCHOOL,10093080,PREMALKUMAR RAMUBHAI PAREKH,Teacher,"3-Maths, 4-Maths, 5-English, 5-Gujarati, 5-Hindi, 5-Maths",1 To 5,0,0,TEACHER,,11/30/2040 0:00,In School,,,,,Updated,Mapped
645,MAHESANA,KADI,MEDA ADARAJ,24040212801,VADAVI PRIMARY SCHOOL,10104188,RAJESHKUMAR HIRALAL PARMAR,Teacher,"1-Environment, 1-Gujarati, 1-Maths",1 To 5,0,0,TEACHER,,5/31/2032 0:00,In School,,,,,Updated,Mapped
646,MAHESANA,KADI,MEDA ADARAJ,24040212801,VADAVI PRIMARY SCHOOL,10093079,RAMESH JAYANTILAL DARJI,Teacher,"3-Environment, 3-Gujarati, 4-Environment, 4-Gujarati, 5-Environment",1 To 5,0,0,TEACHER,,11/30/2039 0:00,In School,,,,,Updated,Mapped
647,MAHESANA,KADI,MEDA ADARAJ,24040212801,VADAVI PRIMARY SCHOOL,10093085,RINKUBEN ISHWARBHAI PATEL,Teacher,"6-Science and Technology, 6-Social Science, 7-Hindi, 7-Social Science, 8-Social Science",6 To 8, Social-Science,0,TEACHER,Direct Recruitment,4/30/2041 0:00,In School,,,,,Updated,Mapped
648,MAHESANA,KADI,MEDA ADARAJ,24040212801,VADAVI PRIMARY SCHOOL,10093075,VITTHALBHAI VISABHAI PRAJAPATI,Teacher,"15-Environment, 15-Gujarati, 15-Maths",1 To 5,0,0,TEACHER,,1/31/2027 0:00,In School,,,,,Updated,Mapped
649,MAHESANA,KADI,MEDA ADARAJ,24040213302,VAMAJ PRIMARY SCHOOL,10093126,ALKA 9909688002 PATEL,Teacher,"15-Gujarati, 15-Maths, 3-Maths, 4-Maths, 5-Maths",1 To 5,0,0,TEACHER,,10/31/2036 0:00,In School,,,,,Updated,Mapped
650,MAHESANA,KADI,MEDA ADARAJ,24040213302,VAMAJ PRIMARY SCHOOL,10093128,CHETANABEN BABULAL PANCHAL,Teacher,"3-Environment, 3-Maths, 4-Environment, 4-Maths, 5-English, 5-English, 5-Environment, 5-Hindi, 5-Maths",1 To 5,0,0,TEACHER,,5/31/2038 0:00,In School,,,,,Updated,Mapped
651,MAHESANA,KADI,MEDA ADARAJ,24040213302,VAMAJ PRIMARY SCHOOL,10158552,KIRTIKUMAR BHAVJIBHAI PATEL,Principal,"3-Gujarati, 3-Gujarati, 4-Gujarati, 4-Gujarati, 4-Hindi, 5-Gujarati, 5-Gujarati, 5-Hindi",1 To 5,0,0,TEACHER,,10/31/2026 0:00,In School,,,,,Updated,Mapped
652,MAHESANA,KADI,MEDA ADARAJ,24040213302,VAMAJ PRIMARY SCHOOL,10155715,MALTIBEN 9979479353 CHAVDA,Teacher,"1-Environment, 1-Gujarati, 1-Maths, 2-Gujarati, 2-Maths",1 To 5,0,0,TEACHER,,12/31/2038 0:00,In School,,,,,Updated,Mapped
653,MAHESANA,KADI,MEDA ADARAJ,24040213302,VAMAJ PRIMARY SCHOOL,10093124,PREMILABEN BHANJIBHAI PATEL,Teacher,"3-Environment, 4-Environment, 5-Environment",1 To 5,0,0,TEACHER,,10/31/2027 0:00,In School,,,,,Updated,Mapped
654,MAHESANA,KADI,MEDA ADARAJ,24040213302,VAMAJ PRIMARY SCHOOL,10093127,VEENABAHEN GIRDHARBHAI PATEL,Teacher,"15-Environment, 15-Gujarati, 15-Maths, 1-Gujarati, 1-Maths",1 To 5,0,0,TEACHER,,10/31/2027 0:00,In School,,,,,Updated,Mapped
655,MAHESANA,KADI,MEDA ADARAJ,24040213401,VANASOL PRIMARY SCHOOL,10093132,ASHABEN ATMARAM PATEL,Teacher,"1-Environment, 1-Gujarati, 1-Maths, 3-Maths, 4-Environment, 4-Maths, 5-English, 5-Environment, 5-Maths",1 To 5,0,0,TEACHER,,5/31/2030 0:00,In School,,,,,Updated,Mapped
656,MAHESANA,KADI,MEDA ADARAJ,24040213401,VANASOL PRIMARY SCHOOL,10093133,AVANIBEN RAJENDRAKUMAR PATEL,Teacher,"5-Environment, 6-Gujarati, 6-Gujarati, 6-Social Science, 6-Social Science, 6-Social Science, 7-Gujarati, 7-Sanskrit, 7-Social Science, 7-Social Science, 8-Social Science, 8-Social Science",6 To 8, Social-Science,0,TEACHER,Option,5/31/2045 0:00,In School,,,,,Updated,Mapped
657,MAHESANA,KADI,MEDA ADARAJ,24040213401,VANASOL PRIMARY SCHOOL,10093137,DAXABEN RAMANLAL PATEL,Teacher,"5-English, 6-English, 6-English, 6-Hindi, 6-Maths, 6-Maths, 7-Hindi, 7-Maths, 8-English, 8-Gujarati, 8-Hindi, 8-Sanskrit, 8-Science and Technology",6 To 8, Language,English,TEACHER,Option,8/31/2036 0:00,In School,,,,,Updated,Mapped
658,MAHESANA,KADI,MEDA ADARAJ,24040213401,VANASOL PRIMARY SCHOOL,10207249,GUNVANTBHAI HARIBHAI VANKAR,Teacher,"2-Environment, 2-Gujarati, 2-Maths, 4-Hindi, 5-Gujarati, 5-Hindi, 6-Sanskrit, 6-Sanskrit",1 To 5,0,0,TEACHER,,11/30/2034 0:00,In School,,,,,Updated,Mapped
659,MAHESANA,KADI,MEDA ADARAJ,24040213401,VANASOL PRIMARY SCHOOL,10155784,JIGNESHKUMAR RATILAL BAROT,Principal,"3-Environment, 3-Gujarati, 4-Environment, 4-Gujarati, 4-Hindi, 5-Hindi, 6-Sanskrit, 7-Sanskrit, 8-Sanskrit",1 To 5,0,0,TEACHER,,2/28/2033 0:00,In School,,,,,Updated,Mapped
660,MAHESANA,KADI,MEDA ADARAJ,24040213401,VANASOL PRIMARY SCHOOL,10093131,NITABEN NAVNITLAL PANDYA,Teacher,"15-Environment, 15-Gujarati, 15-Maths, 1-Environment, 1-Gujarati, 1-Maths",1 To 5,0,0,TEACHER,,6/30/2027 0:00,In School,,,,,Updated,Mapped
661,MAHESANA,KADI,MEDA ADARAJ,24040213401,VANASOL PRIMARY SCHOOL,10093134,RAJANIBEN RAMANBHAI MAKWANA,Teacher,"5-Maths, 6-Maths, 6-Science and Technology, 6-Science and Technology, 6-Science and Technology, 7-Maths, 7-Science and Technology, 7-Science and Technology, 8-Maths, 8-Maths, 8-Science and Technology",6 To 8, Maths-Science,0,TEACHER,Direct Recruitment,2/28/2043 0:00,In School,,,,,Updated,Mapped
662,MAHESANA,KADI,MEDA ADARAJ,24040213401,VANASOL PRIMARY SCHOOL,10155605,ROOPALBEN NATVARLAL PATEL,Teacher,"15-Environment, 15-Gujarati, 15-Maths, 2-Environment, 2-Gujarati, 2-Maths, 3-Environment, 3-Gujarati, 3-Maths, 4-Gujarati, 4-Hindi, 4-Maths",1 To 5,0,0,TEACHER,,4/30/2044 0:00,In School,,,,,Updated,Mapped
663,MAHESANA,KADI,MEDA ADARAJ,24040213401,VANASOL PRIMARY SCHOOL,10093135,VIPULKUMAR GANESHBHAI CHAUDHARY,Teacher,"5-Gujarati, 6-English, 6-Gujarati, 6-Hindi, 6-Hindi, 7-English, 7-English, 7-Gujarati, 7-Hindi, 8-English, 8-Gujarati, 8-Hindi",6 To 8, Language,English,TEACHER,,6/30/2044 0:00,In School,,,,,Updated,Mapped
664,MAHESANA,KADI,MEDHA,24040200401,AGOL PRIMARY SCHOOL,10069611,BHAGAVATIBAHEN BALADEVBHAI PARMAR,Teacher,"6-Hindi, 7-English, 7-English, 7-Gujarati, 7-Gujarati, 7-Sanskrit, 7-Sanskrit",6 To 8, Language,Gujarati,TEACHER,Option,1/31/2039 0:00,In School,,,,,Updated,Mapped
665,MAHESANA,KADI,MEDHA,24040200401,AGOL PRIMARY SCHOOL,10158431,DARSHNABAHEN DINESHBHAI PATEL,Teacher,"7-Social Science, 7-Social Science",6 To 8, Social-Science,0,TEACHER,Option,7/6/2041 0:00,In School,,,,,Updated,Mapped
666,MAHESANA,KADI,MEDHA,24040200401,AGOL PRIMARY SCHOOL,10229483,DHARMENDRASINH JABBARSANG VAGHELA,Teacher,"1-Gujarati, 1-Maths, 3-Environment, 3-Maths, 5-Environment, 5-Hindi",1 To 5,0,0,TEACHER,,1/31/2045 0:00,In School,,,,,Updated,Mapped
667,MAHESANA,KADI,MEDHA,24040200401,AGOL PRIMARY SCHOOL,10158432,DIPIKABEN VIKRAMBHAI CHAVDA,Teacher,"1-Gujarati, 1-Maths, 4-Maths, 5-Maths, 5-Maths",1 To 5,0,0,TEACHER,,5/31/2045 0:00,In School,,,,,Updated,Mapped
668,MAHESANA,KADI,MEDHA,24040200401,AGOL PRIMARY SCHOOL,10158436,HARESHKUMAR JAGJIVANBHAI CHAVDA,Teacher,"6-Gujarati, 6-Gujarati, 6-Gujarati, 8-Gujarati, 8-Gujarati, 8-Sanskrit, 8-Sanskrit",6 To 8, Language,Sanskrit,TEACHER,Direct Recruitment,9/30/2040 0:00,In School,,,,,Updated,Mapped
669,MAHESANA,KADI,MEDHA,24040200401,AGOL PRIMARY SCHOOL,10158437,HEENABEN BHAGAVANBHAI MEWADA,Teacher,"6-English, 6-English, 6-English, 6-Sanskrit, 6-Sanskrit, 6-Sanskrit, 8-English, 8-English",6 To 8, Language,English,TEACHER,Option,11/30/2044 0:00,In School,,,,,Updated,Mapped
670,MAHESANA,KADI,MEDHA,24040200401,AGOL PRIMARY SCHOOL,10158435,JIGNASA NARESHBHAI PATEL,Teacher,"8-Hindi, 8-Hindi, 8-Maths, 8-Maths, 8-Science and Technology, 8-Science and Technology",6 To 8, Maths-Science,0,TEACHER,Direct Recruitment,7/31/2038 0:00,In School,,,,,Updated,Mapped
671,MAHESANA,KADI,MEDHA,24040200401,AGOL PRIMARY SCHOOL,11669894,LATABEN GANPATBHAI PATEL,Gyan Sahayak,,1 To 5,0,0,TEACHER,,5/22/2027 0:00,In School,,,,,Updated,Pending
672,MAHESANA,KADI,MEDHA,24040200401,AGOL PRIMARY SCHOOL,10158430,MAHENDRA MANGALDAS MAKWANA,Teacher,"6-Hindi, 6-Hindi, 6-Social Science, 6-Social Science, 6-Social Science, 8-Social Science, 8-Social Science, 8-Social Science",6 To 8, Social-Science,Gujarati,TEACHER,Direct Recruitment,8/31/2036 0:00,In School,,,,,Updated,Mapped
673,MAHESANA,KADI,MEDHA,24040200401,AGOL PRIMARY SCHOOL,10158443,MEERABEN PRAKASHBHAI JOSHI,Teacher,"6-Maths, 6-Maths, 6-Maths, 6-Science and Technology, 6-Science and Technology, 6-Science and Technology",6 To 8, Maths-Science,0,TEACHER,Direct Recruitment,6/30/2049 0:00,In School,,,,,Updated,Mapped
674,MAHESANA,KADI,MEDHA,24040200401,AGOL PRIMARY SCHOOL,11528611,MITTALBEN BIPINKUMAR BHATIYA,Teacher,,, ,,,,,,,,,,Updated,Pending
675,MAHESANA,KADI,MEDHA,24040200401,AGOL PRIMARY SCHOOL,11083505,PATEL DIPIKA BABUBHAI,Teacher,"10-Sanskrit, 9-Sanskrit",, ,,,,,,,,,,Updated,Mapped
676,MAHESANA,KADI,MEDHA,24040200401,AGOL PRIMARY SCHOOL,10158425,PRAKASHKUMAR DOLATSINH PARMAR,Teacher,"3-Gujarati, 4-Gujarati, 5-Gujarati",1 To 5,0,0,TEACHER,,6/30/2040 0:00,In School,,,,,Updated,Mapped
677,MAHESANA,KADI,MEDHA,24040200401,AGOL PRIMARY SCHOOL,10107970,PRIYANKABEN BHIKHABHAI PARMAR,Teacher,"7-Hindi, 7-Hindi, 7-Maths, 7-Maths, 7-Science and Technology, 7-Science and Technology",6 To 8, Maths-Science,0,TEACHER,Direct Recruitment,5/31/2049 0:00,In School,,,,,Updated,Mapped
678,MAHESANA,KADI,MEDHA,24040200401,AGOL PRIMARY SCHOOL,10084639,PRIYANKABEN DINESHBHAI PATEL,Teacher,"15-Environment, 15-Gujarati, 15-Maths",1 To 5,0,0,TEACHER,,11/30/2042 0:00,In School,,,,,Updated,Mapped
679,MAHESANA,KADI,MEDHA,24040200401,AGOL PRIMARY SCHOOL,10155620,RAKESHKUMAR RANCHHODBHAI PATEL,Principal,"1-Environment, 1-Environment, 1-Gujarati, 1-Gujarati, 1-Maths, 1-Maths",1 To 5,0,0,TEACHER,,6/30/2031 0:00,In School,,,,,Updated,Mapped
680,MAHESANA,KADI,MEDHA,24040200401,AGOL PRIMARY SCHOOL,10089720,RESHMABEN DASHRATH LAL PATEL,Teacher,"2-Environment, 2-Gujarati, 2-Maths",1 To 5,0,0,TEACHER,,1/8/2043 0:00,In School,,,,,Updated,Mapped
681,MAHESANA,KADI,MEDHA,24040200401,AGOL PRIMARY SCHOOL,11669876,SIDDHARTH KISHORBHAI VANKAR,Gyan Sahayak,,1 To 5,0,0,TEACHER,,5/22/2027 0:00,In School,,,,,Updated,Pending
682,MAHESANA,KADI,MEDHA,24040200401,AGOL PRIMARY SCHOOL,11333520,SOLANKI BABUBHAI SADABHAI,Gyan Sahayak,,, ,,,,,,,,,,Updated,Pending
683,MAHESANA,KADI,MEDHA,24040200401,AGOL PRIMARY SCHOOL,11669888,SUNITABEN KANJIBHAI CHAUDHARY,Gyan Sahayak,,1 To 5,0,0,TEACHER,,5/22/2027 0:00,In School,,,,,Updated,Pending
684,MAHESANA,KADI,MEDHA,24040201501,BAVLU PRIMARY SCHOOL,10070123,ANITABEN KARSHANBHAI PATEL,Teacher,"6-Gujarati, 7-Gujarati, 8-Gujarati",6 To 8, Language,Gujarati,TEACHER,Direct Recruitment,12/31/2045 0:00,In School,,,,,Updated,Mapped
685,MAHESANA,KADI,MEDHA,24040201501,BAVLU PRIMARY SCHOOL,11078817,BEENABEN DALPATBHAI SADHU,Gyan Sahayak,"5-English, 5-Environment",1 To 5,0,0,TEACHER,,6/1/2050 0:00,In School,,,,,Updated,Mapped
686,MAHESANA,KADI,MEDHA,24040201501,BAVLU PRIMARY SCHOOL,10079041,GIRISHKUMAR KANJIBHAI PARMAR,Teacher,"3-Environment, 3-Gujarati, 3-Maths, 3-Special Education, 3-Sports, 4-Environment, 4-Gujarati, 4-Gujarati, 4-Hindi, 4-Maths, 4-Special Education, 4-Sports, 4-Sports, 5-English, 5-Environment, 5-Gujarati, 5-Hindi, 5-Maths, 5-Special Education, 5-Sports",1 To 5,0,0,TEACHER,,4/30/2043 0:00,In School,Not Relieved,24040201501,Others,જિલ્લામાંથી છૂટા કરવામાં આવેલ નથી,Updated,Mapped
687,MAHESANA,KADI,MEDHA,24040201501,BAVLU PRIMARY SCHOOL,10158531,HETALBEN VINODKUMAR PARMAR,Teacher,"6-Social Science, 7-Sanskrit, 7-Social Science, 8-Social Science",6 To 8, Social-Science,0,TEACHER,,5/31/2044 0:00,In School,,,,,Updated,Mapped
688,MAHESANA,KADI,MEDHA,24040201501,BAVLU PRIMARY SCHOOL,10158529,NEHA BHARATKUMAR THAKKAR,Teacher,"6-Hindi, 7-Hindi, 8-English, 8-Sanskrit",6 To 8, Language,English,TEACHER,Direct Recruitment,5/31/2047 0:00,In School,,,,,Updated,Mapped
689,MAHESANA,KADI,MEDHA,24040201501,BAVLU PRIMARY SCHOOL,10008999,NILABAHEN PRAVINBHAI PATEL,Teacher,"15-Environment, 15-Gujarati, 15-Maths, 1-Environment, 1-Gujarati, 1-Maths, 2-Environment, 2-Gujarati, 2-Maths, 3-Environment, 3-Environment, 3-Gujarati, 3-Gujarati, 3-Maths, 3-Maths, 3-Special Education, 3-Sports, 5-English, 5-Environment, 5-Gujarati, 5-Hindi, 5-Maths, 5-Sports",1 To 5,0,0,TEACHER,,5/19/2044 0:00,In School,,,,,Updated,Mapped
690,MAHESANA,KADI,MEDHA,24040201501,BAVLU PRIMARY SCHOOL,10000622,PARULBEN JAYANTIBHAI PATEL,Teacher,"3-Environment, 3-Environment, 3-Special Education, 3-Sports, 4-Environment, 4-Environment, 4-Hindi, 4-Hindi, 5-English, 5-English, 5-Environment, 5-Environment, 5-Hindi, 5-Hindi",1 To 5,0,0,TEACHER,,6/28/2041 0:00,In School,,,,,Updated,Mapped
691,MAHESANA,KADI,MEDHA,24040201501,BAVLU PRIMARY SCHOOL,11630685,PARVATIBEN KUBERJI THAKOR,Gyan Sahayak,"3-Maths, 4-Maths, 5-Maths",1 To 5,0,0,TEACHER,,6/1/2047 0:00,In School,,,,,Updated,Mapped
692,MAHESANA,KADI,MEDHA,24040201501,BAVLU PRIMARY SCHOOL,10130994,PINABAHEN SUBODHBHAI MAKWANA,Teacher,"6-English, 6-Sanskrit, 7-English, 8-Hindi",6 To 8, Language,English,TEACHER,Direct Recruitment,4/30/2046 0:00,In School,,,,,Updated,Mapped
693,MAHESANA,KADI,MEDHA,24040201501,BAVLU PRIMARY SCHOOL,11560894,RUCHIKABEN BIPINBHAI PARMAR,Gyan Sahayak,"7-Social Science, 8-Social Science, 8-Social Science, 8-Social Science",1 To 5,0,0,TEACHER,,12/31/2052 0:00,In School,,,,,Updated,Mapped
694,MAHESANA,KADI,MEDHA,24040201501,BAVLU PRIMARY SCHOOL,10165824,SABIRHUSEN FATTEKHAN PATHAN,Teacher,"6-Maths, 7-Maths, 8-Science and Technology",6 To 8, Maths-Science,0,TEACHER,Direct Recruitment,10/31/2037 0:00,In School,,,,,Updated,Mapped
695,MAHESANA,KADI,MEDHA,24040201501,BAVLU PRIMARY SCHOOL,10158525,SUREKHABEN MANILAL PATEL,Principal,"15-Environment, 15-Gujarati, 15-Maths, 2-Environment, 2-Maths, 2-Sports",1 To 5,0,0,TEACHER,,4/1/2026 0:00,In School,,,,,Updated,Mapped
696,MAHESANA,KADI,MEDHA,24040201501,BAVLU PRIMARY SCHOOL,10044691,VIPULKUMAR NATAVARLAL PRAJAPATI,Teacher,"6-Science and Technology, 7-Science and Technology, 8-Maths",6 To 8, Maths-Science,0,TEACHER,Direct Recruitment,10/31/2038 0:00,In School,,,,,Updated,Mapped
697,MAHESANA,KADI,MEDHA,24040201501,BAVLU PRIMARY SCHOOL,10043440,VIRANKIBEN KANUBHAI PATEL,Teacher,"3-Maths, 3-Maths, 4-Environment, 4-Environment, 5-Environment, 5-Hindi, 5-Maths",1 To 5,0,0,TEACHER,,7/20/2049 0:00,In School,,,,,Updated,Mapped
698,MAHESANA,KADI,MEDHA,24040202501,CHANDRASAN PRIMARY SCHOOL,10016793,ASHABAHEN LAXMANBHAI MEVADA,Teacher,"2-Environment, 2-Gujarati, 2-Maths, 6-English, 6-Sanskrit, 7-English, 7-English, 7-Hindi, 7-Hindi, 7-Sanskrit, 7-Sanskrit, 8-English, 8-Sanskrit",6 To 8, Language,English,TEACHER,Direct Recruitment,9/22/2044 0:00,In School,,,,,Updated,Mapped
699,MAHESANA,KADI,MEDHA,24040202501,CHANDRASAN PRIMARY SCHOOL,10158611,ASHOKKUMAR TAKHATSANG CHARAN,Teacher,"6-Social Science, 7-Social Science, 7-Social Science, 8-Social Science",6 To 8, Social-Science,0,TEACHER,Option,7/5/2033 0:00,In School,,,,,Updated,Mapped
700,MAHESANA,KADI,MEDHA,24040202501,CHANDRASAN PRIMARY SCHOOL,10161412,ASHVINKUMAR BABULAL PATEL,Teacher,"3-Maths, 4-Maths, 5-Maths",1 To 5,0,0,TEACHER,,5/31/2032 0:00,In School,,,,,Updated,Mapped
701,MAHESANA,KADI,MEDHA,24040202501,CHANDRASAN PRIMARY SCHOOL,10121387,DIPTIBEN JAYANTILAL PATEL,Teacher,"6-Maths, 6-Science and Technology, 7-Maths, 7-Maths, 8-Maths, 8-Science and Technology",6 To 8, Maths-Science,0,TEACHER,Direct Recruitment,7/25/2044 0:00,In School,,,,,Updated,Mapped
702,MAHESANA,KADI,MEDHA,24040202501,CHANDRASAN PRIMARY SCHOOL,10028320,GAJENDRAKUMAR BHANUPRASAD BAROT,Teacher,"1-Environment, 1-Gujarati, 1-Maths, 3-Environment, 3-Gujarati, 3-Maths",1 To 5,0,0,TEACHER,,11/3/2032 0:00,In School,,,,,Updated,Mapped
703,MAHESANA,KADI,MEDHA,24040202501,CHANDRASAN PRIMARY SCHOOL,10158608,HEMABEN JAYANTILAL PATEL,Principal,"1-Environment, 3-Environment, 4-Environment, 5-English, 5-Environment",1 To 5,0,0,TEACHER,,5/20/2030 0:00,In School,,,,,Updated,Mapped
704,MAHESANA,KADI,MEDHA,24040202501,CHANDRASAN PRIMARY SCHOOL,10158605,NITABEN RAMANLAL MODI,Teacher,"6-Gujarati, 6-Hindi, 7-Gujarati, 7-Gujarati, 8-Gujarati, 8-Hindi",6 To 8, Language,Gujarati,TEACHER,Option,12/1/2036 0:00,In School,,,,,Updated,Mapped
705,MAHESANA,KADI,MEDHA,24040203101,DELLA PRIMARY SCHOOL,11632150,ASHABAHEN AMBARAMBHAI CHAUDHARI,Gyan Sahayak,"1-Gujarati, 1-Maths",1 To 5,0,0,TEACHER,,2/26/2042 0:00,In School,,,,,Updated,Mapped
706,MAHESANA,KADI,MEDHA,24040203101,DELLA PRIMARY SCHOOL,10184399,DARJI BIPINCHANDRA CHATURBHAI,Principal,"1-Environment, 1-Maths, 1-Maths, 2-Environment, 2-Maths, 2-Maths",1 To 5,0,0,TEACHER,,6/1/2031 0:00,In School,,,,,Updated,Mapped
707,MAHESANA,KADI,MEDHA,24040203101,DELLA PRIMARY SCHOOL,11560211,KARANBHAI GANGARAMBHAI THAKOR,Gyan Sahayak,"3-Environment, 3-Environment, 3-Maths, 3-Maths, 4-Environment, 4-Environment, 4-Hindi, 4-Maths, 4-Maths, 5-Environment, 5-Environment, 5-Hindi, 5-Maths, 5-Maths",1 To 5,0,0,TEACHER,,7/30/2053 0:00,In School,,,,,Updated,Mapped
708,MAHESANA,KADI,MEDHA,24040203101,DELLA PRIMARY SCHOOL,10155799,MACHHI REKHABEN RAIJIBHAI,Teacher,"1-Gujarati, 1-Gujarati, 1-Sports, 2-Gujarati, 2-Gujarati, 2-Sports",1 To 5,0,0,TEACHER,,5/1/2042 0:00,In School,,,,,Updated,Mapped
709,MAHESANA,KADI,MEDHA,24040203101,DELLA PRIMARY SCHOOL,10079111,MAKWANA VARSHABEN PRAHLADBHAI,Teacher,"3-Gujarati, 3-Gujarati, 4-Gujarati, 4-Gujarati, 4-Hindi, 5-English, 5-English, 5-Gujarati, 5-Gujarati, 5-Hindi",1 To 5,0,0,TEACHER,,12/7/2045 0:00,In School,,,,,Updated,Mapped
710,MAHESANA,KADI,MEDHA,24040203101,DELLA PRIMARY SCHOOL,10161143,PATEL BABUBHAI JAYANTIBHAI,Teacher,"6-English, 6-English, 6-Gujarati, 6-Gujarati, 7-English, 7-English, 7-Gujarati, 7-Gujarati, 7-Hindi, 7-Hindi, 8-English, 8-English, 8-Gujarati, 8-Gujarati, 8-Hindi, 8-Hindi",6 To 8, Language,Gujarati,TEACHER,Direct Recruitment,6/1/2035 0:00,In School,,,,,Updated,Mapped
711,MAHESANA,KADI,MEDHA,24040203101,DELLA PRIMARY SCHOOL,10161144,PATEL NIPABEN PURUSHOTTAMBHAI,Teacher,"5-Sports, 6-Maths, 6-Maths, 6-Science and Technology, 6-Science and Technology, 7-Maths, 7-Maths, 7-Science and Technology, 7-Science and Technology, 7-Sports, 8-Maths, 8-Maths, 8-Science and Technology, 8-Science and Technology, 8-Sports",6 To 8, Maths-Science,0,TEACHER,Direct Recruitment,4/3/2041 0:00,In School,,,,,Updated,Mapped
712,MAHESANA,KADI,MEDHA,24040203101,DELLA PRIMARY SCHOOL,10081387,SURESHKUMAR MANILAL KADIYA,Teacher,"6-Hindi, 6-Hindi, 6-Sanskrit, 6-Sanskrit, 6-Social Science, 6-Social Science, 7-Sanskrit, 7-Sanskrit, 7-Social Science, 7-Social Science, 8-Sanskrit, 8-Sanskrit, 8-Social Science, 8-Social Science",6 To 8, Social-Science,0,TEACHER,Option,10/8/2033 0:00,In School,,,,,Updated,Mapped
713,MAHESANA,KADI,MEDHA,24040204701,GOVINDPURA PRIMARY SCHOOL,10155754,JAYABEN ABHERAJBHAI CHAUDHARY,Principal,"15-Environment, 15-Gujarati, 15-Maths, 3-Environment, 3-Gujarati, 3-Maths",1 To 5,0,0,TEACHER,,8/31/2036 0:00,In School,,,,,Updated,Mapped
714,MAHESANA,KADI,MEDHA,24040204701,GOVINDPURA PRIMARY SCHOOL,10155753,VANITABEN NARAYANBHAI MODI,Teacher,"1-Environment, 1-Gujarati, 1-Maths, 2-Environment, 2-Gujarati, 2-Maths, 5-Environment, 5-Gujarati, 5-Maths",1 To 5,0,0,TEACHER,,5/31/2028 0:00,In School,,,,,Updated,Mapped
715,MAHESANA,KADI,MEDHA,24040205601,JESANGPURA PRIMARY SCHOOL,10155825,ABHISHEK LAXMANBHAI PRAJAPATI,Teacher,"6-Maths, 6-Science and Technology, 7-Maths, 7-Science and Technology, 8-Maths, 8-Science and Technology",6 To 8, Maths-Science,0,TEACHER,Direct Recruitment,11/30/2043 0:00,In School,,,,,Updated,Mapped
716,MAHESANA,KADI,MEDHA,24040205601,JESANGPURA PRIMARY SCHOOL,10200533,BHUMIKABEN BABULAL PATEL,Teacher,"6-Hindi, 6-Social Science, 7-Hindi, 7-Social Science, 8-Hindi, 8-Social Science",6 To 8, Social-Science,0,TEACHER,Option,6/30/2046 0:00,In School,,,,,Updated,Mapped
717,MAHESANA,KADI,MEDHA,24040205601,JESANGPURA PRIMARY SCHOOL,10155827,DHARMISHTHABEN BABULAL PATEL,Principal,"15-Environment, 15-Gujarati, 15-Maths, 1-Environment, 1-Gujarati, 1-Maths, 2-Environment, 2-Gujarati, 2-Maths",1 To 5,0,0,TEACHER,,6/30/2034 0:00,In School,,,,,Updated,Mapped
718,MAHESANA,KADI,MEDHA,24040205601,JESANGPURA PRIMARY SCHOOL,10121065,MALVIKABEN BHARATBHAI RAVAL,Teacher,"6-English, 6-Gujarati, 6-Sanskrit, 7-English, 7-Gujarati, 7-Sanskrit, 8-English, 8-Gujarati, 8-Sanskrit",6 To 8, Language,Sanskrit,TEACHER,Option,6/30/2038 0:00,In School,,,,,Updated,Mapped
719,MAHESANA,KADI,MEDHA,24040205601,JESANGPURA PRIMARY SCHOOL,10169785,MITESHKUMAR KANTILAL PATEL,Teacher,"3-Environment, 3-Gujarati, 3-Maths, 4-Environment, 4-Gujarati, 4-Hindi, 4-Maths, 5-English, 5-Environment, 5-Gujarati, 5-Hindi, 5-Maths",1 To 5,0,0,TEACHER,,3/30/2042 0:00,In School,Not Relieved,,Others,જિલ્લા માંથી 29/07/2026 ના રોજછૂટા થયેલ જિલ્લામાંથી 29/07/2026 ના રોજ છૂટા થયેલ છે અને શાળામાંથી 31/07/2026 ના રોજ છૂટા થવાના છે,Updated,Mapped
720,MAHESANA,KADI,MEDHA,24040207001,KANAJARI PRIMARY SCHOOL,10158320,HIMMATBHAI JAHANGIRBHAI VAGHELA,Teacher,"1-Environment, 1-Gujarati, 1-Maths, 3-Maths, 4-Maths, 5-Maths",1 To 5,0,0,TEACHER,,11/30/2033 0:00,In School,,,,,Updated,Mapped
721,MAHESANA,KADI,MEDHA,24040207001,KANAJARI PRIMARY SCHOOL,10158319,HITESHKUMAR PRAVINKUMAR JANI,Teacher,"6-Hindi, 6-Social Science, 7-Hindi, 7-Sanskrit, 7-Social Science, 8-Hindi, 8-Social Science",6 To 8, Social-Science,0,TEACHER,Option,7/31/2044 0:00,In School,,,,,Updated,Mapped
722,MAHESANA,KADI,MEDHA,24040207001,KANAJARI PRIMARY SCHOOL,10173903,KIRITKUMAR SOMABHAI PATEL,Principal,"15-Environment, 15-Gujarati, 15-Maths, 3-Environment, 3-Maths, 4-Environment, 4-Maths, 5-English, 5-Environment",1 To 5,0,0,TEACHER,,6/30/2035 0:00,In School,,,,,Updated,Mapped
723,MAHESANA,KADI,MEDHA,24040207001,KANAJARI PRIMARY SCHOOL,10158316,MITALBEN HARESHBHAI VYAS,Teacher,"1-Environment, 1-Gujarati, 1-Maths, 2-Environment, 2-Environment, 2-Gujarati, 2-Gujarati, 2-Maths, 2-Maths",1 To 5,0,0,TEACHER,,9/30/2044 0:00,In School,,,,,Updated,Mapped
724,MAHESANA,KADI,MEDHA,24040207001,KANAJARI PRIMARY SCHOOL,10158313,NAYANABEN RAMESHCHANDRA PATEL,Teacher,"15-Environment, 15-Gujarati, 15-Maths, 3-Environment, 4-Environment, 5-English, 5-Environment",1 To 5,0,0,TEACHER,,12/31/2039 0:00,In School,,,,,Updated,Mapped
725,MAHESANA,KADI,MEDHA,24040207001,KANAJARI PRIMARY SCHOOL,10111832,PINABEN NATAVARLAL VYAS,Teacher,"6-English, 6-English, 6-Gujarati, 6-Gujarati, 6-Sanskrit, 7-English, 7-English, 7-Gujarati, 7-Gujarati, 8-English, 8-English, 8-Gujarati, 8-Gujarati, 8-Sanskrit",6 To 8, Language,Hindi,TEACHER,Direct Recruitment,1/31/2047 0:00,In School,,,,,Updated,Mapped
726,MAHESANA,KADI,MEDHA,24040207001,KANAJARI PRIMARY SCHOOL,10158315,RITABEN KESHUJI MAKWANA,Teacher,"3-Gujarati, 3-Gujarati, 4-Gujarati, 4-Gujarati, 4-Hindi, 4-Hindi, 5-Gujarati, 5-Gujarati, 5-Hindi, 5-Hindi, 5-Maths, 5-Sports",1 To 5,0,0,TEACHER,,11/30/2036 0:00,In School,,,,,Updated,Mapped
727,MAHESANA,KADI,MEDHA,24040207001,KANAJARI PRIMARY SCHOOL,10158317,VIPULKUMAR CHANDUBHAI PATEL,Teacher,"6-Maths, 6-Maths, 6-Science and Technology, 6-Science and Technology, 7-Maths, 7-Maths, 7-Science and Technology, 8-Maths, 8-Maths, 8-Science and Technology, 8-Science and Technology",6 To 8, Maths-Science,0,TEACHER,Direct Recruitment,10/31/2043 0:00,In School,,,,,Updated,Mapped
728,MAHESANA,KADI,MEDHA,24040207701,KHANDERAVPURA PAY CENTER  SCH,10055235,ALKABEN SHANKAR BHAI PATEL,Principal,"2-Environment, 2-Gujarati, 2-Maths",1 To 5,0,0,TEACHER,,4/30/2032 0:00,In School,,,,,Updated,Mapped
729,MAHESANA,KADI,MEDHA,24040207701,KHANDERAVPURA PAY CENTER  SCH,10131007,BABARBHAI SARTANBHAI RABARI,Teacher,"6-Hindi, 6-Social Science, 7-Hindi, 7-Social Science, 8-Hindi, 8-Sanskrit, 8-Social Science",6 To 8, Social-Science,0,TEACHER,Option,1/31/2030 0:00,In School,,,,,Updated,Mapped
730,MAHESANA,KADI,MEDHA,24040207701,KHANDERAVPURA PAY CENTER  SCH,10158429,NEHABEN MOHANLAL PATEL,Teacher,"15-Environment, 15-Gujarati, 15-Maths, 1-Environment, 1-Gujarati, 1-Special Education",1 To 5,0,0,TEACHER,,8/31/2045 0:00,In School,,,,,Updated,Mapped
731,MAHESANA,KADI,MEDHA,24040207701,KHANDERAVPURA PAY CENTER  SCH,10259107,PAYALBEN KANTIBHAI PATEL,Teacher,"6-Maths, 6-Science and Technology, 7-Maths, 7-Science and Technology, 8-Maths, 8-Science and Technology",6 To 8, Maths-Science,0,TEACHER,Direct Recruitment,8/29/2053 0:00,In School,,,,,Updated,Mapped
732,MAHESANA,KADI,MEDHA,24040207701,KHANDERAVPURA PAY CENTER  SCH,10059264,VARSHABEN SHANKARLAL SUTHAR,Teacher,"3-Maths, 4-Hindi, 4-Maths, 5-English, 5-Hindi, 5-Maths",6 To 8, Language,Gujarati,TEACHER,Option,3/2/2040 0:00,In School,,,,,Updated,Mapped
733,MAHESANA,KADI,MEDHA,24040209101,MEDHA PRIMARY SCHOOL,10152054,AVANIBEN NIRANJANKUMAR DAVE,Teacher,"6-English, 6-Gujarati, 7-English, 7-Gujarati, 8-English, 8-Gujarati",6 To 8, Language,English,TEACHER,Option,10/31/2045 0:00,In School,,,,,Updated,Mapped
734,MAHESANA,KADI,MEDHA,24040209101,MEDHA PRIMARY SCHOOL,10155791,BHAVANABEN RAMESHBHAI PATEL,Teacher,"3-Environment, 3-Gujarati, 3-Maths, 4-Environment, 4-Gujarati, 4-Hindi, 4-Maths, 5-English, 5-Environment, 5-Gujarati, 5-Hindi, 5-Maths",1 To 5,0,0,TEACHER,,9/30/2040 0:00,In School,,,,,Updated,Mapped
735,MAHESANA,KADI,MEDHA,24040209101,MEDHA PRIMARY SCHOOL,10092996,JIGNABEN DHIRAJLAL GOHIL,Teacher,"6-Hindi, 6-Social Science, 7-Hindi, 7-Social Science, 8-Hindi, 8-Social Science",6 To 8, Social-Science,0,TEACHER,Option,2/28/2035 0:00,In School,,,,,Updated,Mapped
736,MAHESANA,KADI,MEDHA,24040209101,MEDHA PRIMARY SCHOOL,10120599,KANUBHAI VARVABHAI PATEL,Teacher,"15-Environment, 15-Gujarati, 1-Environment, 1-Gujarati, 1-Gujarati, 2-Environment, 2-Gujarati, 2-Gujarati",1 To 5,0,0,TEACHER,,9/30/2044 0:00,In School,Relieved,24040209101,Others,He relieve in next 7 days,Updated,Mapped
737,MAHESANA,KADI,MEDHA,24040209101,MEDHA PRIMARY SCHOOL,10146716,KAVITA RAMANLAL SHAH,Teacher,"6-Maths, 6-Science and Technology, 7-Maths, 7-Science and Technology, 7-Sports, 8-Maths, 8-Science and Technology",6 To 8, Maths-Science,Gujarati,TEACHER,Direct Recruitment,7/31/2033 0:00,In School,,,,,Updated,Mapped
738,MAHESANA,KADI,MEDHA,24040209101,MEDHA PRIMARY SCHOOL,10152049,SANJAYKUMAR LALJIBHAI PATEL,Principal,"5-English, 5-Environment, 5-Gujarati, 5-Hindi, 5-Maths, 5-Sports",1 To 5,0,0,TEACHER,,6/30/2030 0:00,In School,,,,,Updated,Mapped
739,MAHESANA,KADI,MEDHA,24040209501,NADAN PRIMARY SCHOOL,10152073,BHAGIRATHBHAI VAJUBHAI DODIYA,Teacher,"15-Environment, 15-Gujarati, 15-Maths",1 To 5,0,0,TEACHER,,3/31/2039 0:00,In School,,,,,Updated,Mapped
740,MAHESANA,KADI,MEDHA,24040209501,NADAN PRIMARY SCHOOL,10152075,BHARATKUMAR HASMUKHBHAI DARJI,Teacher,"6-Gujarati, 6-Social Science, 6-Sports, 7-Gujarati, 7-Social Science, 7-Sports, 8-Gujarati, 8-Social Science, 8-Sports",6 To 8, Social-Science,0,TEACHER,Option,5/31/2034 0:00,In School,,,,,Updated,Mapped
741,MAHESANA,KADI,MEDHA,24040209501,NADAN PRIMARY SCHOOL,10152074,DARSHANBAEN NARENDRABHAI PATEL,Teacher,"6-Maths, 6-Science and Technology, 7-Maths, 7-Science and Technology, 8-Maths, 8-Science and Technology",6 To 8, Maths-Science,Gujarati,TEACHER,Direct Recruitment,8/31/2043 0:00,In School,,,,,Updated,Mapped
742,MAHESANA,KADI,MEDHA,24040209501,NADAN PRIMARY SCHOOL,10152068,JIGNESHKUMAR SHIVRAMBHAI DARJI,Teacher,"6-English, 6-Hindi, 6-Sanskrit, 7-English, 7-Hindi, 7-Sanskrit, 8-English, 8-Hindi, 8-Sanskrit",6 To 8, Language,Hindi,TEACHER,Direct Recruitment,9/30/2042 0:00,In School,,,,,Updated,Mapped
743,MAHESANA,KADI,MEDHA,24040209501,NADAN PRIMARY SCHOOL,10018486,JIGNESHKUMAR VASUDEVBHAI PATEL,Principal (HTAT),"3-Sports, 4-Sports, 5-Special Education, 5-Sports, 6-Sports, 7-Sports, 8-Special Education, 8-Sports",1 To 5,0,0,HEAD TEACHER (HTAT),,6/30/2041 0:00,In School,,,,,Updated,Mapped
744,MAHESANA,KADI,MEDHA,24040209501,NADAN PRIMARY SCHOOL,10155611,MAHEB00BBHAI ALLARAKHA KURESHI,Teacher,"3-Gujarati, 3-Sports, 4-Gujarati, 4-Hindi, 4-Sports, 5-Gujarati, 5-Hindi, 5-Sports",1 To 5,0,0,TEACHER,,4/30/2040 0:00,In School,,,,,Updated,Mapped
745,MAHESANA,KADI,MEDHA,24040209501,NADAN PRIMARY SCHOOL,10152070,NABIBHAI AMRUTBHAI MALEK,Teacher,"3-Environment, 3-Maths, 4-Environment, 4-Maths, 5-Environment, 5-Maths",1 To 5,0,0,TEACHER,,6/30/2037 0:00,In School,,,,,Updated,Mapped
746,MAHESANA,KADI,MEDHA,24040209501,NADAN PRIMARY SCHOOL,10080974,RAJESHKUMAR NATAVARLAL PATEL,Teacher,"1-Environment, 1-Gujarati, 1-Maths, 1-Maths, 1-Special Education, 1-Special Education, 1-Sports, 1-Sports",1 To 5,0,0,TEACHER,,8/31/2029 0:00,In School,,,,,Updated,Mapped
747,MAHESANA,KADI,MEDHA,24040209501,NADAN PRIMARY SCHOOL,10152071,SHERKHAN GULABBHAI SIPAI,Teacher,"2-Environment, 2-Gujarati, 2-Maths, 2-Special Education, 2-Sports",1 To 5,0,0,TEACHER,,3/31/2037 0:00,In School,,,,,Updated,Mapped
748,MAHESANA,KADI,MEDHA,24040210601,PANTHODA PRIMARY SCHOOL,11633099,AMITA SACHINKUMAR KADIYA,Gyan Sahayak,2-Maths,1 To 5,0,0,TEACHER,,6/30/2027 0:00,In School,,,,,Updated,Mapped
749,MAHESANA,KADI,MEDHA,24040210601,PANTHODA PRIMARY SCHOOL,11633043,ASHABEN DAHYABHAI PRAJAPATI,Gyan Sahayak,5-Gujarati,1 To 5,0,0,TEACHER,,6/30/2027 0:00,In School,,,,,Updated,Mapped
750,MAHESANA,KADI,MEDHA,24040210601,PANTHODA PRIMARY SCHOOL,10081020,FORAMBEN AMRUTBHAI PATEL,Teacher,"6-Science and Technology, 6-Science and Technology, 7-Science and Technology, 7-Science and Technology, 8-Science and Technology, 8-Science and Technology",6 To 8, Maths-Science,0,TEACHER,Direct Recruitment,5/31/2049 0:00,In School,,,,,Updated,Mapped
751,MAHESANA,KADI,MEDHA,24040210601,PANTHODA PRIMARY SCHOOL,10014746,HAREHARBHAI PRAHLADBHAI MODI,Teacher,"6-Maths, 6-Maths, 7-Maths, 7-Maths, 8-Maths, 8-Maths",6 To 8, Maths-Science,0,TEACHER,Direct Recruitment,7/31/2035 0:00,In School,,,,,Updated,Mapped
752,MAHESANA,KADI,MEDHA,24040210601,PANTHODA PRIMARY SCHOOL,10146378,ISABBHAI RASULBHAI RATHOD,Principal,"2-Environment, 2-Environment, 2-Gujarati, 2-Gujarati, 2-Maths, 2-Maths",1 To 5,0,0,TEACHER,,5/31/2031 0:00,In School,,,,,Updated,Mapped
753,MAHESANA,KADI,MEDHA,24040210601,PANTHODA PRIMARY SCHOOL,10910669,JAGRUTIBEN CHELAJIBHAI PRAJAPATI,Gyan Sahayak,3-Gujarati,1 To 5,0,0,TEACHER,,7/31/2027 0:00,In School,,,,,Updated,Mapped
754,MAHESANA,KADI,MEDHA,24040210601,PANTHODA PRIMARY SCHOOL,11299081,JAYDEEPKUMAR BHAICHANDBHAI PATEL,Vidhya Sahayak,"6-Social Science, 6-Social Science, 7-Social Science, 7-Social Science, 8-Social Science, 8-Social Science",6 To 8, Social-Science,0,VIDHYA SAHAYAK,Direct Recruitment,2/28/2049 0:00,In School,,,,,Updated,Mapped
755,MAHESANA,KADI,MEDHA,24040210601,PANTHODA PRIMARY SCHOOL,11670209,JIGARKUMAR AMRUTJI CHAUHAN,Gyan Sahayak,"9-Maths, 9-Sanskrit",9 To 10,0,0,TEACHER,,7/31/2027 0:00,In School,,,,,Updated,Mapped
756,MAHESANA,KADI,MEDHA,24040210601,PANTHODA PRIMARY SCHOOL,11633085,JIGNISHABEN KHEMCHANDBHAI MAKWANA,Gyan Sahayak,2-Environment,1 To 5,0,0,TEACHER,,6/30/2027 0:00,In School,,,,,Updated,Mapped
757,MAHESANA,KADI,MEDHA,24040210601,PANTHODA PRIMARY SCHOOL,10064628,KANTIBHAI TRIKAMBHAI PATEL,Teacher,"3-Maths, 3-Maths, 4-Maths, 4-Maths, 5-English, 5-Gujarati, 5-Hindi, 5-Maths, 5-Maths",1 To 5,0,0,TEACHER,,6/30/2027 0:00,In School,,,,,Updated,Mapped
758,MAHESANA,KADI,MEDHA,24040210601,PANTHODA PRIMARY SCHOOL,10155624,NALINIBEN PIYUSHSHBHAI VIHOHA,Teacher,"3-Environment, 4-Environment, 5-Environment",1 To 5,0,0,TEACHER,,6/30/2034 0:00,In School,,,,,Updated,Mapped
759,MAHESANA,KADI,MEDHA,24040210601,PANTHODA PRIMARY SCHOOL,10155621,NIKHILKUMAR GANESHBHAI SOLANKI,Teacher,"6-Gujarati, 6-Gujarati, 7-Gujarati, 7-Gujarati, 8-Gujarati, 8-Gujarati",6 To 8, Language,Gujarati,TEACHER,Option,2/28/2033 0:00,In School,,,,,Updated,Mapped
760,MAHESANA,KADI,MEDHA,24040210601,PANTHODA PRIMARY SCHOOL,10187505,NIPABEN NAVINCHANDRA PANDYA,Teacher,"6-English, 6-English, 7-English, 7-English",6 To 8, Language,English,TEACHER,Direct Recruitment,11/30/2038 0:00,In School,,,,,Updated,Mapped
761,MAHESANA,KADI,MEDHA,24040210601,PANTHODA PRIMARY SCHOOL,10158567,PRAKASH BHERULAL CHOUBISA,Teacher,"6-Hindi, 6-Hindi, 6-Sanskrit, 6-Sanskrit, 7-Gujarati, 7-Gujarati, 7-Hindi, 8-Gujarati, 8-Gujarati, 8-Hindi, 8-Hindi, 8-Sanskrit, 8-Sanskrit",6 To 8, Language,Sanskrit,TEACHER,Direct Recruitment,6/30/2048 0:00,In School,,,,,Updated,Mapped
762,MAHESANA,KADI,MEDHA,24040210601,PANTHODA PRIMARY SCHOOL,10012688,REKHABEN BABUJI BAROT,Teacher,"15-Environment, 15-Environment, 15-Gujarati, 15-Gujarati, 15-Maths, 15-Maths, 1-Environment, 1-Environment, 1-Gujarati, 1-Gujarati, 1-Maths, 1-Maths",1 To 5,0,0,TEACHER,,6/30/2031 0:00,In School,,,,,Updated,Mapped
763,MAHESANA,KADI,MEDHA,24040210601,PANTHODA PRIMARY SCHOOL,11426068,VRUSHTI MAYURBHAI PATEL,Gyan Sahayak,"3-Environment, 3-Gujarati, 3-Gujarati, 4-Environment, 4-Gujarati, 4-Gujarati, 4-Hindi, 4-Hindi, 5-English, 5-Environment, 5-Gujarati, 5-Hindi",1 To 5,0,0,TEACHER,,7/31/2027 0:00,In School,,,,,Updated,Mapped
764,MAHESANA,KADI,MEDHA,24040214101,YASHVANTPURA PRI SCHOOL,10151901,GAUTAMKUMAR NATAVARBHAI PATEL,Principal,"4-Environment, 4-Gujarati, 4-Hindi, 4-Maths, 5-English, 5-Environment, 5-Gujarati, 5-Hindi, 5-Maths",1 To 5,0,0,TEACHER,,6/30/2035 0:00,In School,,,,,Updated,Mapped
765,MAHESANA,KADI,MEDHA,24040214101,YASHVANTPURA PRI SCHOOL,10095538,MEGHNABEN KANTILAL PATEL,Teacher,"15-Environment, 15-Gujarati, 15-Maths, 1-Environment, 1-Gujarati, 1-Maths, 1-Sports, 2-Environment, 2-Gujarati, 2-Maths, 2-Sports, 3-Environment, 3-Gujarati, 3-Maths, 3-Sports",1 To 5,0,0,TEACHER,,7/31/2045 0:00,In School,,,,,Updated,Mapped
766,MAHESANA,KADI,NAVAPURA (NA),24040204401,GANESHPURA PRIMARY SCHOOL,10125920,ANAND BHASKAR MUKUNDRAY,Teacher,"6-Maths, 6-Science and Technology, 7-Maths, 7-Science and Technology, 8-Maths, 8-Science and Technology",6 To 8, Maths-Science,Gujarati,TEACHER,Direct Recruitment,11/30/2040 0:00,In School,,,,,Updated,Mapped
767,MAHESANA,KADI,NAVAPURA (NA),24040204401,GANESHPURA PRIMARY SCHOOL,10155726,ASHOKKUMAR KANTILAL PATEL,Teacher,"2-Gujarati, 2-Maths",1 To 5,0,0,TEACHER,,6/30/2033 0:00,In School,,,,,Updated,Mapped
768,MAHESANA,KADI,NAVAPURA (NA),24040204401,GANESHPURA PRIMARY SCHOOL,10121406,BHASKARKUMAR NAROTTAMBHAI PARMAR,Principal (HTAT),6-Sanskrit,HTAT, Maths-Science,Gujarati,HEAD TEACHER (HTAT),Direct Recruitment,7/31/2036 0:00,In School,,,,,Updated,Mapped
769,MAHESANA,KADI,NAVAPURA (NA),24040204401,GANESHPURA PRIMARY SCHOOL,10155723,JITENDRAKUMAR SHANTILAL BHAVSAR,Teacher,"1-Gujarati, 1-Maths",1 To 5,0,0,TEACHER,,4/12/2027 0:00,In School,,,,,Updated,Mapped
770,MAHESANA,KADI,NAVAPURA (NA),24040204401,GANESHPURA PRIMARY SCHOOL,10155729,NARENDRAKUMAR RAMABHAI PATEL,Teacher,"6-English, 6-Gujarati, 7-English, 7-Gujarati, 8-English, 8-Gujarati, 8-Sanskrit",6 To 8, Language,Sanskrit,TEACHER,Direct Recruitment,5/30/2036 0:00,In School,,,,,Updated,Mapped
771,MAHESANA,KADI,NAVAPURA (NA),24040204401,GANESHPURA PRIMARY SCHOOL,10084682,NITINKUMAR RANCHHODBHAI PARMAR,Teacher,"3-Maths, 4-Hindi, 4-Maths, 5-English, 5-Maths",1 To 5,0,0,TEACHER,,9/30/2034 0:00,In School,,,,,Updated,Mapped
772,MAHESANA,KADI,NAVAPURA (NA),24040204401,GANESHPURA PRIMARY SCHOOL,10155724,SEJALBEN JAYANTIBHAI SOLANKI,Teacher,"6-Hindi, 6-Social Science, 7-Hindi, 7-Sanskrit, 7-Social Science, 8-Hindi, 8-Social Science",6 To 8, Social-Science,Hindi,TEACHER,Option,12/31/2035 0:00,In School,,,,,Updated,Mapped
773,MAHESANA,KADI,NAVAPURA (NA),24040204401,GANESHPURA PRIMARY SCHOOL,10126183,SHARMISTHABEN RAMESHCHANDRA PATEL,Teacher,"3-Environment, 3-Gujarati, 4-Environment, 4-Gujarati, 5-Environment, 5-Gujarati, 5-Hindi",1 To 5,0,0,TEACHER,,7/31/2045 0:00,In School,,,,,Updated,Mapped
774,MAHESANA,KADI,NAVAPURA (NA),24040204401,GANESHPURA PRIMARY SCHOOL,10155725,VARSHABEN SOMABHAI PATEL,Teacher,"15-Gujarati, 15-Maths",1 To 5,0,0,TEACHER,,7/31/2034 0:00,In School,,,,,Updated,Mapped
775,MAHESANA,KADI,NAVAPURA (NA),24040206701,KAIYAL PRIMARY SCHOOL,10155918,ALKABEN NATHALAL PATEL,Teacher,"1-Environment, 1-Gujarati, 1-Maths, 1-Special Education, 1-Sports",1 To 5,0,0,TEACHER,,6/30/2033 0:00,In School,,,,,Updated,Mapped
776,MAHESANA,KADI,NAVAPURA (NA),24040206701,KAIYAL PRIMARY SCHOOL,10155917,AMITABEN SHIVABHAI PATEL,Teacher,"2-Environment, 2-Gujarati, 2-Maths, 2-Special Education, 2-Sports",1 To 5,0,0,TEACHER,,2/28/2035 0:00,In School,,,,,Updated,Mapped
777,MAHESANA,KADI,NAVAPURA (NA),24040206701,KAIYAL PRIMARY SCHOOL,10055142,DARSHANABEN VIJAYKUMAR VYAS,Teacher,"6-Maths, 7-Maths, 7-Science and Technology, 8-Maths, 8-Science and Technology",6 To 8, Maths-Science,0,TEACHER,Direct Recruitment,12/31/2034 0:00,In School,,,,,Updated,Mapped
778,MAHESANA,KADI,NAVAPURA (NA),24040206701,KAIYAL PRIMARY SCHOOL,10093071,FALGUNIBEN MANILAL SOITWALAL,Teacher,"6-English, 6-Sanskrit, 7-English, 7-Hindi, 8-Gujarati, 8-Sanskrit",6 To 8, Language,English,TEACHER,Option,3/31/2039 0:00,In School,,,,,Updated,Mapped
779,MAHESANA,KADI,NAVAPURA (NA),24040206701,KAIYAL PRIMARY SCHOOL,10155915,GAYATRIBEN JAYANTILAL RAVAL,Teacher,"15-Environment, 15-Gujarati, 15-Maths",1 To 5,0,0,TEACHER,,11/30/2034 0:00,In School,,,,,Updated,Mapped
780,MAHESANA,KADI,NAVAPURA (NA),24040206701,KAIYAL PRIMARY SCHOOL,10155911,HARESH PRAVINBHAI PATEL,Principal,"3-Gujarati, 4-Gujarati, 4-Hindi, 4-Special Education, 5-Gujarati",1 To 5,0,0,TEACHER,,7/31/2035 0:00,In School,,,,,Updated,Mapped
781,MAHESANA,KADI,NAVAPURA (NA),24040206701,KAIYAL PRIMARY SCHOOL,10155920,HINABEN SITARAMBHAI PATEL,Teacher,"6-Gujarati, 7-Gujarati, 7-Sanskrit, 8-English, 8-Hindi",6 To 8, Language,English,TEACHER,Option,6/30/2045 0:00,In School,,,,,Updated,Mapped
782,MAHESANA,KADI,NAVAPURA (NA),24040206701,KAIYAL PRIMARY SCHOOL,10155914,RANCHHODBHAI SHIVRAMBHAI PRAJAPATEL,Teacher,"3-Environment, 4-Environment, 5-English, 5-Environment",1 To 5,0,0,TEACHER,,6/30/2032 0:00,In School,,,,,Updated,Mapped
783,MAHESANA,KADI,NAVAPURA (NA),24040206701,KAIYAL PRIMARY SCHOOL,10155598,SANGITABEN PRAHALADBHAI PRAJAPATI,Teacher,"6-Hindi, 6-Science and Technology, 6-Social Science, 7-Social Science, 8-Social Science",6 To 8, Social-Science,0,TEACHER,,3/31/2038 0:00,In School,,,,,Updated,Mapped
784,MAHESANA,KADI,NAVAPURA (NA),24040206701,KAIYAL PRIMARY SCHOOL,10177623,SHAILESHKUMAR PRAHLADBHAI PATEL,Teacher,"3-Maths, 3-Special Education, 4-Maths, 5-Hindi, 5-Maths",1 To 5,0,0,TEACHER,,6/30/2036 0:00,In School,,,,,Updated,Mapped
785,MAHESANA,KADI,NAVAPURA (NA),24040207901,KHERPUR PRIMARY SCHOOL,10155600,FALGUNIBEN NATVARLAL PATEL,Teacher,"1-Environment, 1-Maths, 3-Environment, 4-Environment, 5-English, 5-Environment",1 To 5,0,0,TEACHER,,2/29/2032 0:00,In School,,,,,Updated,Mapped
786,MAHESANA,KADI,NAVAPURA (NA),24040207901,KHERPUR PRIMARY SCHOOL,10151894,GOVINDLAL SHANKARLAL PANCHAL,Principal (HTAT),"6-Sanskrit, 6-Sanskrit, 7-Sanskrit, 7-Sanskrit, 8-Sanskrit, 8-Sanskrit",HTAT,0,0,HEAD TEACHER (HTAT),,6/30/2028 0:00,In School,,,,,Updated,Mapped
787,MAHESANA,KADI,NAVAPURA (NA),24040207901,KHERPUR PRIMARY SCHOOL,10151896,HANSABEN RATILAL PARMAR,Teacher,"6-English, 6-Gujarati, 7-English, 7-Gujarati, 8-English, 8-Gujarati",6 To 8, Language,Gujarati,TEACHER,Option,12/31/2033 0:00,In School,,,,,Updated,Mapped
788,MAHESANA,KADI,NAVAPURA (NA),24040207901,KHERPUR PRIMARY SCHOOL,10151898,MUKESHKUMAR MAFABHAI PARMAR,Teacher,"6-Gujarati, 6-Social Science, 7-Gujarati, 7-Social Science, 8-Gujarati, 8-Social Science",6 To 8, Social-Science,0,TEACHER,Option,6/30/2035 0:00,In School,,,,,Updated,Mapped
789,MAHESANA,KADI,NAVAPURA (NA),24040207901,KHERPUR PRIMARY SCHOOL,10151890,NAVINBHAI RUPJIBHAI GAMETI,Teacher,"15-Environment, 15-Gujarati, 15-Maths, 2-Environment, 2-Maths",1 To 5,0,0,TEACHER,,8/31/2029 0:00,In School,,,,,Updated,Mapped
790,MAHESANA,KADI,NAVAPURA (NA),24040207901,KHERPUR PRIMARY SCHOOL,10164778,NITABEN MOHANLAL PARMAR,Teacher,"3-Gujarati, 3-Gujarati, 4-Gujarati, 4-Gujarati, 4-Hindi, 4-Hindi, 5-English, 5-Gujarati, 5-Gujarati, 5-Hindi, 5-Hindi",1 To 5,0,0,TEACHER,,10/31/2037 0:00,In School,,,,,Updated,Mapped
791,MAHESANA,KADI,NAVAPURA (NA),24040207901,KHERPUR PRIMARY SCHOOL,10077780,RIKETABEN NATVARLAL SUTHAR,Teacher,"3-Environment, 3-Maths, 4-Environment, 4-Maths, 5-Environment, 5-Maths",1 To 5,0,0,TEACHER,,2/28/2042 0:00,In School,,,,,Updated,Mapped
792,MAHESANA,KADI,NAVAPURA (NA),24040207901,KHERPUR PRIMARY SCHOOL,10158618,SANGITABEN NARANDAS NAYI,Teacher,"6-Maths, 6-Science and Technology, 7-Maths, 7-Science and Technology, 8-Maths, 8-Science and Technology",6 To 8, Maths-Science,Gujarati,TEACHER,Direct Recruitment,6/30/2043 0:00,In School,,,,,Updated,Mapped
793,MAHESANA,KADI,NAVAPURA (NA),24040207901,KHERPUR PRIMARY SCHOOL,10151897,SNEHABEN HASMUKHBHAI PATEL,Teacher,"15-Environment, 15-Maths, 3-Maths, 4-Maths, 5-Maths",1 To 5,0,0,TEACHER,,5/31/2045 0:00,In School,,,,,Updated,Mapped
794,MAHESANA,KADI,NAVAPURA (NA),24040208901,MATHASUR PRIMARY SCHOOL,10149580,AMITKUMAR GOVINDGIRI GAUSWAMI,Teacher,"6-Maths, 6-Science and Technology, 6-Science and Technology, 7-Maths, 7-Maths, 8-Maths, 8-Maths, 8-Science and Technology, 8-Science and Technology",6 To 8, Maths-Science,0,TEACHER,Direct Recruitment,1/31/2037 0:00,In School,,,,,Updated,Mapped
795,MAHESANA,KADI,NAVAPURA (NA),24040208901,MATHASUR PRIMARY SCHOOL,10152019,ASMITABEN DEVENDRABHAI NINAMA,Teacher,"15-Environment, 15-Environment, 15-Gujarati, 15-Gujarati, 15-Maths, 15-Maths",1 To 5,0,0,TEACHER,,4/30/2038 0:00,In School,,,,,Updated,Mapped
796,MAHESANA,KADI,NAVAPURA (NA),24040208901,MATHASUR PRIMARY SCHOOL,10152017,JASHODABEN MARTAJI NINAMA,Teacher,"3-Maths, 4-Maths, 5-Gujarati, 5-Hindi, 5-Hindi, 5-Maths, 5-Maths",1 To 5,0,0,TEACHER,,8/31/2040 0:00,In School,,,,,Updated,Mapped
797,MAHESANA,KADI,NAVAPURA (NA),24040208901,MATHASUR PRIMARY SCHOOL,10152091,JIGNABEN DEVCHANDBHAI PATEL,Teacher,"6-Gujarati, 6-Gujarati, 6-Gujarati, 6-Hindi, 6-Hindi, 7-Gujarati, 7-Gujarati, 7-Gujarati, 8-Gujarati, 8-Gujarati, 8-Gujarati, 8-Gujarati, 8-Hindi, 8-Hindi",6 To 8, Language,Sanskrit,TEACHER,Option,5/31/2034 0:00,In School,,,,,Updated,Mapped
798,MAHESANA,KADI,NAVAPURA (NA),24040208901,MATHASUR PRIMARY SCHOOL,10152023,KETALBAHEN RAJENDRAKUMAR SHAH,Principal (HTAT),"5-English, 7-Science and Technology, 8-Sanskrit",6 To 8, Maths-Science,0,HEAD TEACHER (HTAT),Direct Recruitment,5/31/2037 0:00,In School,,,,,Updated,Mapped
799,MAHESANA,KADI,NAVAPURA (NA),24040208901,MATHASUR PRIMARY SCHOOL,10155610,KHUSHBUBEN BHAGVANDAS YOGI,Teacher,"6-Sanskrit, 6-Sanskrit, 6-Social Science, 6-Social Science, 6-Social Science, 7-Hindi, 7-Hindi, 7-Sanskrit, 7-Social Science, 7-Social Science, 7-Social Science, 8-Sanskrit, 8-Sanskrit, 8-Social Science, 8-Social Science, 8-Social Science, 8-Social Science",6 To 8, Social-Science,0,TEACHER,Direct Recruitment,7/31/2046 0:00,In School,,,,,Updated,Mapped
800,MAHESANA,KADI,NAVAPURA (NA),24040208901,MATHASUR PRIMARY SCHOOL,10152016,MAHAMMADFARUK IBRAHIM GHANCHI,Teacher,"3-Gujarati, 3-Gujarati, 3-Maths, 4-Gujarati, 4-Hindi, 5-Gujarati",1 To 5,0,0,TEACHER,,6/30/2033 0:00,In School,,,,,Updated,Mapped
801,MAHESANA,KADI,NAVAPURA (NA),24040208901,MATHASUR PRIMARY SCHOOL,10152018,MANOJKUMAR SOMABHAI SOLANKI,Teacher,"2-Environment, 2-Gujarati, 2-Maths, 3-Environment, 4-Environment, 5-English, 5-Environment",1 To 5,0,0,TEACHER,,7/31/2039 0:00,In School,,,,,Updated,Mapped
802,MAHESANA,KADI,NAVAPURA (NA),24040208901,MATHASUR PRIMARY SCHOOL,10152021,PRACHIBEN TUSHARBHAI SETALWAD,Teacher,"6-English, 6-English, 6-English, 6-Hindi, 7-English, 7-English, 7-English, 7-Hindi, 7-Sanskrit, 7-Sanskrit, 8-English, 8-English, 8-English, 8-English, 8-Hindi, 8-Hindi, 8-Sanskrit, 8-Sanskrit",6 To 8, Language,English,TEACHER,Direct Recruitment,7/31/2044 0:00,In School,,,,,Updated,Mapped
803,MAHESANA,KADI,NAVAPURA (NA),24040208901,MATHASUR PRIMARY SCHOOL,10152020,REENABEN JASHVANTBHAI DARJI,Teacher,"1-Environment, 1-Environment, 1-Gujarati, 1-Gujarati, 1-Maths, 1-Maths, 2-Environment, 2-Gujarati, 2-Maths",1 To 5,0,0,TEACHER,,3/31/2044 0:00,In School,,,,,Updated,Mapped
804,MAHESANA,KADI,NAVAPURA (NA),24040208901,MATHASUR PRIMARY SCHOOL,10152015,YOGINABEN CHATURBHAI PATEL,Teacher,"6-Maths, 6-Maths, 6-Science and Technology, 7-Maths, 7-Science and Technology, 7-Science and Technology, 8-Maths, 8-Maths, 8-Science and Technology, 8-Science and Technology",6 To 8, Maths-Science,0,TEACHER,Direct Recruitment,6/30/2047 0:00,In School,,,,,Updated,Mapped
805,MAHESANA,KADI,NAVAPURA (NA),24040209707,NANDASAN NAVIN MIX SCHOOL - 3,10152111,JITENDRABHAI HARGOVANBHAI PRAJAPATI,Teacher,"1-Environment, 1-Maths, 1-Sports, 3-Maths, 4-Maths, 5-Maths",1 To 5,0,0,TEACHER,,9/6/2044 0:00,In School,,,,,Updated,Mapped
806,MAHESANA,KADI,NAVAPURA (NA),24040209707,NANDASAN NAVIN MIX SCHOOL - 3,10152114,NAVINBHAI BABULAL RAVAL,Teacher,"2-Environment, 2-Gujarati, 2-Maths, 2-Special Education, 2-Sports",1 To 5,0,0,TEACHER,,11/30/2037 0:00,In School,,,,,Updated,Mapped
807,MAHESANA,KADI,NAVAPURA (NA),24040209707,NANDASAN NAVIN MIX SCHOOL - 3,10152110,NEHABEN NARENDRAKUMAR PATEL,Principal,"15-Environment, 15-Gujarati, 15-Maths",1 To 5,0,0,TEACHER,,12/31/2031 0:00,In School,,,,,Updated,Mapped
808,MAHESANA,KADI,NAVAPURA (NA),24040209707,NANDASAN NAVIN MIX SCHOOL - 3,10084368,NIPABEN RASIKLAL MODI,Teacher,"3-Gujarati, 4-Gujarati, 4-Hindi, 5-English, 5-Environment, 5-Gujarati, 5-Hindi, 5-Maths",1 To 5,0,0,TEACHER,,3/8/2038 0:00,In School,,,,,Updated,Mapped
809,MAHESANA,KADI,NAVAPURA (NA),24040209702,NANDASAN PRIMARY KANYA SCH,10152107,BHAVANABEN BHANUPRASAD JOSHI,Teacher,"6-Science and Technology, 6-Science and Technology, 7-Science and Technology, 7-Science and Technology, 8-Science and Technology, 8-Science and Technology",6 To 8, Maths-Science,0,TEACHER,Direct Recruitment,2/28/2041 0:00,In School,,,,,Updated,Mapped
810,MAHESANA,KADI,NAVAPURA (NA),24040209702,NANDASAN PRIMARY KANYA SCH,10152101,BHAVANABEN GANESHBHAI PATEL,Teacher,"15-Environment, 15-Gujarati, 15-Maths",1 To 5,0,0,TEACHER,,6/30/2035 0:00,In School,,,,,Updated,Mapped
811,MAHESANA,KADI,NAVAPURA (NA),24040209702,NANDASAN PRIMARY KANYA SCH,10126184,DIPABEN MUKESHCHANDRA MODI,Teacher,"1-Environment, 1-Gujarati, 1-Maths",1 To 5,0,0,TEACHER,,6/30/2045 0:00,In School,,,,,Updated,Mapped
812,MAHESANA,KADI,NAVAPURA (NA),24040209702,NANDASAN PRIMARY KANYA SCH,10152104,GUNVANTBHAI LAVJIBHAI CHAUDHARI,Teacher,"3-Environment, 3-Sports, 4-Environment, 5-English, 5-Environment, 5-Sports",1 To 5,0,0,TEACHER,,2/28/2046 0:00,In School,,,,,Updated,Mapped
813,MAHESANA,KADI,NAVAPURA (NA),24040209702,NANDASAN PRIMARY KANYA SCH,10152102,HEENABEN SURESHCHANDRA GOHEL,Teacher,"6-Hindi, 6-Hindi, 6-Sanskrit, 7-Hindi, 7-Hindi, 8-Hindi, 8-Hindi",6 To 8, Language,Hindi,TEACHER,Option,3/31/2032 0:00,In School,,,,,Updated,Mapped
814,MAHESANA,KADI,NAVAPURA (NA),24040209702,NANDASAN PRIMARY KANYA SCH,10158442,ILABEN SURESHBHAI PATEL,Teacher,"3-Maths, 4-Maths, 4-Sports, 5-Maths",1 To 5,0,0,TEACHER,,6/30/2038 0:00,In School,,,,,Updated,Mapped
815,MAHESANA,KADI,NAVAPURA (NA),24040209702,NANDASAN PRIMARY KANYA SCH,10024876,JITENDRA KANTILAL KAPADIYA,Teacher,"6-Maths, 6-Maths, 7-Maths, 7-Maths, 8-Maths, 8-Maths",6 To 8, Maths-Science,0,TEACHER,Direct Recruitment,10/31/2038 0:00,In School,,,,,Updated,Mapped
816,MAHESANA,KADI,NAVAPURA (NA),24040209702,NANDASAN PRIMARY KANYA SCH,10152105,KRUSHNADUTT MULSHANKARBHAI JOSHI,Teacher,"6-English, 6-English, 7-English, 7-English, 7-Sanskrit, 8-English, 8-English",6 To 8, Language,English,TEACHER,Direct Recruitment,7/31/2038 0:00,In School,,,,,Updated,Mapped
817,MAHESANA,KADI,NAVAPURA (NA),24040209702,NANDASAN PRIMARY KANYA SCH,10010488,MIRALKUMARI BABUBHAI NAYAK,Teacher,"2-Environment, 2-Gujarati, 2-Maths, 2-Sports",1 To 5,0,0,TEACHER,,9/30/2040 0:00,In School,,,,,Updated,Mapped
818,MAHESANA,KADI,NAVAPURA (NA),24040209702,NANDASAN PRIMARY KANYA SCH,10235314,MOHSINKHAN RASULKHAN PATHAN,Principal (HTAT),"6-Social Science, 6-Social Science",6 To 8, Social-Science,0,HEAD TEACHER (HTAT),Direct Recruitment,10/31/2039 0:00,In School,,,,,Updated,Mapped
819,MAHESANA,KADI,NAVAPURA (NA),24040209702,NANDASAN PRIMARY KANYA SCH,10152108,NIRUPABEN LAXMANBHAI PARAMAR,Teacher,"6-Gujarati, 6-Gujarati, 7-Gujarati, 7-Gujarati, 8-Gujarati, 8-Gujarati, 8-Sanskrit",6 To 8, Language,Gujarati,TEACHER,Option,2/28/2035 0:00,In School,,,,,Updated,Mapped
820,MAHESANA,KADI,NAVAPURA (NA),24040209702,NANDASAN PRIMARY KANYA SCH,10152106,SANGITABEN AMBALAL PATEL,Teacher,"6-Social Science, 6-Social Science, 7-Sanskrit, 7-Social Science, 7-Social Science, 8-Social Science, 8-Social Science",6 To 8, Social-Science,0,TEACHER,Direct Recruitment,2/28/2037 0:00,In School,,,,,Updated,Mapped
821,MAHESANA,KADI,NAVAPURA (NA),24040209702,NANDASAN PRIMARY KANYA SCH,10101840,SUNILKUMAR ARVINDBHAI PATEL,Teacher,"3-Gujarati, 4-Gujarati, 4-Hindi, 5-Gujarati, 5-Hindi",1 To 5,0,0,TEACHER,,1/31/2046 0:00,In School,,,,,Updated,Mapped
822,MAHESANA,KADI,NAVAPURA (NA),24040209701,NANDASAN PRIMARY KUMAR SCH,10152094,BHOOMIKABEN VINODBHAI SUTHAR,Teacher,"6-English, 6-English, 6-English, 6-Hindi, 7-English, 7-Gujarati, 8-English, 8-English",6 To 8, Language,English,TEACHER,Option,11/30/2044 0:00,In School,,,,,Updated,Mapped
823,MAHESANA,KADI,NAVAPURA (NA),24040209701,NANDASAN PRIMARY KUMAR SCH,10158626,CHARULATTA RATIPURI GOSAI,Teacher,3-Gujarati,1 To 5,0,0,TEACHER,,8/31/2032 0:00,In School,,,,,Updated,Mapped
824,MAHESANA,KADI,NAVAPURA (NA),24040209701,NANDASAN PRIMARY KUMAR SCH,10152092,DIPIKABEN DHIRAJLAL SOLANKI,Teacher,"1-Gujarati, 1-Maths, 3-Environment, 4-Environment, 4-Environment, 5-Environment",1 To 5,0,0,TEACHER,,5/31/2040 0:00,In School,,,,,Updated,Mapped
825,MAHESANA,KADI,NAVAPURA (NA),24040209701,NANDASAN PRIMARY KUMAR SCH,10152097,GANGABEN LAXMANBHAI RABARI,Teacher,"6-Gujarati, 6-Social Science, 6-Social Science, 7-Social Science, 8-Hindi, 8-Social Science, 8-Social Science, 8-Social Science",6 To 8, Social-Science,0,TEACHER,Option,6/30/2030 0:00,In School,,,,,Updated,Mapped
826,MAHESANA,KADI,NAVAPURA (NA),24040209701,NANDASAN PRIMARY KUMAR SCH,10127206,JITENDRAKUMAR NAROTTAMDAS CHAUHAN,Teacher,"2-Environment, 2-Gujarati, 2-Maths, 2-Special Education, 2-Sports",1 To 5,0,0,TEACHER,,6/10/2036 0:00,In School,Relieved,,Others,ADMINISTRATIVE,Updated,Mapped
827,MAHESANA,KADI,NAVAPURA (NA),24040209701,NANDASAN PRIMARY KUMAR SCH,10152026,MUKESHKUMAR HIRALAL PATEL,Teacher,"5-Environment, 5-Special Education, 5-Sports",1 To 5,0,0,TEACHER,,11/30/2029 0:00,In School,,,,,Updated,Mapped
828,MAHESANA,KADI,NAVAPURA (NA),24040209701,NANDASAN PRIMARY KUMAR SCH,10028168,NILAMBEN RAMESHCHANDRA BAROT,Teacher,3-Maths,6 To 8, Language,English,TEACHER,Direct Recruitment,5/31/2046 0:00,In School,,,,,Updated,Mapped
829,MAHESANA,KADI,NAVAPURA (NA),24040209701,NANDASAN PRIMARY KUMAR SCH,10152090,PANKAJKUMAR DAHYABHAI PATEL,Teacher,"4-Maths, 4-Maths, 4-Maths, 5-Hindi, 5-Maths",1 To 5,0,0,TEACHER,,6/30/2028 0:00,In School,,,,,Updated,Mapped
830,MAHESANA,KADI,NAVAPURA (NA),24040209701,NANDASAN PRIMARY KUMAR SCH,10001101,RAKESHKUMAR KANTILAL PRAJAPATI,Teacher,"2-Environment, 2-Gujarati, 2-Maths, 2-Special Education, 2-Sports",6 To 8, Maths-Science,0,TEACHER,Direct Recruitment,3/31/2040 0:00,In School,,,,,Updated,Mapped
831,MAHESANA,KADI,NAVAPURA (NA),24040209701,NANDASAN PRIMARY KUMAR SCH,10024771,RINKUBEN HARIBHAI VANIYA,Teacher,"6-Science and Technology, 6-Science and Technology, 6-Science and Technology, 7-Science and Technology, 8-Maths, 8-Maths",6 To 8, Maths-Science,0,TEACHER,Direct Recruitment,5/31/2044 0:00,In School,,,,,Updated,Mapped
832,MAHESANA,KADI,NAVAPURA (NA),24040209701,NANDASAN PRIMARY KUMAR SCH,10125915,SANJAYKUMAR RATILAL SHRIMALI,Principal (HTAT),"6-Sanskrit, 6-Sanskrit, 6-Sanskrit, 7-Sanskrit, 8-Sanskrit, 8-Sanskrit",6 To 8, Language,English,HEAD TEACHER (HTAT),Option,3/31/2042 0:00,In School,,,,,Updated,Mapped
833,MAHESANA,KADI,NAVAPURA (NA),24040209701,NANDASAN PRIMARY KUMAR SCH,10152089,TANUJABEN SITARAMBHAI PARMAR,Teacher,5-Hindi,1 To 5,0,0,TEACHER,,7/31/2035 0:00,In School,,,,,Updated,Mapped
834,MAHESANA,KADI,NAVAPURA (NA),24040209701,NANDASAN PRIMARY KUMAR SCH,10155912,VARSHABEN NANJIBHAI GOHEL,Teacher,"15-Environment, 15-Maths, 1-Environment, 1-Gujarati, 1-Maths",1 To 5,0,0,TEACHER,,10/31/2038 0:00,In School,,,,,Updated,Mapped
835,MAHESANA,KADI,NAVAPURA (NA),24040209701,NANDASAN PRIMARY KUMAR SCH,10152093,VIJAYKUMAR HEMABHAI PANCHAL,Teacher,"6-Hindi, 6-Hindi, 7-Gujarati, 7-Hindi, 7-Hindi, 8-Gujarati, 8-Gujarati, 8-Hindi, 8-Hindi",6 To 8, Language,Gujarati,TEACHER,Option,6/30/2031 0:00,In School,,,,,Updated,Mapped
836,MAHESANA,KADI,NAVAPURA (NA),24040210301,NAVAPURA (NANDASAN) PRI SCH,10126180,CHETNABEN MANGABHAI PATEL,Teacher,"1-Environment, 1-Gujarati, 1-Maths, 2-Environment, 2-Gujarati, 2-Maths",1 To 5,0,0,TEACHER,,5/31/2040 0:00,In School,,,,,Updated,Mapped
837,MAHESANA,KADI,NAVAPURA (NA),24040210301,NAVAPURA (NANDASAN) PRI SCH,10151450,DAXABEN RAMESHBHAI KADIYA,Principal,4-Gujarati,1 To 5,0,0,TEACHER,,6/30/2032 0:00,In School,,,,,Updated,Mapped
838,MAHESANA,KADI,NAVAPURA (NA),24040210301,NAVAPURA (NANDASAN) PRI SCH,10203627,HARESHKUMAR JILUJI CHAVADA,Teacher,"3-Environment, 5-English",1 To 5,0,0,TEACHER,,4/30/2036 0:00,In School,,,,,Updated,Mapped
839,MAHESANA,KADI,NAVAPURA (NA),24040210301,NAVAPURA (NANDASAN) PRI SCH,10122831,HARSHABEN DAHYABHAI PARIKH,Teacher,"3-Gujarati, 3-Maths, 5-Environment, 5-Hindi",1 To 5,0,0,TEACHER,,8/31/2046 0:00,In School,,,,,Updated,Mapped
840,MAHESANA,KADI,NAVAPURA (NA),24040210301,NAVAPURA (NANDASAN) PRI SCH,10044701,ILABEN KANAIYALAL PATEL,Teacher,"1-Gujarati, 1-Maths, 1-Sports",1 To 5,0,0,TEACHER,,12/31/2041 0:00,In School,,,,,Updated,Mapped
841,MAHESANA,KADI,NAVAPURA (NA),24040210301,NAVAPURA (NANDASAN) PRI SCH,10155601,KIRANKUMAR MANEKLAL PATEL,Teacher,"6-English, 6-Hindi, 6-Sanskrit, 7-English, 7-Hindi, 7-Sanskrit, 8-English, 8-Hindi",6 To 8, Language,Gujarati,TEACHER,Direct Recruitment,8/31/2046 0:00,In School,,,,,Updated,Mapped
842,MAHESANA,KADI,NAVAPURA (NA),24040210301,NAVAPURA (NANDASAN) PRI SCH,10212702,PRIYANKABEN JAGDISHCHANDRA BRAHMBHATT,Teacher,"6-Gujarati, 6-Social Science, 7-Gujarati, 7-Social Science, 8-Gujarati, 8-Sanskrit, 8-Social Science",6 To 8, Social-Science,0,TEACHER,Option,8/31/2045 0:00,In School,,,,,Updated,Mapped
843,MAHESANA,KADI,NAVAPURA (NA),24040210301,NAVAPURA (NANDASAN) PRI SCH,10155602,VARSHABEN RANCHHODLAL PATEL,Teacher,"6-Maths, 6-Science and Technology, 7-Maths, 7-Science and Technology, 8-Maths, 8-Science and Technology",6 To 8, Maths-Science,0,TEACHER,Direct Recruitment,10/31/2038 0:00,In School,,,,,Updated,Mapped
844,MAHESANA,KADI,NAVAPURA (NA),24040212901,VADPURA PRIMARY SCHOOL,10093089,ANANDIBEN JAYANTILAL PATEL,Teacher,"15-Environment, 15-Environment, 15-Gujarati, 15-Gujarati, 15-Maths, 15-Maths, 1-Environment, 1-Environment, 1-Gujarati, 1-Gujarati, 1-Maths, 1-Maths, 1-Special Education, 1-Sports, 2-Environment, 2-Environment, 2-Gujarati, 2-Gujarati, 2-Maths, 2-Maths, 2-Special Education, 2-Sports",1 To 5,0,0,TEACHER,,9/30/2032 0:00,In School,,,,,Updated,Mapped
845,MAHESANA,KADI,NAVAPURA (NA),24040212901,VADPURA PRIMARY SCHOOL,10093092,HASMUKHBHAI MADHAVLAL PATEL,Teacher,"6-English, 6-English, 6-Gujarati, 6-Gujarati, 6-Sanskrit, 6-Sanskrit, 7-English, 7-English, 7-Gujarati, 7-Gujarati, 7-Sanskrit, 7-Sanskrit, 8-English, 8-English, 8-Gujarati, 8-Gujarati, 8-Sanskrit, 8-Sanskrit",6 To 8, Language,English,TEACHER,Direct Recruitment,9/30/2039 0:00,In School,,,,,Updated,Mapped
846,MAHESANA,KADI,NAVAPURA (NA),24040212901,VADPURA PRIMARY SCHOOL,10028323,JIGISHABEN HARSHADBHAI PATEL,Teacher,"3-Gujarati, 3-Gujarati, 3-Maths, 3-Maths, 3-Special Education, 4-Gujarati, 4-Gujarati, 4-Maths, 4-Maths, 4-Special Education, 5-Gujarati, 5-Gujarati, 5-Hindi, 5-Maths, 5-Maths, 5-Special Education",1 To 5,0,0,TEACHER,,6/30/2044 0:00,In School,,,,,Updated,Mapped
847,MAHESANA,KADI,NAVAPURA (NA),24040212901,VADPURA PRIMARY SCHOOL,10093091,NEHABEN VIJAYKUMAR KAPADIYA,Teacher,"6-Maths, 6-Maths, 6-Science and Technology, 6-Science and Technology, 6-Special Education, 6-Sports, 7-Maths, 7-Maths, 7-Science and Technology, 7-Science and Technology, 8-Maths, 8-Maths, 8-Science and Technology, 8-Science and Technology, 8-Sports",6 To 8, Maths-Science,0,TEACHER,Direct Recruitment,10/31/2042 0:00,In School,,,,,Updated,Mapped
848,MAHESANA,KADI,NAVAPURA (NA),24040212901,VADPURA PRIMARY SCHOOL,10125927,NILAMKUMARI KHENGARBHAI PARMAR,Teacher,"6-Hindi, 6-Hindi, 6-Social Science, 6-Social Science, 7-Hindi, 7-Hindi, 7-Social Science, 7-Social Science, 7-Special Education, 7-Sports, 8-Hindi, 8-Hindi, 8-Social Science, 8-Social Science, 8-Special Education",6 To 8, Social-Science,0,TEACHER,Option,4/30/2043 0:00,In School,,,,,Updated,Mapped
849,MAHESANA,KADI,NAVAPURA (NA),24040212901,VADPURA PRIMARY SCHOOL,10093090,VISHNUBHAI GANESHBHAI PRAJAPATI,Principal,"3-Environment, 3-Environment, 3-Sports, 4-Environment, 4-Environment, 4-Hindi, 4-Hindi, 4-Sports, 5-English, 5-English, 5-Environment, 5-Environment, 5-Hindi, 5-Sports",1 To 5,0,0,TEACHER,,10/31/2030 0:00,In School,,,,,Updated,Mapped
850,MAHESANA,KADI,RAJPUR,24040200901,AMBAVPURA PRIMARY SCHOOL,10158475,BHARGAVKUMAR RAMANLAL PATEL,Teacher,"3-Gujarati, 4-Gujarati, 4-Hindi, 5-Gujarati, 5-Hindi",1 To 5,0,0,TEACHER,,10/31/2031 0:00,In School,,,,,Updated,Mapped
851,MAHESANA,KADI,RAJPUR,24040200901,AMBAVPURA PRIMARY SCHOOL,10152034,JAYSHREEBEN POPATBHAI PATEL,Teacher,"3-Maths, 4-Maths, 5-English, 5-Maths",6 To 8, Maths-Science,0,TEACHER,Direct Recruitment,10/31/2038 0:00,In School,,,,,Updated,Mapped
852,MAHESANA,KADI,RAJPUR,24040200901,AMBAVPURA PRIMARY SCHOOL,10158433,LATABEN NATAVARBHAI PATEL,Teacher,3-Gujarati,1 To 5,0,0,TEACHER,,10/31/2043 0:00,In School,,,,,Updated,Mapped
853,MAHESANA,KADI,RAJPUR,24040200901,AMBAVPURA PRIMARY SCHOOL,10158474,NIKETABEN NATVARLAL PATEL,Teacher,"15-Environment, 15-Gujarati, 15-Maths, 1-Environment, 1-Gujarati, 1-Maths, 2-Environment, 2-Gujarati, 2-Maths",1 To 5,0,0,TEACHER,,5/31/2039 0:00,In School,,,,,Updated,Mapped
854,MAHESANA,KADI,RAJPUR,24040200901,AMBAVPURA PRIMARY SCHOOL,10158477,VIPULKUMAR BABABHAI PRAJAPATI,Principal,"3-Environment, 4-Environment, 5-Environment",1 To 5,0,0,TEACHER,,10/31/2040 0:00,In School,,,,,Updated,Mapped
855,MAHESANA,KADI,RAJPUR,24040200901,AMBAVPURA PRIMARY SCHOOL,10087215,VIRALBEN GANDABHAI PRAJAPATI,Teacher,"6-English, 6-Gujarati, 6-Hindi, 6-Maths, 6-Sanskrit, 6-Science and Technology, 6-Social Science",6 To 8, Language,Gujarati,TEACHER,Option,11/30/2036 0:00,In School,,,,,Updated,Mapped
856,MAHESANA,KADI,RAJPUR,24040210802,BHAMARIYAPURA (R) PRI SCHOOL,10158870,ALAKABEN RUGHANATHBHAI CHAUDHARI,Teacher,"1-Environment, 1-Gujarati, 2-Gujarati, 3-Environment, 4-Environment, 5-Environment",1 To 5,0,0,TEACHER,,6/30/2041 0:00,In School,,,,,Updated,Mapped
857,MAHESANA,KADI,RAJPUR,24040210802,BHAMARIYAPURA (R) PRI SCHOOL,10095557,ALPABEN BABULAL PATEL,Teacher,"1-Environment, 1-Gujarati, 1-Maths, 2-Environment, 2-Gujarati, 2-Maths",1 To 5,0,0,TEACHER,,7/31/2038 0:00,In School,,,,,Updated,Mapped
858,MAHESANA,KADI,RAJPUR,24040210802,BHAMARIYAPURA (R) PRI SCHOOL,10151926,AMIT BHUPENDRAKUMAR DAVE,Teacher,"7-Maths, 7-Science and Technology, 8-Maths, 8-Science and Technology",6 To 8, Maths-Science,Gujarati,TEACHER,Direct Recruitment,11/30/2045 0:00,In School,,,,,Updated,Mapped
859,MAHESANA,KADI,RAJPUR,24040210802,BHAMARIYAPURA (R) PRI SCHOOL,10081242,ARVINDBHAI VELJIBHAI DESAI,Teacher,"6-Gujarati, 6-Social Science, 7-Gujarati, 7-Sanskrit, 7-Social Science, 8-Hindi, 8-Social Science",6 To 8, Social-Science,Gujarati,TEACHER,Promotion,11/30/2037 0:00,In School,,,,,Updated,Mapped
860,MAHESANA,KADI,RAJPUR,24040210802,BHAMARIYAPURA (R) PRI SCHOOL,10151924,ASHABEN BHIKHABHAI DARJI,Teacher,"3-Gujarati, 4-Gujarati, 4-Hindi, 5-Gujarati, 5-Hindi",1 To 5,0,0,TEACHER,,11/30/2029 0:00,In School,,,,,Updated,Mapped
861,MAHESANA,KADI,RAJPUR,24040210802,BHAMARIYAPURA (R) PRI SCHOOL,10318319,DIPAKKUMAR DHANJIBHAI KAPADIA,Teacher,"15-Environment, 15-Gujarati, 15-Maths",1 To 5,0,0,TEACHER,,10/31/2041 0:00,In School,,,,,Updated,Mapped
862,MAHESANA,KADI,RAJPUR,24040210802,BHAMARIYAPURA (R) PRI SCHOOL,10151920,JAYAKUMARI JIVANLAL PARMAR,Principal,"3-Maths, 4-Maths, 5-English, 5-Maths",1 To 5,0,0,TEACHER,,3/31/2033 0:00,In School,,,,,Updated,Mapped
863,MAHESANA,KADI,RAJPUR,24040210802,BHAMARIYAPURA (R) PRI SCHOOL,10151925,NIYATI RAJESHBHAI GAJJAR,Teacher,"6-Gujarati, 6-Sanskrit, 7-English, 7-Gujarati, 7-Sanskrit, 8-English, 8-Gujarati, 8-Sanskrit",6 To 8, Language,Gujarati,TEACHER,Direct Recruitment,2/28/2046 0:00,In School,,,,,Updated,Mapped
864,MAHESANA,KADI,RAJPUR,24040210802,BHAMARIYAPURA (R) PRI SCHOOL,10084457,RAMESHKUMAR SHANKARLAL MAKWANA,Teacher,"3-Environment, 3-Gujarati, 4-Environment, 4-Gujarati, 4-Hindi, 5-Environment, 5-Environment, 5-Gujarati, 5-Gujarati, 5-Hindi, 5-Hindi",6 To 8, Language,Gujarati,TEACHER,Option,10/31/2030 0:00,In School,,,,,Updated,Mapped
865,MAHESANA,KADI,RAJPUR,24040210802,BHAMARIYAPURA (R) PRI SCHOOL,10151945,VINABEN RATILAL DAVE,Teacher,"3-Environment, 4-Environment, 5-Environment",1 To 5,0,0,TEACHER,,3/31/2027 0:00,In School,,,,,Updated,Mapped
866,MAHESANA,KADI,RAJPUR,24040202101,CHADASANA PRIMARY SCHOOL,10158578,AMARISHBHAI RAMNIKLAL PATEL,Teacher,"6-Hindi, 6-Hindi, 6-Social Science, 6-Social Science, 7-Hindi, 7-Hindi, 7-Social Science, 7-Social Science, 8-Hindi, 8-Hindi, 8-Hindi, 8-Social Science, 8-Social Science, 8-Social Science",6 To 8, Social-Science,0,TEACHER,Option,7/31/2038 0:00,In School,,,,,Updated,Mapped
867,MAHESANA,KADI,RAJPUR,24040202101,CHADASANA PRIMARY SCHOOL,10208957,DILIPKUMAR JETHALAL PARMAR,Teacher,"3-Environment, 3-Environment, 3-Gujarati, 3-Maths, 3-Maths, 5-English, 5-Environment",1 To 5,0,0,TEACHER,,5/31/2028 0:00,In School,,,,,Updated,Mapped
868,MAHESANA,KADI,RAJPUR,24040202101,CHADASANA PRIMARY SCHOOL,10158473,HARSHABEN MOHANBHAI CHAUDHARI,Teacher,"3-Gujarati, 4-Gujarati, 4-Hindi, 4-Maths, 5-Gujarati, 5-Gujarati, 5-Hindi, 5-Hindi, 5-Maths",1 To 5,0,0,TEACHER,,2/28/2035 0:00,In School,,,,,Updated,Mapped
869,MAHESANA,KADI,RAJPUR,24040202101,CHADASANA PRIMARY SCHOOL,10158582,JAYSHRIBEN BALDEVBHAI PRAJAPATI,Teacher,"6-English, 6-English, 6-Gujarati, 6-Gujarati, 6-Sanskrit, 6-Sanskrit, 7-English, 7-English, 7-Sanskrit, 7-Sanskrit, 8-English, 8-English, 8-English, 8-Sanskrit, 8-Sanskrit, 8-Sanskrit",6 To 8, Language,English,TEACHER,Option,2/28/2039 0:00,In School,,,,,Updated,Mapped
870,MAHESANA,KADI,RAJPUR,24040202101,CHADASANA PRIMARY SCHOOL,10158581,JYOTSANABEN BALUBHAI RAVAL,Teacher,"1-Environment, 1-Gujarati, 1-Maths, 2-Environment, 2-Gujarati, 2-Maths",1 To 5,0,0,TEACHER,,6/30/2041 0:00,In School,,,,,Updated,Mapped
871,MAHESANA,KADI,RAJPUR,24040202101,CHADASANA PRIMARY SCHOOL,10158584,KAVITABEN VISHNUBHAI PATEL,Teacher,"6-Maths, 6-Maths, 6-Science and Technology, 6-Science and Technology, 7-Maths, 7-Maths, 7-Science and Technology, 7-Science and Technology, 8-Maths, 8-Maths, 8-Maths, 8-Science and Technology, 8-Science and Technology, 8-Science and Technology",6 To 8, Maths-Science,0,TEACHER,Direct Recruitment,9/30/2046 0:00,In School,,,,,Updated,Mapped
872,MAHESANA,KADI,RAJPUR,24040202101,CHADASANA PRIMARY SCHOOL,10158576,KIRTIBEN RAJENDRAKUMAR SONI,Teacher,"15-Gujarati, 15-Maths, 4-Environment, 5-English, 5-Environment, 5-Maths",1 To 5,0,0,TEACHER,,6/30/2035 0:00,In School,,,,,Updated,Mapped
873,MAHESANA,KADI,RAJPUR,24040202101,CHADASANA PRIMARY SCHOOL,10095550,PADMABEN SOMABHAI PATEL,Teacher,"15-Environment, 15-Gujarati, 15-Maths, 1-Environment, 1-Gujarati, 1-Maths",1 To 5,0,0,TEACHER,,11/30/2034 0:00,In School,,,,,Updated,Mapped
874,MAHESANA,KADI,RAJPUR,24040202101,CHADASANA PRIMARY SCHOOL,10158585,SATISHCHANDRA BHIKHABHAI PATEL,Principal (HTAT),"7-Gujarati, 7-Gujarati, 8-Gujarati, 8-Gujarati, 8-Gujarati",HTAT, Language,Gujarati,HEAD TEACHER (HTAT),Direct Recruitment,11/30/2039 0:00,In School,,,,,Updated,Mapped
875,MAHESANA,KADI,RAJPUR,24040202401,CHANDARADA PRIMARY SCHOOL,10158594,BHAVANABEN JASHUBHAI PATEL,Teacher,"15-Environment, 15-Gujarati, 15-Maths, 1-Environment, 1-Gujarati, 1-Maths, 1-Sports",1 To 5,0,0,TEACHER,,7/25/2038 0:00,In School,,,,,Updated,Mapped
876,MAHESANA,KADI,RAJPUR,24040202401,CHANDARADA PRIMARY SCHOOL,10095527,KHUSHBUBEN POPATLAL SHAH,Teacher,"6-Hindi, 6-Hindi, 6-Sanskrit, 6-Sanskrit, 6-Sanskrit, 6-Social Science, 6-Social Science, 6-Social Science, 7-Hindi, 7-Hindi, 7-Maths, 7-Social Science, 7-Social Science, 7-Social Science, 7-Sports, 8-Maths, 8-Sanskrit, 8-Science and Technology, 8-Social Science, 8-Social Science",6 To 8, Social-Science,0,TEACHER,Option,5/29/2039 0:00,In School,,,,,Updated,Mapped
877,MAHESANA,KADI,RAJPUR,24040202401,CHANDARADA PRIMARY SCHOOL,10158590,MANJULABEN MADHAVLAL RAVAL,Principal,"3-Environment, 3-Environment, 4-Environment, 4-Environment, 4-Hindi, 4-Hindi, 5-Environment, 5-Environment, 5-Hindi, 5-Hindi",1 To 5,0,0,TEACHER,,1/27/2027 0:00,In School,,,,,Updated,Mapped
878,MAHESANA,KADI,RAJPUR,24040202401,CHANDARADA PRIMARY SCHOOL,10158599,NEHABEN DAHYALAL NAYI,Teacher,"6-English, 6-English, 6-English, 6-Hindi, 6-Hindi, 7-English, 7-English, 7-Hindi, 7-Sanskrit, 8-English, 8-English, 8-Hindi, 8-Hindi, 8-Sanskrit",6 To 8, Language,English,TEACHER,Direct Recruitment,7/26/2043 0:00,In School,,,,,Updated,Mapped
879,MAHESANA,KADI,RAJPUR,24040202401,CHANDARADA PRIMARY SCHOOL,10158593,POONAMBEN VINODPRASAD BAROT,Teacher,"1-Environment, 1-Gujarati, 1-Maths, 2-Environment, 2-Gujarati, 2-Maths, 2-Sports",1 To 5,0,0,TEACHER,,12/29/2038 0:00,In School,,,,,Updated,Mapped
880,MAHESANA,KADI,RAJPUR,24040202401,CHANDARADA PRIMARY SCHOOL,10158592,RAMILABEN BABULAL PATEL,Teacher,"3-Gujarati, 3-Maths, 4-Gujarati, 4-Maths, 5-Gujarati, 5-Hindi, 5-Maths",1 To 5,0,0,TEACHER,,7/27/2027 0:00,In School,,,,,Updated,Mapped
881,MAHESANA,KADI,RAJPUR,24040202401,CHANDARADA PRIMARY SCHOOL,10158598,RANJANBEN NATVARBHAI PARMAR,Teacher,"6-Maths, 6-Maths, 6-Maths, 6-Science and Technology, 6-Sports, 7-Maths, 7-Maths, 7-Maths, 7-Science and Technology, 7-Science and Technology, 7-Science and Technology, 8-Maths, 8-Maths, 8-Science and Technology, 8-Science and Technology",6 To 8, Maths-Science,0,TEACHER,Direct Recruitment,11/28/2044 0:00,In School,,,,,Updated,Mapped
882,MAHESANA,KADI,RAJPUR,24040202401,CHANDARADA PRIMARY SCHOOL,10151960,SHITALBEN RAMJIBHAI PRAJAPATI,Teacher,"6-Gujarati, 6-Gujarati, 6-Gujarati, 6-Science and Technology, 6-Science and Technology, 7-Gujarati, 7-Gujarati, 7-Gujarati, 7-Sanskrit, 7-Sanskrit, 7-Science and Technology, 7-Sports, 8-Gujarati, 8-Gujarati, 8-Sanskrit",6 To 8, Language,Gujarati,TEACHER,Option,7/9/2042 0:00,In School,,,,,Updated,Mapped
883,MAHESANA,KADI,RAJPUR,24040202401,CHANDARADA PRIMARY SCHOOL,10158596,SIMABEN DHANJIBHAI PATEL,Teacher,"2-Environment, 2-Gujarati, 2-Maths, 3-Gujarati, 4-Gujarati, 5-English, 5-Gujarati",1 To 5,0,0,TEACHER,,5/17/2037 0:00,In School,,,,,Updated,Mapped
884,MAHESANA,KADI,RAJPUR,24040202401,CHANDARADA PRIMARY SCHOOL,10158595,SONALBEN RATANSINH RAJPUT,Teacher,"15-Environment, 15-Gujarati, 15-Maths, 3-Maths, 4-Maths, 5-English, 5-Maths",1 To 5,0,0,TEACHER,,6/24/2039 0:00,In School,,,,,Updated,Mapped
885,MAHESANA,KADI,RAJPUR,24040203601,DHARPURA PRIMARY SCHOOL,10024816,JAYESHKUMAR KALABHAI SHAH,Teacher,"3-Environment, 3-Gujarati, 3-Maths, 4-Environment, 4-Gujarati, 4-Hindi, 4-Maths, 5-English, 5-Environment, 5-Gujarati, 5-Hindi, 5-Maths",1 To 5,0,0,TEACHER,,7/8/2039 0:00,In School,,,,,Updated,Mapped
886,MAHESANA,KADI,RAJPUR,24040203601,DHARPURA PRIMARY SCHOOL,11494044,KIRITKUMAR BALDEVBHAI PATEL,Principal,"15-Environment, 15-Gujarati, 15-Maths, 1-Environment, 1-Gujarati, 1-Maths",1 To 5,0,0,TEACHER,,6/30/2034 0:00,In School,,,,,Updated,Mapped
887,MAHESANA,KADI,RAJPUR,24040208401,LAXMIPURA (NAND) PRI SCHOOL,11644128,DAMAYANTIBEN LAXMANBHAI MESARIA,Gyan Sahayak,5-Gujarati,6 To 8, Language,English,TEACHER,Other,12/31/2042 0:00,In School,,,,,Updated,Mapped
888,MAHESANA,KADI,RAJPUR,24040208401,LAXMIPURA (NAND) PRI SCHOOL,10158577,DHARA DEEPAKKUMAR AMIN,Teacher,"6-Hindi, 6-Sanskrit, 6-Social Science, 6-Special Education, 7-Hindi, 7-Sanskrit, 7-Social Science, 8-Social Science",6 To 8, Social-Science,0,TEACHER,Option,10/31/2038 0:00,In School,,,,,Updated,Mapped
889,MAHESANA,KADI,RAJPUR,24040208401,LAXMIPURA (NAND) PRI SCHOOL,10151977,DIPALIBEN PRAHLADBHAI CHAVELIYA,Teacher,"15-Environment, 15-Gujarati, 15-Maths, 1-Sports",1 To 5,0,0,TEACHER,,12/31/2033 0:00,In School,,,,,Updated,Mapped
890,MAHESANA,KADI,RAJPUR,24040208401,LAXMIPURA (NAND) PRI SCHOOL,10125991,DIPMALA PRAVINKUMAR VANIA,Principal (HTAT),"8-Hindi, 8-Special Education",6 To 8, Language,Hindi,HEAD TEACHER (HTAT),,8/31/2038 0:00,In School,,,,,Updated,Mapped
891,MAHESANA,KADI,RAJPUR,24040208401,LAXMIPURA (NAND) PRI SCHOOL,10044861,FARIDABEN HAJIBHAI GHANCHI,Teacher,"1-Environment, 1-Gujarati, 1-Maths, 1-Special Education",1 To 5,0,0,TEACHER,,12/31/2028 0:00,In School,,,,,Updated,Mapped
892,MAHESANA,KADI,RAJPUR,24040208401,LAXMIPURA (NAND) PRI SCHOOL,10151928,HARSHIDABEN MULKESHCHANDRA CONTRACTOR,Teacher,"2-Environment, 2-Gujarati, 2-Maths, 2-Special Education, 2-Sports",1 To 5,0,0,TEACHER,,8/31/2036 0:00,In School,,,,,Updated,Mapped
893,MAHESANA,KADI,RAJPUR,24040208401,LAXMIPURA (NAND) PRI SCHOOL,10234106,HETALBEN AMBALAL PRAJAPATI,Teacher,"6-Maths, 6-Science and Technology, 7-Maths, 7-Science and Technology, 7-Special Education, 7-Sports, 8-Maths, 8-Science and Technology",6 To 8, Maths-Science,0,TEACHER,Direct Recruitment,1/31/2047 0:00,In School,,,,,Updated,Mapped
894,MAHESANA,KADI,RAJPUR,24040208401,LAXMIPURA (NAND) PRI SCHOOL,10151976,PARULBEN KANUBHAI PATEL,Teacher,"3-Maths, 3-Special Education, 3-Sports, 4-Hindi, 4-Maths, 4-Special Education, 4-Sports, 5-English, 5-Maths",1 To 5,0,0,TEACHER,,12/31/2037 0:00,In School,,,,,Updated,Mapped
895,MAHESANA,KADI,RAJPUR,24040208401,LAXMIPURA (NAND) PRI SCHOOL,10151982,PRAVINKUMAR BHIKHALAL CHAUHAN,Teacher,"6-English, 6-Gujarati, 6-Sports, 7-English, 7-Gujarati, 8-English, 8-Gujarati, 8-Sanskrit, 8-Sports",6 To 8, Language,Gujarati,TEACHER,Direct Recruitment,6/30/2036 0:00,In School,,,,,Updated,Mapped
896,MAHESANA,KADI,RAJPUR,24040208401,LAXMIPURA (NAND) PRI SCHOOL,10024773,SWETABAHEN BHANUBHAI PATEL,Teacher,"3-Environment, 3-Gujarati, 4-Environment, 4-Gujarati, 5-Environment, 5-Gujarati, 5-Hindi, 5-Special Education, 5-Sports",1 To 5,0,0,TEACHER,,3/31/2042 0:00,In School,,,,,Updated,Mapped
897,MAHESANA,KADI,RAJPUR,24040210803,RAJPUR HIGHWAY PRI SCHOOL,10151930,CHANDRIKABEN BABALBHAI PATEL,Teacher,"3-Maths, 4-Hindi, 4-Maths, 5-Maths",1 To 5,0,0,TEACHER,,7/31/2029 0:00,In School,,,,,Updated,Mapped
898,MAHESANA,KADI,RAJPUR,24040210803,RAJPUR HIGHWAY PRI SCHOOL,10151929,HANIFBHAI HAJIBHAI GHANCHI,Teacher,"3-Environment, 4-Environment, 5-English, 5-Environment",1 To 5,0,0,TEACHER,,6/30/2027 0:00,In School,,,,,Updated,Mapped
899,MAHESANA,KADI,RAJPUR,24040210803,RAJPUR HIGHWAY PRI SCHOOL,10161505,JAYESHKUMAR KAMLESHKANT RAJPURA,Principal (HTAT),"6-English, 6-Sanskrit",6 To 8, Language,Gujarati,HEAD TEACHER (HTAT),Direct Recruitment,5/31/2039 0:00,In School,,,,,Updated,Mapped
900,MAHESANA,KADI,RAJPUR,24040210803,RAJPUR HIGHWAY PRI SCHOOL,10151955,KRIPALIBEN SURESHBHAI PRAJAPATI,Teacher,"3-Gujarati, 4-Gujarati, 5-Gujarati, 5-Hindi",1 To 5,0,0,TEACHER,,5/31/2039 0:00,In School,,,,,Updated,Mapped
901,MAHESANA,KADI,RAJPUR,24040210803,RAJPUR HIGHWAY PRI SCHOOL,10187581,MRUNALINIBEN KAMLESHKUMAR PATEL,Teacher,"6-Maths, 6-Science and Technology, 7-Maths, 7-Science and Technology, 8-Maths, 8-Science and Technology",6 To 8, Maths-Science,0,TEACHER,Direct Recruitment,10/31/2044 0:00,In School,,,,,Updated,Mapped
902,MAHESANA,KADI,RAJPUR,24040210803,RAJPUR HIGHWAY PRI SCHOOL,10158337,NISHABEN SHANKARLAL DODIYA,Teacher,"6-Hindi, 6-Social Science, 7-Hindi, 7-Sanskrit, 7-Social Science, 8-Hindi, 8-Social Science",6 To 8, Social-Science,0,TEACHER,Option,11/12/2041 0:00,In School,,,,,Updated,Mapped
903,MAHESANA,KADI,RAJPUR,24040210803,RAJPUR HIGHWAY PRI SCHOOL,10151931,PUSHPABEN DILIPBHAI VAGHELA,Teacher,"15-Environment, 15-Gujarati, 15-Maths, 1-Environment, 1-Gujarati, 1-Maths, 2-Environment, 2-Gujarati, 2-Maths",1 To 5,0,0,TEACHER,,9/30/2035 0:00,In School,,,,,Updated,Mapped
904,MAHESANA,KADI,RAJPUR,24040210803,RAJPUR HIGHWAY PRI SCHOOL,10151932,SURESHKUMAR KANAIYALAL PARMAR,Teacher,"6-Gujarati, 7-English, 7-Gujarati, 8-English, 8-Gujarati, 8-Sanskrit",6 To 8, Language,Gujarati,TEACHER,Option,12/31/2027 0:00,In School,,,,,Updated,Mapped
905,MAHESANA,KADI,RAJPUR,24040210804,RAJPUR PRIMARY SCHOOL,11631421,BHARTI DANABHAI SOLANKI,Gyan Sahayak,2-Gujarati,1 To 5,0,0,TEACHER,,6/22/2027 0:00,In School,,,,,Updated,Mapped
906,MAHESANA,KADI,RAJPUR,24040210804,RAJPUR PRIMARY SCHOOL,10151954,BHAVIBEN RAMESHCHANDRA PATEL,Teacher,"2-Environment, 2-Gujarati, 2-Maths, 2-Sports",1 To 5,0,0,TEACHER,,5/31/2037 0:00,In School,,,,,Updated,Mapped
907,MAHESANA,KADI,RAJPUR,24040210804,RAJPUR PRIMARY SCHOOL,10158583,BIPINCHANDRA AMBALAL PATEL,Teacher,"6-English, 6-Gujarati, 6-Sanskrit, 7-English, 7-Gujarati, 7-Sanskrit, 8-English, 8-Gujarati, 8-Sanskrit",6 To 8, Language,English,TEACHER,Direct Recruitment,12/31/2040 0:00,In School,,,,,Updated,Mapped
908,MAHESANA,KADI,RAJPUR,24040210804,RAJPUR PRIMARY SCHOOL,10195890,CHETANABEN NARAYANBHAI PANCHAL,Teacher,"15-Environment, 15-Gujarati, 15-Maths",1 To 5,0,0,TEACHER,,6/30/2037 0:00,In School But Transferred,Relieved,24040210804,Others,31 JULY 2026 E THAVANU CHHE,Updated,Mapped
909,MAHESANA,KADI,RAJPUR,24040210804,RAJPUR PRIMARY SCHOOL,10151964,DHARABEN RANJITSINH RAJPUT,Teacher,"6-Hindi, 6-Social Science, 8-Hindi, 8-Social Science",6 To 8, Social-Science,0,TEACHER,Direct Recruitment,2/28/2043 0:00,In School,,,,,Updated,Mapped
910,MAHESANA,KADI,RAJPUR,24040210804,RAJPUR PRIMARY SCHOOL,10055268,DHARMISHTHABEN MADHAVLAL PATEL,Teacher,"15-Environment, 15-Maths, 3-Maths, 3-Sports",1 To 5,0,0,TEACHER,,6/1/2031 0:00,In School,,,,,Updated,Mapped
911,MAHESANA,KADI,RAJPUR,24040210804,RAJPUR PRIMARY SCHOOL,10151947,GEETABEN LALLUBHAI PATEL,Teacher,"2-Environment, 2-Gujarati, 2-Maths",1 To 5,0,0,TEACHER,,11/30/2034 0:00,In School,,,,,Updated,Mapped
912,MAHESANA,KADI,RAJPUR,24040210804,RAJPUR PRIMARY SCHOOL,11631429,HANSABEN AMARSINH THAKOR,Gyan Sahayak,3-Maths,1 To 5,0,0,TEACHER,,6/22/2027 0:00,In School,,,,,Updated,Mapped
913,MAHESANA,KADI,RAJPUR,24040210804,RAJPUR PRIMARY SCHOOL,10151943,HEMLATTABEN NATHALAL PATEL,Teacher,"2-Environment, 2-Gujarati, 2-Maths",1 To 5,0,0,TEACHER,,5/31/2032 0:00,In School,,,,,Updated,Mapped
914,MAHESANA,KADI,RAJPUR,24040210804,RAJPUR PRIMARY SCHOOL,10164594,JAGRUTIBEN KANTILAL PRAJAPATI,Teacher,"6-English, 6-Gujarati, 6-Sanskrit, 7-English, 7-Gujarati, 7-Sanskrit, 8-English, 8-Gujarati, 8-Sanskrit",6 To 8, Language,Gujarati,TEACHER,Direct Recruitment,4/30/2044 0:00,In School,,,,,Updated,Mapped
915,MAHESANA,KADI,RAJPUR,24040210804,RAJPUR PRIMARY SCHOOL,10055665,JAYANTIBHAI MAFABHAI CHAUDHARI,Teacher,"3-Gujarati, 4-Gujarati, 4-Gujarati, 4-Hindi, 4-Hindi, 4-Sports, 5-Gujarati, 5-Hindi",1 To 5,0,0,TEACHER,,12/31/2034 0:00,In School,,,,,Updated,Mapped
916,MAHESANA,KADI,RAJPUR,24040210804,RAJPUR PRIMARY SCHOOL,10151942,KAMAXIBEN HARIBHAI PATEL,Teacher,"15-Environment, 15-Gujarati, 15-Maths",1 To 5,0,0,TEACHER,,11/30/2031 0:00,In School,,,,,Updated,Mapped
917,MAHESANA,KADI,RAJPUR,24040210804,RAJPUR PRIMARY SCHOOL,10132823,KAMLESHKUMAR MANEKLAL PATEL,Teacher,"3-Environment, 3-Gujarati, 3-Maths, 4-Hindi, 5-Hindi",1 To 5,0,0,TEACHER,,4/30/2037 0:00,In School,,,,,Updated,Mapped
918,MAHESANA,KADI,RAJPUR,24040210804,RAJPUR PRIMARY SCHOOL,10069142,MARIYAMBIBI ISMAILBHAI SAIYED,Teacher,"6-Maths, 6-Science and Technology, 7-Maths, 7-Science and Technology, 8-Maths, 8-Science and Technology",6 To 8, Maths-Science,0,TEACHER,Direct Recruitment,6/30/2047 0:00,In School,,,,,Updated,Mapped
919,MAHESANA,KADI,RAJPUR,24040210804,RAJPUR PRIMARY SCHOOL,10121389,MEENABEN JIVANLAL CHAUHAN,Teacher,"6-English, 6-Gujarati, 6-Sanskrit, 7-English, 7-Gujarati, 7-Sanskrit, 8-English, 8-Gujarati, 8-Sanskrit",6 To 8, Language,English,TEACHER,Option,8/31/2037 0:00,In School,,,,,Updated,Mapped
920,MAHESANA,KADI,RAJPUR,24040210804,RAJPUR PRIMARY SCHOOL,10151949,MINAXIBEN NATHALAL PRAJAPATI,Teacher,"6-Hindi, 6-Science and Technology, 6-Social Science, 7-Hindi, 7-Social Science, 8-English, 8-Hindi, 8-Social Science",6 To 8, Language,Gujarati,TEACHER,Direct Recruitment,7/31/2032 0:00,In School,,,,,Updated,Mapped
921,MAHESANA,KADI,RAJPUR,24040210804,RAJPUR PRIMARY SCHOOL,10151963,MITTALBEN BASANTILAL SHAH,Teacher,"6-Maths, 6-Science and Technology, 7-Maths, 7-Science and Technology, 8-Maths, 8-Science and Technology",6 To 8, Maths-Science,0,TEACHER,Direct Recruitment,3/31/2043 0:00,In School,,,,,Updated,Mapped
922,MAHESANA,KADI,RAJPUR,24040210804,RAJPUR PRIMARY SCHOOL,10158543,MITTALBEN DINESHKUMAR MAKWANA,Teacher,"6-Maths, 6-Science and Technology, 7-Maths, 7-Science and Technology, 8-Maths, 8-Science and Technology",6 To 8, Maths-Science,Gujarati,TEACHER,Direct Recruitment,11/30/2045 0:00,In School,,,,,Updated,Mapped
923,MAHESANA,KADI,RAJPUR,24040210804,RAJPUR PRIMARY SCHOOL,10193029,MITTALBEN KHEMCHANDBHAI MAKVANA,Teacher,"4-Environment, 4-Gujarati, 4-Hindi, 4-Maths",1 To 5,0,0,TEACHER,,7/27/2037 0:00,In School,,,,,Updated,Mapped
924,MAHESANA,KADI,RAJPUR,24040210804,RAJPUR PRIMARY SCHOOL,10158624,NARENDRA KUMAR NATVARLAL PARMAR,Teacher,"3-Environment, 5-English, 5-Environment, 5-Maths",1 To 5,0,0,TEACHER,,6/30/2038 0:00,In School,,,,,Updated,Mapped
925,MAHESANA,KADI,RAJPUR,24040210804,RAJPUR PRIMARY SCHOOL,10028284,NEHABEN ISHVARBHAI BANKAR,Teacher,"3-Gujarati, 3-Maths, 5-Gujarati, 5-Hindi",1 To 5,0,0,TEACHER,,1/31/2047 0:00,In School,,,,,Updated,Mapped
926,MAHESANA,KADI,RAJPUR,24040210804,RAJPUR PRIMARY SCHOOL,10151952,NITABEN TULSIGIRI GOSWAMI,Principal,"8-English, 8-English, 8-Gujarati, 8-Gujarati, 8-Sanskrit, 8-Sports",6 To 8, Language,Gujarati,TEACHER,Option,1/31/2030 0:00,In School,,,,,Updated,Mapped
927,MAHESANA,KADI,RAJPUR,24040210804,RAJPUR PRIMARY SCHOOL,10121362,PARMAR MANISHKUMAR JIVANBHAI,Teacher,"3-Environment, 4-Environment, 5-English, 5-Environment",1 To 5,0,0,TEACHER,,8/31/2039 0:00,In School,,,,,Updated,Mapped
928,MAHESANA,KADI,RAJPUR,24040210804,RAJPUR PRIMARY SCHOOL,10047628,PARVATIBEN SOMABHAI PANCHAL,Teacher,"15-Environment, 15-Gujarati, 15-Maths, 1-Environment, 1-Gujarati, 1-Maths, 1-Special Education, 1-Sports, 2-Environment, 2-Gujarati, 2-Maths, 2-Special Education, 2-Sports, 3-Environment, 5-English, 5-English, 5-Environment, 5-Environment",1 To 5,0,0,TEACHER,,9/8/2040 0:00,In School,Not Relieved,,Others,"Aaj roj hajar thayel che , jillafer badli thayel che",Updated,Mapped
929,MAHESANA,KADI,RAJPUR,24040210804,RAJPUR PRIMARY SCHOOL,10060923,PIYUSHKUMAR GOVINDBHAI PATEL,Teacher,"6-Hindi, 6-Sanskrit, 6-Social Science, 7-Hindi, 7-Social Science, 8-Hindi, 8-Social Science",6 To 8, Social-Science,0,TEACHER,Direct Recruitment,7/31/2043 0:00,In School,,,,,Updated,Mapped
930,MAHESANA,KADI,RAJPUR,24040210804,RAJPUR PRIMARY SCHOOL,10155673,RAKESHKUMAR LALLUBHAI KUNTAR,Teacher,"6-Hindi, 6-Social Science, 7-Hindi, 7-Social Science, 8-Hindi, 8-Social Science",6 To 8, Social-Science,0,TEACHER,Option,6/30/2029 0:00,In School,,,,,Updated,Mapped
931,MAHESANA,KADI,RAJPUR,24040210804,RAJPUR PRIMARY SCHOOL,10151950,SEJALBEN GOVINDBHAI PATEL,Teacher,"2-Environment, 2-Gujarati, 2-Maths",1 To 5,0,0,TEACHER,,5/31/2036 0:00,In School,,,,,Updated,Mapped
932,MAHESANA,KADI,RAJPUR,24040210804,RAJPUR PRIMARY SCHOOL,10151946,SONALBEN HARIBHAI PATEL,Teacher,"15-Environment, 15-Gujarati, 15-Maths",1 To 5,0,0,TEACHER,,1/31/2034 0:00,In School,,,,,Updated,Mapped
933,MAHESANA,KADI,RAJPUR,24040210804,RAJPUR PRIMARY SCHOOL,10151958,SONALBEN MANILAL PATEL,Teacher,"6-English, 6-Gujarati, 6-Sanskrit, 8-English, 8-Gujarati, 8-Sanskrit",6 To 8, Language,Hindi,TEACHER,Option,11/30/2041 0:00,In School,,,,,Updated,Mapped
934,MAHESANA,KADI,RAJPUR,24040210804,RAJPUR PRIMARY SCHOOL,11631411,SUNITA SAILESHSINH RAJPUT,Gyan Sahayak,"5-English, 5-Environment",1 To 5,0,0,TEACHER,,6/23/2027 0:00,In School,,,,,Updated,Mapped
935,MAHESANA,KADI,RAJPUR,24040210804,RAJPUR PRIMARY SCHOOL,10151961,SURESHKUMAR GOVINDLAL PATEL,Teacher,"6-Maths, 6-Science and Technology, 8-Maths, 8-Science and Technology",6 To 8, Maths-Science,0,TEACHER,Direct Recruitment,9/30/2040 0:00,In School,,,,,Updated,Mapped
936,MAHESANA,KADI,RAJPUR,24040210804,RAJPUR PRIMARY SCHOOL,10177552,VISHNUBHAI RAMESHBHAI PATEL,Teacher,"3-Environment, 3-Maths, 3-Maths, 4-Environment, 4-Hindi, 4-Maths, 4-Maths, 5-Environment, 5-Hindi, 5-Maths, 5-Maths",1 To 5,0,0,TEACHER,,11/30/2039 0:00,In School,,,,,Updated,Mapped
937,MAHESANA,KADI,RAJPUR,24040212601,UMANAGAR (NA) PRIMARY SCHOOL,10086286,ALPABEN SHANKARLAL PATEL,Teacher,"3-Environment, 4-Environment, 5-Environment, 5-Environment",1 To 5,0,0,TEACHER,,10/31/2038 0:00,In School,,,,,Updated,Mapped
938,MAHESANA,KADI,RAJPUR,24040212601,UMANAGAR (NA) PRIMARY SCHOOL,10093049,ARVINDBHAI ATMARAM PATEL,Principal,"15-Environment, 15-Gujarati, 15-Maths",1 To 5,0,0,TEACHER,,5/31/2027 0:00,In School,,,,,Updated,Mapped
939,MAHESANA,KADI,RAJPUR,24040212601,UMANAGAR (NA) PRIMARY SCHOOL,10093058,DHARABEN BIPINCHANDRA PATEL,Teacher,"6-Gujarati, 6-Gujarati, 7-Gujarati, 8-English, 8-English, 8-Hindi, 8-Hindi",6 To 8, Language,Gujarati,TEACHER,Option,7/31/2043 0:00,In School,,,,,Updated,Mapped
940,MAHESANA,KADI,RAJPUR,24040212601,UMANAGAR (NA) PRIMARY SCHOOL,10093057,HETALBEN CHIMANLAL PATEL,Teacher,"6-Maths, 6-Sanskrit, 6-Science and Technology, 6-Science and Technology, 6-Science and Technology, 7-Maths, 8-Maths, 8-Maths, 8-Sanskrit",6 To 8, Maths-Science,0,TEACHER,Direct Recruitment,3/31/2045 0:00,In School,,,,,Updated,Mapped
941,MAHESANA,KADI,RAJPUR,24040212601,UMANAGAR (NA) PRIMARY SCHOOL,10084619,HIRALBEN PRAKASHBHAI DARJI,Teacher,"6-Maths, 6-Maths, 6-Sanskrit, 6-Sanskrit, 7-Sanskrit, 7-Science and Technology, 8-Science and Technology, 8-Science and Technology",6 To 8, Maths-Science,0,TEACHER,Direct Recruitment,8/31/2047 0:00,In School,,,,,Updated,Mapped
942,MAHESANA,KADI,RAJPUR,24040212601,UMANAGAR (NA) PRIMARY SCHOOL,10092331,KIRTIKUMAR SENDHABHAI PATEL,Teacher,"3-Gujarati, 3-Gujarati, 4-Gujarati, 5-Gujarati, 5-Gujarati",1 To 5,0,0,TEACHER,,2/29/2036 0:00,In School,,,,,Updated,Mapped
943,MAHESANA,KADI,RAJPUR,24040212601,UMANAGAR (NA) PRIMARY SCHOOL,10093055,MEGHNABEN VISHNUKUMAR PATEL,Teacher,"6-English, 6-English, 6-Hindi, 6-Hindi, 7-English, 8-Gujarati, 8-Gujarati",6 To 8, Language,Gujarati,TEACHER,Direct Recruitment,8/31/2043 0:00,In School,,,,,Updated,Mapped
944,MAHESANA,KADI,RAJPUR,24040212601,UMANAGAR (NA) PRIMARY SCHOOL,10093048,NITABEN KANTILAL PATEL,Teacher,2-Gujarati,1 To 5,0,0,TEACHER,,8/31/2034 0:00,In School,,,,,Updated,Mapped
945,MAHESANA,KADI,RAJPUR,24040212601,UMANAGAR (NA) PRIMARY SCHOOL,10155596,PURSHOTTAMBHAI KANTIBHAI PARMAR,Teacher,"4-Hindi, 4-Maths, 5-Maths, 5-Maths",1 To 5,0,0,TEACHER,,6/30/2026 0:00,In School,,,,,Updated,Mapped
946,MAHESANA,KADI,RAJPUR,24040212601,UMANAGAR (NA) PRIMARY SCHOOL,10093052,RAKESHKUMAR RAMANLAL PATEL,Teacher,"3-Maths, 5-English, 5-English, 5-Hindi, 5-Hindi",1 To 5,0,0,TEACHER,,4/30/2036 0:00,In School,,,,,Updated,Mapped
947,MAHESANA,KADI,RAJPUR,24040212601,UMANAGAR (NA) PRIMARY SCHOOL,10093053,VARSHABEN CHANALAL DARJI,Teacher,"2-Environment, 2-Gujarati, 2-Maths",1 To 5,0,0,TEACHER,,7/31/2031 0:00,In School,,,,,Updated,Mapped
948,MAHESANA,KADI,RAJPUR,24040212601,UMANAGAR (NA) PRIMARY SCHOOL,10093056,VINODKUMAR PRAHALADBHAI PATEL,Teacher,"6-Social Science, 6-Social Science, 7-Hindi, 7-Social Science, 8-Social Science, 8-Social Science",6 To 8, Social-Science,0,TEACHER,Option,6/30/2032 0:00,In School,,,,,Updated,Mapped
949,MAHESANA,KADI,RAJPUR,24040214301,ZULASAN PRIMARY SCHOOL,10228647,ALPESHKUMNAR SHIVABHAI NAYI,Teacher,4-Environment,1 To 5,0,0,VIDHYA SAHAYAK,,2/28/2039 0:00,In School,,,,,Updated,Mapped
950,MAHESANA,KADI,RAJPUR,24040214301,ZULASAN PRIMARY SCHOOL,10095564,CHHANABHAI CHATURBHAI RAVAL,Teacher,"6-Gujarati, 7-Gujarati, 8-Gujarati, 8-Gujarati, 8-Hindi, 8-Sanskrit",6 To 8, Language,Gujarati,TEACHER,Option,1/31/2028 0:00,In School,,,,,Updated,Mapped
951,MAHESANA,KADI,RAJPUR,24040214301,ZULASAN PRIMARY SCHOOL,10126083,DEVYANIBEN MAGANLAL PARMAR,Teacher,4-Gujarati,1 To 5,0,0,VIDHYA SAHAYAK,,12/31/2037 0:00,In School,,,,,Updated,Mapped
952,MAHESANA,KADI,RAJPUR,24040214301,ZULASAN PRIMARY SCHOOL,10095563,HETALBEN HARSHADKUMAR DALAL,Teacher,"2-Gujarati, 2-Maths",1 To 5,0,0,VIDHYA SAHAYAK,,6/30/2038 0:00,In School,,,,,Updated,Mapped
953,MAHESANA,KADI,RAJPUR,24040214301,ZULASAN PRIMARY SCHOOL,10095567,HINABEN ATMARAM PRAJAPATI,Teacher,"15-Gujarati, 15-Maths",1 To 5,0,0,VIDHYA SAHAYAK,,5/31/2028 0:00,In School,,,,,Updated,Mapped
954,MAHESANA,KADI,RAJPUR,24040214301,ZULASAN PRIMARY SCHOOL,10095560,JAMANABEN GANGARAM PATEL,Teacher,"1-Gujarati, 1-Maths",1 To 5,0,0,TEACHER,,5/31/2027 0:00,In School,,,,,Updated,Mapped
955,MAHESANA,KADI,RAJPUR,24040214301,ZULASAN PRIMARY SCHOOL,10095556,KAILASHBEN BHOLABHAI PATEL,Teacher,"1-Gujarati, 1-Maths",1 To 5,0,0,TEACHER,,7/31/2028 0:00,In School,,,,,Updated,Mapped
956,MAHESANA,KADI,RAJPUR,24040214301,ZULASAN PRIMARY SCHOOL,10095568,NIMISHABEN RAMESHLAL PATEL,Teacher,"6-Science and Technology, 7-Sanskrit, 7-Science and Technology, 8-Maths, 8-Maths",6 To 8, Maths-Science,0,VIDHYA SAHAYAK,Direct Recruitment,5/31/2044 0:00,In School,,,,,Updated,Mapped
957,MAHESANA,KADI,RAJPUR,24040214301,ZULASAN PRIMARY SCHOOL,10126130,PANKAJKUMAR RAMJIBHAI CHAVDA,Teacher,"4-Hindi, 4-Maths",1 To 5,0,0,VIDHYA SAHAYAK,,1/31/2034 0:00,In School,,,,,Updated,Mapped
958,MAHESANA,KADI,RAJPUR,24040214301,ZULASAN PRIMARY SCHOOL,10155683,SANGITABEN KRUSHNASINGH THAKOR,Teacher,"6-English, 7-English, 7-Hindi, 8-English",6 To 8, Language,English,VIDHYA SAHAYAK,Option,12/31/2033 0:00,In School,,,,,Updated,Mapped
959,MAHESANA,KADI,RAJPUR,24040214301,ZULASAN PRIMARY SCHOOL,10095566,SAVITABEN DEVENDRASINH RAJPUT,Teacher,"3-Environment, 5-English, 5-Environment",1 To 5,0,0,VIDHYA SAHAYAK,,6/30/2035 0:00,In School,,,,,Updated,Mapped
960,MAHESANA,KADI,RAJPUR,24040214301,ZULASAN PRIMARY SCHOOL,10095569,VEENABEN KANTILAL RATHOD,Teacher,"6-Hindi, 6-Social Science, 7-Social Science, 8-Social Science",6 To 8, Social-Science,0,VIDHYA SAHAYAK,Option,7/31/2040 0:00,In School,,,,,Updated,Mapped
961,MAHESANA,KADI,RAJPUR,24040214301,ZULASAN PRIMARY SCHOOL,10093103,VISHALKUMAR KANTILAL PANCHAL,Principal (HTAT),"6-Hindi, 7-Hindi, 8-Hindi",HTAT, Language,English,HEAD TEACHER (HTAT),Option,12/31/2035 0:00,In School,,,,,Updated,Mapped
962,MAHESANA,KADI,RAJPUR,24040214301,ZULASAN PRIMARY SCHOOL,10258892,ZAINAPBEN MUKESHBHAI PATEL,Teacher,"6-Maths, 6-Sanskrit, 7-Maths, 8-English, 8-Sanskrit, 8-Science and Technology, 8-Science and Technology",6 To 8, Maths-Science,0,VIDHYA SAHAYAK,Direct Recruitment,2/29/2052 0:00,In School,,,,,Updated,Mapped
963,MAHESANA,KADI,THOL,24040200801,AMBALIYARA PRIMARY SCHOOL,10158468,BHAVESHKUMAR BABULAL CHAUDHARI,Teacher,"6-English, 6-English, 6-English, 6-Hindi, 6-Hindi, 6-Hindi, 6-Sanskrit, 6-Sanskrit, 6-Sanskrit, 6-Special Education, 6-Sports, 7-English, 7-English, 7-English, 7-Hindi, 7-Hindi, 7-Hindi, 7-Sanskrit, 8-English, 8-English, 8-English, 8-Hindi, 8-Hindi, 8-Hindi, 8-Sanskrit, 8-Sanskrit",6 To 8, Language,English,TEACHER,Direct Recruitment,7/31/2045 0:00,In School,,,,,Updated,Mapped
964,MAHESANA,KADI,THOL,24040200801,AMBALIYARA PRIMARY SCHOOL,10158465,DIPIKABEN JAYANTILAL MODI,Teacher,"2-Environment, 2-Gujarati, 2-Maths, 3-Environment, 3-Gujarati, 3-Maths, 3-Special Education, 3-Sports, 4-Environment, 4-Gujarati, 4-Hindi, 4-Maths, 4-Special Education, 4-Sports",1 To 5,0,0,TEACHER,,1/31/2034 0:00,In School,,,,,Updated,Mapped
965,MAHESANA,KADI,THOL,24040200801,AMBALIYARA PRIMARY SCHOOL,10126127,HETALBEN BABULAL PATEL,Teacher,"6-Gujarati, 6-Gujarati, 6-Gujarati, 6-Social Science, 6-Social Science, 6-Social Science, 7-Gujarati, 7-Gujarati, 7-Gujarati, 7-Social Science, 7-Social Science, 7-Social Science, 7-Special Education, 7-Sports, 8-Gujarati, 8-Gujarati, 8-Gujarati, 8-Social Science, 8-Social Science, 8-Social Science",6 To 8, Social-Science,Gujarati,TEACHER,Option,4/30/2043 0:00,In School,,,,,Updated,Mapped
966,MAHESANA,KADI,THOL,24040200801,AMBALIYARA PRIMARY SCHOOL,10158469,KAUSHIK KUMAR JAYANTILAL PATEL,Principal (HTAT),"6-Maths, 7-Maths, 8-Maths",HTAT,0,0,HEAD TEACHER (HTAT),,10/31/2038 0:00,In School,,,,,Updated,Mapped
967,MAHESANA,KADI,THOL,24040200801,AMBALIYARA PRIMARY SCHOOL,10158464,MANISHABEN CHATURBHAI VAGHELA,Teacher,"3-Environment, 3-Gujarati, 3-Maths, 4-Environment, 4-Gujarati, 4-Hindi, 4-Maths, 5-English, 5-English, 5-Environment, 5-Environment, 5-Gujarati, 5-Gujarati, 5-Hindi, 5-Hindi, 5-Maths, 5-Maths, 5-Special Education, 5-Special Education, 5-Sports, 5-Sports",1 To 5,0,0,TEACHER,,10/31/2037 0:00,In School,,,,,Updated,Mapped
968,MAHESANA,KADI,THOL,24040200801,AMBALIYARA PRIMARY SCHOOL,10158471,MANSI UPENDRAKUMAR THAKKAR,Teacher,"6-Maths, 6-Science and Technology, 6-Science and Technology, 6-Science and Technology, 7-Maths, 7-Maths, 7-Maths, 7-Sanskrit, 7-Sanskrit, 7-Science and Technology, 7-Science and Technology, 7-Science and Technology, 8-Maths, 8-Maths, 8-Maths, 8-Sanskrit, 8-Science and Technology, 8-Science and Technology, 8-Science and Technology, 8-Special Education, 8-Sports",6 To 8, Maths-Science,Sanskrit,TEACHER,Direct Recruitment,5/31/2043 0:00,In School,,,,,Updated,Mapped
969,MAHESANA,KADI,THOL,24040200801,AMBALIYARA PRIMARY SCHOOL,10158463,NITABEN GORAFHANBHAI PATEL,Teacher,"15-Environment, 15-Gujarati, 15-Maths, 1-Environment, 1-Gujarati, 1-Gujarati, 1-Maths, 1-Maths, 1-Special Education, 1-Sports",1 To 5,0,0,TEACHER,,6/30/2028 0:00,In School,,,,,Updated,Mapped
970,MAHESANA,KADI,THOL,24040200801,AMBALIYARA PRIMARY SCHOOL,10158467,SANTOKBEN MULAJIBHAI PANCHAL,Teacher,"1-Environment, 1-Gujarati, 1-Maths, 2-Environment, 2-Gujarati, 2-Gujarati, 2-Maths, 2-Maths, 2-Special Education, 2-Sports",1 To 5,0,0,TEACHER,,1/31/2039 0:00,In School,,,,,Updated,Mapped
971,MAHESANA,KADI,THOL,24040200801,AMBALIYARA PRIMARY SCHOOL,10089853,SHAILESHKUMAR DAHYALAL PATEL,Teacher,"15-Environment, 15-Gujarati, 15-Maths",1 To 5,0,0,TEACHER,,6/30/2033 0:00,In School,,,,,Updated,Mapped
972,MAHESANA,KADI,THOL,24040201401,BAPAIYARA PRIMARY SCHOOL,10158518,CHANDRAKANT VITTHALDAS PATEL,Teacher,"15-Environment, 15-Environment, 15-Gujarati, 15-Gujarati, 15-Maths, 15-Maths, 1-Environment, 1-Environment, 1-Gujarati, 1-Gujarati, 1-Maths, 1-Maths, 1-Special Education, 1-Sports, 2-Environment, 2-Environment, 2-Gujarati, 2-Gujarati, 2-Maths, 2-Maths, 2-Special Education, 2-Sports",1 To 5,0,0,TEACHER,,12/31/2038 0:00,In School,,,,,Updated,Mapped
973,MAHESANA,KADI,THOL,24040201401,BAPAIYARA PRIMARY SCHOOL,10158517,JIGNESH KANUBHAI SATHVARA,Principal,"3-Environment, 3-Environment, 3-Gujarati, 3-Gujarati, 3-Maths, 3-Maths, 3-Special Education, 3-Sports, 4-Environment, 4-Environment, 4-Gujarati, 4-Gujarati, 4-Hindi, 4-Hindi, 4-Maths, 4-Maths, 4-Special Education, 4-Sports, 5-English, 5-English, 5-Environment, 5-Environment, 5-Gujarati, 5-Gujarati, 5-Hindi, 5-Hindi, 5-Maths, 5-Maths, 5-Special Education, 5-Sports",1 To 5,0,0,TEACHER,,1/31/2035 0:00,In School,,,,,Updated,Mapped
974,MAHESANA,KADI,THOL,24040202301,CHANDANPURA PRIMARY SCH,10231699,BHAVESHKUMAR NARANBHAI PATEL,Teacher,"3-Environment, 3-Environment, 3-Gujarati, 3-Gujarati, 3-Maths, 3-Maths, 4-Environment, 4-Environment, 4-Gujarati, 4-Gujarati, 4-Hindi, 4-Hindi, 4-Maths, 4-Maths, 5-English, 5-English, 5-Environment, 5-Environment, 5-Gujarati, 5-Gujarati, 5-Hindi, 5-Hindi, 5-Maths, 5-Maths",1 To 5,0,0,TEACHER,,10/30/2042 0:00,In School,,,,,Updated,Mapped
975,MAHESANA,KADI,THOL,24040202301,CHANDANPURA PRIMARY SCH,10158587,LATABEN SHIVUBHAI PATEL,Principal,"15-Environment, 15-Gujarati, 15-Maths, 1-Environment, 1-Environment, 1-Gujarati, 1-Gujarati, 1-Maths, 1-Maths, 2-Environment, 2-Environment, 2-Gujarati, 2-Gujarati, 2-Maths, 2-Maths",1 To 5,0,0,TEACHER,,11/29/2029 0:00,In School,,,,,Updated,Mapped
976,MAHESANA,KADI,THOL,24040212504,INDIRANAGAR (THOL) PRI SCHOOL,10152072,BHANUBEN BHIKHABHAI PRAJAPATI,Teacher,"3-Environment, 3-Maths, 4-Environment, 4-Maths, 5-English, 5-Environment, 5-Environment, 5-Gujarati, 5-Hindi, 5-Maths, 5-Maths",1 To 5,0,0,TEACHER,,6/30/2028 0:00,In School,,,,,Updated,Mapped
977,MAHESANA,KADI,THOL,24040212504,INDIRANAGAR (THOL) PRI SCHOOL,10093046,BHAVANABEN BHAGUJI RATHOD,Teacher,"15-Environment, 15-Gujarati, 15-Maths, 1-Environment, 1-Gujarati, 1-Maths, 1-Sports",1 To 5,0,0,TEACHER,,6/30/2037 0:00,In School,,,,,Updated,Mapped
978,MAHESANA,KADI,THOL,24040212504,INDIRANAGAR (THOL) PRI SCHOOL,10063408,DILIPSINH PRUTHVIAINH CHAUHAN,Teacher,"3-Environment, 3-Gujarati, 3-Gujarati, 3-Maths, 4-Gujarati, 4-Hindi, 5-English, 5-Gujarati, 5-Hindi",1 To 5,0,0,TEACHER,,2/29/2036 0:00,In School,,,,,Updated,Mapped
979,MAHESANA,KADI,THOL,24040212504,INDIRANAGAR (THOL) PRI SCHOOL,11668336,KRUPABEN SURYAKUMAR NAYAK,Gyan Sahayak,"6-English, 7-English, 8-English",6 To 8, Language,English,TEACHER,Other,6/30/2046 0:00,In School,,,,,Updated,Mapped
980,MAHESANA,KADI,THOL,24040212504,INDIRANAGAR (THOL) PRI SCHOOL,10093038,NAYANABEN ISHVARLAL CHAUHAN,Teacher,"15-Environment, 15-Gujarati, 15-Maths, 2-Environment, 2-Gujarati, 2-Maths",1 To 5,0,0,TEACHER,,5/31/2028 0:00,In School,,,,,Updated,Mapped
981,MAHESANA,KADI,THOL,24040212504,INDIRANAGAR (THOL) PRI SCHOOL,10095543,RANJANABAHEN VASTABHAI MAKWANA,Teacher,"1-Environment, 1-Gujarati, 1-Maths, 2-Environment, 2-Gujarati, 2-Maths, 2-Sports",1 To 5,0,0,TEACHER,,9/30/2032 0:00,In School,,,,,Updated,Mapped
982,MAHESANA,KADI,THOL,24040212504,INDIRANAGAR (THOL) PRI SCHOOL,10093045,SHRADDHABEN NARANBHAI GAMI,Teacher,"6-Maths, 6-Science and Technology, 6-Science and Technology, 7-Maths, 7-Maths, 7-Science and Technology, 7-Science and Technology, 8-Maths, 8-Maths, 8-Science and Technology, 8-Science and Technology",6 To 8, Maths-Science,0,TEACHER,Direct Recruitment,1/31/2050 0:00,In School,,,,,Updated,Mapped
983,MAHESANA,KADI,THOL,24040212504,INDIRANAGAR (THOL) PRI SCHOOL,10093044,SHRADDHABEN PRABHUDAS PATEL,Teacher,"6-English, 6-English, 6-Gujarati, 6-Gujarati, 6-Sanskrit, 6-Sanskrit, 7-English, 7-English, 7-Gujarati, 7-Gujarati, 7-Sanskrit, 7-Sanskrit, 8-English, 8-English, 8-Gujarati, 8-Gujarati, 8-Sanskrit, 8-Sanskrit",6 To 8, Language,Sanskrit,TEACHER,Direct Recruitment,12/31/2043 0:00,In School,,,,,Updated,Mapped
984,MAHESANA,KADI,THOL,24040212504,INDIRANAGAR (THOL) PRI SCHOOL,10093039,TEJALBEN PRAHLADBHAI PATEL,Principal (HTAT),"6-Maths, 6-Maths",6 To 8, Maths-Science,0,HEAD TEACHER (HTAT),Direct Recruitment,1/31/2039 0:00,In School,,,,,Updated,Mapped
985,MAHESANA,KADI,THOL,24040212504,INDIRANAGAR (THOL) PRI SCHOOL,10231113,VIPULKUMAR MANUBHAI PATEL,Teacher,"6-Hindi, 6-Hindi, 6-Social Science, 6-Social Science, 6-Sports, 7-Hindi, 7-Hindi, 7-Social Science, 7-Social Science, 7-Sports, 8-Hindi, 8-Hindi, 8-Social Science, 8-Social Science, 8-Sports",6 To 8, Social-Science,0,TEACHER,Option,9/30/2045 0:00,In School,,,,,Updated,Mapped
986,MAHESANA,KADI,THOL,24040211601,SEDFA PRIMARY SCHOOL,10092988,JAYSHRIBEN JAYANTILAL PATEL,Teacher,"15-Environment, 15-Gujarati, 15-Maths, 1-Environment, 1-Environment, 1-Environment, 1-Gujarati, 1-Gujarati, 1-Gujarati, 1-Maths, 1-Maths, 1-Maths, 2-Environment, 2-Environment, 2-Environment, 2-Gujarati, 2-Gujarati, 2-Gujarati, 2-Maths, 2-Maths, 2-Maths",1 To 5,0,0,TEACHER,,5/31/2045 0:00,In School,,,,,Updated,Mapped
987,MAHESANA,KADI,THOL,24040211601,SEDFA PRIMARY SCHOOL,10092989,KIRITKUMAR AMBALAL PATEL,Principal,"3-Environment, 3-Gujarati, 3-Maths, 4-Environment, 4-Gujarati, 4-Hindi, 4-Maths, 5-English, 5-Environment, 5-Gujarati, 5-Hindi, 5-Maths",1 To 5,0,0,TEACHER,,4/30/2034 0:00,In School,,,,,Updated,Mapped
988,MAHESANA,KADI,THOL,24040212201,TARSANIA PRIMARY SCHOOL,10093017,SANJAYKUMAR BABAJI THAKOR,Principal,"3-Environment, 3-Environment, 3-Gujarati, 3-Gujarati, 3-Maths, 3-Maths, 3-Special Education, 3-Sports, 4-Environment, 4-Environment, 4-Gujarati, 4-Gujarati, 4-Hindi, 4-Hindi, 4-Maths, 4-Maths, 4-Special Education, 4-Sports, 5-English, 5-English, 5-Environment, 5-Environment, 5-Gujarati, 5-Gujarati, 5-Hindi, 5-Hindi, 5-Maths, 5-Maths, 5-Sports",1 To 5,0,0,TEACHER,,8/31/2036 0:00,In School,,,,,Updated,Mapped
989,MAHESANA,KADI,THOL,24040212201,TARSANIA PRIMARY SCHOOL,10093014,SHITALBEN RAMANLAL AMIN,Teacher,"15-Environment, 15-Environment, 15-Gujarati, 15-Gujarati, 15-Maths, 15-Maths, 1-Environment, 1-Environment, 1-Gujarati, 1-Gujarati, 1-Maths, 1-Maths, 1-Special Education, 1-Sports, 2-Environment, 2-Environment, 2-Gujarati, 2-Gujarati, 2-Maths, 2-Maths, 2-Special Education, 2-Sports",1 To 5,0,0,TEACHER,,8/31/2030 0:00,In School,,,,,Updated,Mapped
990,MAHESANA,KADI,THOL,24040212501,THOL PAY CENTER SCHOOL,10093036,ALPITABEN KANTIBHAI PATEL,Teacher,"6-Sanskrit, 7-Gujarati, 7-Gujarati, 7-Sanskrit, 7-Sanskrit, 7-Special Education, 7-Sports, 8-Gujarati, 8-Gujarati, 8-Sanskrit, 8-Sanskrit",6 To 8, Language,Gujarati,TEACHER,Option,2/28/2037 0:00,In School,,,,,Updated,Mapped
991,MAHESANA,KADI,THOL,24040212501,THOL PAY CENTER SCHOOL,10093029,ANJANABEN BALDEVBHAI SUTHAR,Teacher,"1-Environment, 1-Gujarati, 1-Maths, 1-Special Education, 1-Sports",1 To 5,0,0,TEACHER,,5/31/2036 0:00,In School,,,,,Updated,Mapped
992,MAHESANA,KADI,THOL,24040212501,THOL PAY CENTER SCHOOL,10093026,ANJANABEN PURUSHOTTAM DAS PATEL,Teacher,"15-Environment, 15-Gujarati, 15-Maths",1 To 5,0,0,TEACHER,,12/31/2026 0:00,In School,,,,,Updated,Mapped
993,MAHESANA,KADI,THOL,24040212501,THOL PAY CENTER SCHOOL,10152057,GEETABEN BABULAL PATEL,Teacher,"15-Environment, 15-Gujarati, 15-Maths",1 To 5,0,0,TEACHER,,12/7/2036 0:00,In School,,,,,Updated,Mapped
994,MAHESANA,KADI,THOL,24040212501,THOL PAY CENTER SCHOOL,10021376,HARESHKUMAR RAMJIBHAI RAVAL,Teacher,"6-Gujarati, 6-Gujarati, 6-Sanskrit, 6-Sanskrit, 6-Special Education, 6-Sports, 7-Social Science, 7-Social Science, 8-Social Science, 8-Social Science",6 To 8, Social-Science,0,TEACHER,Option,6/30/2034 0:00,In School,,,,,Updated,Mapped
995,MAHESANA,KADI,THOL,24040212501,THOL PAY CENTER SCHOOL,10021146,JIGNESHABEN NARSINHBHAI CHAUDHARI,Teacher,"6-Maths, 6-Maths, 6-Maths, 7-Science and Technology, 7-Science and Technology, 8-Science and Technology, 8-Science and Technology, 8-Special Education, 8-Sports",6 To 8, Maths-Science,0,TEACHER,Direct Recruitment,2/29/2048 0:00,In School,,,,,Updated,Mapped
996,MAHESANA,KADI,THOL,24040212501,THOL PAY CENTER SCHOOL,10093030,KUNDANBEN DHANSHANKARBHAI MISTRY,Teacher,"1-Environment, 1-Gujarati, 1-Maths, 1-Special Education, 1-Sports, 2-Environment, 2-Gujarati, 2-Maths, 2-Special Education, 2-Sports",1 To 5,0,0,TEACHER,,2/29/2028 0:00,In School,,,,,Updated,Mapped
997,MAHESANA,KADI,THOL,24040212501,THOL PAY CENTER SCHOOL,10231101,NATVARJI RADHUJI THAKOR,Teacher,"3-Special Education, 5-English, 5-English",1 To 5,0,0,TEACHER,,6/30/2030 0:00,In School,,,,,Updated,Mapped
998,MAHESANA,KADI,THOL,24040212501,THOL PAY CENTER SCHOOL,10028321,NEHABEN MANILAL PANCHAL,Teacher,"6-Science and Technology, 6-Science and Technology, 6-Science and Technology, 6-Special Education, 6-Sports, 7-Maths, 7-Maths, 8-Maths, 8-Maths",6 To 8, Maths-Science,0,TEACHER,Direct Recruitment,9/30/2046 0:00,In School,,,,,Updated,Mapped
999,MAHESANA,KADI,THOL,24040212501,THOL PAY CENTER SCHOOL,10093034,NITTALBEN HASMUKHBHAI PATEL,Teacher,"6-English, 6-English, 6-English, 7-English, 7-English, 8-English, 8-English, 8-Special Education, 8-Sports",6 To 8, Language,English,TEACHER,Direct Recruitment,12/31/2045 0:00,In School,,,,,Updated,Mapped
1000,MAHESANA,KADI,THOL,24040212501,THOL PAY CENTER SCHOOL,10093028,PANNABEN KANTILAL PATEL,Teacher,"3-Maths, 3-Sports, 4-Special Education, 4-Sports, 4-Sports, 5-Environment, 5-Environment, 5-Sports, 5-Sports",1 To 5,0,0,TEACHER,,6/1/2034 0:00,In School,,,,,Updated,Mapped
1001,MAHESANA,KADI,THOL,24040212501,THOL PAY CENTER SCHOOL,10155692,RAJAKBHAI HUSENBHAI GHANCHI,Principal (HTAT),6-Social Science,6 To 8, Social-Science,0,HEAD TEACHER (HTAT),Option,5/31/2032 0:00,In School,,,,,Updated,Mapped
1002,MAHESANA,KADI,THOL,24040212501,THOL PAY CENTER SCHOOL,10093032,RAJUBHAI CHANDULAL PATEL,Teacher,"4-Hindi, 4-Hindi, 4-Maths, 4-Maths, 5-Maths, 5-Maths, 5-Special Education",1 To 5,0,0,TEACHER,,1/31/2031 0:00,In School,,,,,Updated,Mapped
1003,MAHESANA,KADI,THOL,24040212501,THOL PAY CENTER SCHOOL,10093024,RASILABAHEN ISHAVARLAL PATEL,Teacher,"6-Hindi, 6-Hindi, 6-Hindi, 7-Hindi, 7-Hindi, 7-Special Education, 7-Sports, 8-Hindi, 8-Hindi",6 To 8, Language,Gujarati,TEACHER,Option,5/31/2041 0:00,In School,,,,,Updated,Mapped
1004,MAHESANA,KADI,THOL,24040212501,THOL PAY CENTER SCHOOL,10158589,RINABEN CHUNILAL PATEL,Teacher,"3-Environment, 4-Environment, 4-Environment, 4-Gujarati, 4-Gujarati, 5-Special Education",1 To 5,0,0,TEACHER,,6/30/2043 0:00,In School,,,,,Updated,Mapped
1005,MAHESANA,KADI,THOL,24040212501,THOL PAY CENTER SCHOOL,10093031,RITABAHEN GHANSHYAMBHAI PATEL,Teacher,"6-Gujarati, 6-Social Science, 6-Social Science, 6-Special Education, 6-Sports",6 To 8, Social-Science,0,TEACHER,Option,11/30/2032 0:00,In School,,,,,Updated,Mapped
1006,MAHESANA,KADI,THOL,24040212501,THOL PAY CENTER SCHOOL,10068440,SANGITABEN RAJUBHAI PATEL,Teacher,"2-Environment, 2-Gujarati, 2-Maths, 2-Special Education, 2-Sports",1 To 5,0,0,TEACHER,,6/30/2028 0:00,In School,,,,,Updated,Mapped
1007,MAHESANA,KADI,THOL,24040212501,THOL PAY CENTER SCHOOL,10093022,SUNITABEN KANTILAL PATEL,Teacher,"3-Gujarati, 4-Special Education, 5-Gujarati, 5-Gujarati, 5-Hindi, 5-Hindi",1 To 5,0,0,TEACHER,,8/31/2034 0:00,In School,,,,,Updated,Mapped
1008,MAHESANA,KADI,THOL,24040214201,ZALODA PRIMARY SCHOOL,10117462,BHAGAVATIBEN NATAVARLAL PATEL,Teacher,"3-Environment, 3-Environment, 3-Gujarati, 3-Maths, 4-Environment, 4-Environment, 4-Gujarati, 4-Hindi, 4-Maths, 5-Environment, 5-Environment, 5-Environment, 5-Gujarati, 5-Hindi, 5-Hindi",1 To 5,0,0,TEACHER,,10/26/2029 0:00,In School,,,,,Updated,Mapped
1009,MAHESANA,KADI,THOL,24040214201,ZALODA PRIMARY SCHOOL,10129299,DAXABEN LILADHARBHAI RAVAL,Teacher,"1-Environment, 1-Gujarati, 1-Maths, 1-Maths, 2-Maths, 3-Environment, 4-Environment, 5-Environment, 5-Environment, 5-Hindi",1 To 5,0,0,TEACHER,,6/30/2033 0:00,In School,,,,,Updated,Mapped
1010,MAHESANA,KADI,THOL,24040214201,ZALODA PRIMARY SCHOOL,10095553,HEENABEN NATVARLAL PATEL,Teacher,"6-Gujarati, 6-Gujarati, 6-Social Science, 6-Social Science, 6-Social Science, 6-Social Science, 7-Social Science, 8-Gujarati, 8-Hindi, 8-Social Science, 8-Social Science, 8-Social Science",6 To 8, Social-Science,0,TEACHER,Option,6/1/2038 0:00,In School,,,,,Updated,Mapped
1011,MAHESANA,KADI,THOL,24040214201,ZALODA PRIMARY SCHOOL,11601153,MANOJKUMAR DAHYALAL SUTHAR,Teacher,"2-Environment, 2-Gujarati, 2-Maths, 2-Sports",1 To 5,0,0,TEACHER,,12/16/2032 0:00,In School,,,,,Updated,Mapped
1012,MAHESANA,KADI,THOL,24040214201,ZALODA PRIMARY SCHOOL,10092990,MUKESHKUMAR VITTHALBHAI PARMAR,Teacher,"3-Maths, 4-Maths, 4-Maths, 4-Maths, 5-English, 5-English, 5-Gujarati, 5-Gujarati, 5-Maths",1 To 5,0,0,TEACHER,,12/31/2038 0:00,In School,,,,,Updated,Mapped
1013,MAHESANA,KADI,THOL,24040214201,ZALODA PRIMARY SCHOOL,10095544,NEETABEN SOMABHAI PRAJAPATI,Teacher,"6-Gujarati, 6-Gujarati, 6-Hindi, 6-Hindi, 6-Science and Technology, 6-Science and Technology, 7-Gujarati, 7-Gujarati, 7-Hindi, 7-Hindi, 8-Gujarati, 8-Hindi, 8-Hindi",6 To 8, Language,Gujarati,TEACHER,Option,7/8/2037 0:00,In School,,,,,Updated,Mapped
1014,MAHESANA,KADI,THOL,24040214201,ZALODA PRIMARY SCHOOL,10095555,PRAKASHKUMAR SOMABHAI PARMAR,Principal (HTAT),"6-Sanskrit, 6-Sanskrit, 7-Sanskrit, 7-Social Science, 8-Sanskrit",6 To 8, Language,Sanskrit,HEAD TEACHER (HTAT),Direct Recruitment,6/30/2032 0:00,In School,,,,,Updated,Mapped
1015,MAHESANA,KADI,THOL,24040214201,ZALODA PRIMARY SCHOOL,10155614,PRIYANKABEN ISHWARBHAI MAKWANA,Teacher,"1-Environment, 1-Gujarati, 1-Maths, 3-Environment, 4-Environment, 4-Hindi, 5-Environment, 5-Hindi",1 To 5,0,0,TEACHER,,5/31/2040 0:00,In School,,,,,Updated,Mapped
1016,MAHESANA,KADI,THOL,24040214201,ZALODA PRIMARY SCHOOL,10095551,PRIYAVADAN PRAHLADBHAI OZA,Teacher,"6-Maths, 6-Maths, 6-Science and Technology, 6-Science and Technology, 7-Maths, 7-Maths, 7-Science and Technology, 8-Maths, 8-Maths, 8-Maths, 8-Sanskrit, 8-Sanskrit, 8-Science and Technology",6 To 8, Maths-Science,0,TEACHER,Direct Recruitment,8/30/2042 0:00,In School,,,,,Updated,Mapped
1017,MAHESANA,KADI,THOL,24040214201,ZALODA PRIMARY SCHOOL,10057220,RIMABEN JAGDISHBHAI PATEL,Teacher,"3-Gujarati, 4-Gujarati, 4-Gujarati, 4-Gujarati, 4-Hindi, 5-English, 5-English, 5-Gujarati, 5-Maths, 5-Maths",1 To 5,0,0,TEACHER,,11/19/2045 0:00,In School,,,,,Updated,Mapped
1018,MAHESANA,KADI,THOL,24040214201,ZALODA PRIMARY SCHOOL,10014847,RINABEN RAMANLAL PATEL,Teacher,"5-English, 5-Environment, 5-Gujarati, 5-Hindi, 5-Maths, 6-Maths, 6-Maths, 7-Maths, 8-Hindi, 8-Science and Technology",6 To 8, Maths-Science,0,TEACHER,Direct Recruitment,7/31/2048 0:00,In School,,,,,Updated,Mapped
1019,MAHESANA,KADI,THOL,24040214201,ZALODA PRIMARY SCHOOL,10095548,SAPANABAHEN GOVINDLAL PATEL,Teacher,"15-Environment, 15-Environment, 15-Gujarati, 15-Gujarati, 15-Maths, 15-Maths, 3-Environment, 4-Environment, 4-Hindi, 5-Environment, 5-Hindi",1 To 5,0,0,TEACHER,,11/30/2042 0:00,In School,,,,,Updated,Mapped
1020,MAHESANA,KADI,THOL,24040214201,ZALODA PRIMARY SCHOOL,10095552,SUDHIRKUMAR RAMESHBHAI PARMAR,Teacher,"6-English, 6-English, 6-English, 6-English, 6-Hindi, 6-Hindi, 7-English, 7-English, 7-Sanskrit, 8-English, 8-English, 8-English, 8-Gujarati",6 To 8, Language,English,TEACHER,Direct Recruitment,6/21/2042 0:00,In School,,,,,Updated,Mapped
1021,MAHESANA,KADI,VISATPURA,24040201201,BABAJIPURA PRIMARY SCHOOL,10125934,DIPIKABEN PIYUSHKUMAR PARMAR,Teacher,"1-Environment, 1-Gujarati, 1-Maths, 2-Environment, 2-Gujarati, 2-Maths",1 To 5,0,0,TEACHER,,7/31/2037 0:00,In School,,,,,Updated,Mapped
1022,MAHESANA,KADI,VISATPURA,24040201201,BABAJIPURA PRIMARY SCHOOL,10055141,GAMANBHAI RAMESHBHAI PATEL,Teacher,"6-Hindi, 6-Social Science, 7-Hindi, 7-Social Science, 8-Hindi, 8-Social Science",6 To 8, Social-Science,0,TEACHER,Option,9/30/2045 0:00,In School,,,,,Updated,Mapped
1023,MAHESANA,KADI,VISATPURA,24040201201,BABAJIPURA PRIMARY SCHOOL,10158495,GIRISHKUMAR GOVINDBHAI PARMAR,Principal,"5-English, 5-Environment, 5-Gujarati, 5-Hindi, 5-Maths",1 To 5,0,0,TEACHER,,7/31/2035 0:00,In School,,,,,Updated,Mapped
1024,MAHESANA,KADI,VISATPURA,24040201201,BABAJIPURA PRIMARY SCHOOL,10206117,RASIDABEN DALABHAI SOLANKI,Teacher,"6-Maths, 6-Science and Technology, 7-Maths, 7-Science and Technology, 8-Maths, 8-Science and Technology",6 To 8, Maths-Science,0,TEACHER,Direct Recruitment,9/30/2039 0:00,In School,,,,,Updated,Mapped
1025,MAHESANA,KADI,VISATPURA,24040201201,BABAJIPURA PRIMARY SCHOOL,10153869,RASMIKABEN PUNJABHAI SHRIMALI,Teacher,"15-Environment, 15-Gujarati, 15-Maths, 3-Environment, 3-Gujarati, 3-Maths, 3-Special Education, 3-Sports",1 To 5,0,0,TEACHER,,5/31/2043 0:00,In School,,,,,Updated,Mapped
1026,MAHESANA,KADI,VISATPURA,24040201201,BABAJIPURA PRIMARY SCHOOL,10151885,SHWETA VISHNUBHAI PATEL,Teacher,"6-English, 6-Gujarati, 6-Sanskrit, 7-English, 7-Gujarati, 7-Sanskrit, 8-English, 8-Gujarati, 8-Sanskrit",6 To 8, Language,English,TEACHER,Option,2/29/2044 0:00,In School,,,,,Updated,Mapped
1027,MAHESANA,KADI,VISATPURA,24040201701,BHALTHI DHARAMPUR PRI SCHOOL,10155623,BHAVIKABEN KANAIYALAL(KANUBHAI) MODI,Teacher,"1-Gujarati, 1-Maths, 2-Gujarati, 2-Maths",1 To 5,0,0,TEACHER,,6/30/2038 0:00,In School,,,,,Updated,Mapped
1028,MAHESANA,KADI,VISATPURA,24040201701,BHALTHI DHARAMPUR PRI SCHOOL,10158546,HARDIK CHANULAL PATEL,Teacher,"6-Hindi, 6-Social Science, 7-Hindi, 7-Social Science, 8-Hindi, 8-Social Science",6 To 8, Social-Science,0,TEACHER,Direct Recruitment,8/31/2047 0:00,In School,,,,,Updated,Mapped
1029,MAHESANA,KADI,VISATPURA,24040201701,BHALTHI DHARAMPUR PRI SCHOOL,10197529,PRIYANKABEN SUKHADEVBHAI PATEL,Teacher,"4-Environment, 4-Gujarati, 4-Hindi, 4-Maths, 5-English, 5-Environment, 5-Gujarati, 5-Hindi, 5-Maths",1 To 5,0,0,TEACHER,,7/31/2044 0:00,In School,,,,,Updated,Mapped
1030,MAHESANA,KADI,VISATPURA,24040201701,BHALTHI DHARAMPUR PRI SCHOOL,10158542,RITABEN DAMODARBHAI PATEL,Teacher,"6-English, 6-Gujarati, 6-Sanskrit, 7-English, 7-Gujarati, 7-Sanskrit, 8-English, 8-Gujarati, 8-Sanskrit",6 To 8, Language,English,TEACHER,Direct Recruitment,10/31/2043 0:00,In School,,,,,Updated,Mapped
1031,MAHESANA,KADI,VISATPURA,24040201701,BHALTHI DHARAMPUR PRI SCHOOL,10158541,VIDHYABEN KANTILAL PATEL,Principal,"3-Environment, 3-Gujarati, 3-Maths",1 To 5,0,0,TEACHER,,5/31/2035 0:00,In School,,,,,Updated,Mapped
1032,MAHESANA,KADI,VISATPURA,24040201701,BHALTHI DHARAMPUR PRI SCHOOL,10202892,VIJAYKUMAR KANUBHAI PATEL,Teacher,"6-Maths, 6-Science and Technology, 7-Maths, 7-Science and Technology, 8-Maths, 8-Science and Technology",6 To 8, Maths-Science,0,TEACHER,Option,11/30/2044 0:00,In School,,,,,Updated,Mapped
1033,MAHESANA,KADI,VISATPURA,24040202601,CHAROL PRIMARY SCHOOL,10066175,KETANPURI BHANUPRASAD GOSWAMI,Teacher,"6-English, 6-Gujarati, 7-English, 7-Gujarati, 8-English, 8-Gujarati",6 To 8, Language,English,TEACHER,Direct Recruitment,8/31/2044 0:00,In School,,,,,Updated,Mapped
1034,MAHESANA,KADI,VISATPURA,24040202601,CHAROL PRIMARY SCHOOL,10158619,NILPABAHEN JAYANTILAL PATEL,Teacher,"6-Sanskrit, 6-Social Science, 7-Sanskrit, 7-Social Science, 8-Sanskrit, 8-Social Science",6 To 8, Social-Science,0,TEACHER,Direct Recruitment,6/30/2036 0:00,In School,,,,,Updated,Mapped
1035,MAHESANA,KADI,VISATPURA,24040202601,CHAROL PRIMARY SCHOOL,10181358,NITINCHANDRA JAYANTILAL PATEL,Teacher,"6-Maths, 6-Science and Technology, 7-Maths, 7-Science and Technology, 8-Maths, 8-Science and Technology",6 To 8, Maths-Science,0,TEACHER,Option,9/30/2045 0:00,In School,,,,,Updated,Mapped
1036,MAHESANA,KADI,VISATPURA,24040202601,CHAROL PRIMARY SCHOOL,10141314,PINABEN DHIRUBHAI PATEL,Teacher,"3-Maths, 3-Sports, 5-Environment, 5-Hindi, 5-Maths",1 To 5,0,0,TEACHER,,12/31/2042 0:00,In School,,,,,Updated,Mapped
1037,MAHESANA,KADI,VISATPURA,24040202601,CHAROL PRIMARY SCHOOL,10158497,RAJESHKUMAR KALIDAS GAJJAR,Teacher,"3-Environment, 3-Gujarati, 5-English, 5-Gujarati, 5-Sports",1 To 5,0,0,TEACHER,,12/31/2039 0:00,In School,,,,,Updated,Mapped
1038,MAHESANA,KADI,VISATPURA,24040202601,CHAROL PRIMARY SCHOOL,10158311,SIDDHARAJSINH BHARATSINH ZALA,Teacher,"15-Environment, 15-Gujarati, 15-Maths",1 To 5,0,0,TEACHER,,5/31/2037 0:00,In School,,,,,Updated,Mapped
1039,MAHESANA,KADI,VISATPURA,24040202601,CHAROL PRIMARY SCHOOL,10084256,SUMANCHANDRA VITTHALBHAI PATEL,Teacher,"1-Environment, 1-Gujarati, 1-Maths",1 To 5,0,0,TEACHER,,6/30/2027 0:00,In School,,,,,Updated,Mapped
1040,MAHESANA,KADI,VISATPURA,24040202601,CHAROL PRIMARY SCHOOL,10051631,TUSHARKUMAR BALDEVBHAI UPADHYAY,Principal (HTAT),"6-Hindi, 7-Hindi, 8-Hindi",HTAT,0,0,HEAD TEACHER (HTAT),,12/31/2033 0:00,In School,,,,,Updated,Mapped
1041,MAHESANA,KADI,VISATPURA,24040203801,DHORIYA PRIMARY SCHOOL,10155687,ARJANBHAI NAGJIBHAI RABARI,Teacher,"2-Environment, 2-Gujarati, 2-Maths, 4-Environment, 4-Gujarati, 4-Hindi, 5-English, 5-Environment, 5-Environment, 5-Gujarati, 5-Hindi, 5-Hindi, 5-Maths",1 To 5,0,0,TEACHER,,4/30/2036 0:00,In School,,,,,Updated,Mapped
1042,MAHESANA,KADI,VISATPURA,24040203801,DHORIYA PRIMARY SCHOOL,10177060,BHARATKUMAR SHANKARBHAI DESAI,Teacher,"6-English, 6-English, 6-Gujarati, 6-Gujarati, 7-English, 7-English, 7-Gujarati, 7-Gujarati, 8-English, 8-English, 8-Gujarati, 8-Gujarati, 8-Sanskrit",6 To 8, Language,English,TEACHER,Direct Recruitment,8/31/2036 0:00,In School,,,,,Updated,Mapped
1043,MAHESANA,KADI,VISATPURA,24040203801,DHORIYA PRIMARY SCHOOL,10155686,DARPANABA METUBHA DARBAR,Teacher,"1-Environment, 1-Gujarati, 1-Maths, 3-Environment, 3-Gujarati, 3-Maths, 3-Maths, 4-Maths, 5-Maths",1 To 5,0,0,TEACHER,,9/30/2036 0:00,In School,,,,,Updated,Mapped
1044,MAHESANA,KADI,VISATPURA,24040203801,DHORIYA PRIMARY SCHOOL,10155684,NAYANABEN NAGARBHAI PATEL,Principal,"15-Environment, 15-Environment, 15-Gujarati, 15-Gujarati, 15-Gujarati, 15-Maths, 15-Maths, 1-Environment, 1-Gujarati, 1-Maths",1 To 5,0,0,TEACHER,,5/31/2027 0:00,In School,,,,,Updated,Mapped
1045,MAHESANA,KADI,VISATPURA,24040203801,DHORIYA PRIMARY SCHOOL,10155690,RAVINDRASINH GHANSHYAMSINH ZALA,Teacher,"6-Maths, 6-Maths, 6-Science and Technology, 6-Science and Technology, 7-Maths, 7-Maths, 7-Science and Technology, 7-Science and Technology, 8-Maths, 8-Maths, 8-Science and Technology, 8-Science and Technology",6 To 8, Social-Science,0,TEACHER,Direct Recruitment,10/31/2044 0:00,In School,,,,,Updated,Mapped
1046,MAHESANA,KADI,VISATPURA,24040203801,DHORIYA PRIMARY SCHOOL,10170182,VISHALKUMAR ASHOKKUMAR SANGHAVI,Teacher,"6-Hindi, 6-Hindi, 6-Sanskrit, 6-Sanskrit, 6-Social Science, 6-Social Science, 7-Hindi, 7-Hindi, 7-Sanskrit, 7-Sanskrit, 7-Social Science, 7-Social Science, 8-Hindi, 8-Hindi, 8-Sanskrit, 8-Social Science, 8-Social Science",6 To 8, Social-Science,0,TEACHER,Option,7/31/2045 0:00,In School,,,,,Updated,Mapped
1047,MAHESANA,KADI,VISATPURA,24040204301,GALODARA PRIMARY SCHOOL,10155719,ANILBHAI CHANDUBHAI MAKWANA,Teacher,"3-Environment, 3-Gujarati, 3-Maths, 3-Special Education, 3-Sports, 5-English, 5-English, 5-Environment, 5-Environment, 5-Gujarati, 5-Gujarati, 5-Hindi, 5-Hindi, 5-Maths, 5-Maths, 5-Sports",1 To 5,0,0,TEACHER,,6/30/2040 0:00,In School,,,,,Updated,Mapped
1048,MAHESANA,KADI,VISATPURA,24040204301,GALODARA PRIMARY SCHOOL,11313040,JIGNESHKUMAR BABUBHAI GAJJAR,Vidhya Sahayak,"6-Gujarati, 6-Maths, 6-Maths, 6-Sanskrit, 6-Science and Technology, 6-Science and Technology, 7-Hindi, 7-Maths, 7-Science and Technology, 7-Science and Technology, 8-Maths, 8-Maths, 8-Science and Technology, 8-Science and Technology, 8-Special Education, 8-Sports",6 To 8, Maths-Science,0,TEACHER,Direct Recruitment,7/31/2052 0:00,In School,,,,,Updated,Mapped
1049,MAHESANA,KADI,VISATPURA,24040204301,GALODARA PRIMARY SCHOOL,10155851,KANAIYALAL AMBARAMBHAI RAVAL,Principal,"6-Gujarati, 6-Gujarati, 6-Hindi, 6-Hindi, 6-Sanskrit, 7-Gujarati, 7-Gujarati, 7-Hindi, 7-Hindi, 7-Sanskrit, 7-Special Education, 7-Sports, 8-Gujarati, 8-Gujarati, 8-Hindi, 8-Hindi, 8-Sanskrit",6 To 8, Language,Gujarati,TEACHER,Option,6/30/2031 0:00,In School,,,,,Updated,Mapped
1050,MAHESANA,KADI,VISATPURA,24040204301,GALODARA PRIMARY SCHOOL,10155720,PINKESHKUMAR PRAVINBHAI PATEL,Teacher,"15-Environment, 15-Environment, 15-Gujarati, 15-Gujarati, 15-Maths, 15-Maths, 1-Environment, 1-Environment, 1-Gujarati, 1-Gujarati, 1-Maths, 1-Maths, 1-Special Education, 1-Sports, 2-Environment, 2-Environment, 2-Gujarati, 2-Gujarati, 2-Maths, 2-Maths, 2-Special Education, 2-Sports",1 To 5,0,0,TEACHER,,10/31/2044 0:00,In School,,,,,Updated,Mapped
1051,MAHESANA,KADI,VISATPURA,24040204301,GALODARA PRIMARY SCHOOL,10044820,YOGESHKUMAR RAMANBHAI PATEL,Teacher,"6-English, 6-English, 6-Sanskrit, 6-Social Science, 6-Social Science, 6-Special Education, 6-Sports, 7-English, 7-English, 7-Sanskrit, 7-Social Science, 7-Social Science, 8-English, 8-English, 8-Sanskrit, 8-Social Science, 8-Social Science",6 To 8, Social-Science,0,TEACHER,Option,11/29/2045 0:00,In School,,,,,Updated,Mapped
1052,MAHESANA,KADI,VISATPURA,24040204801,HARIPURA PRIMARY SCHOOL,10029673,JITENDRAKUMAR VINUBHAI PATEL,Principal,"15-Environment, 15-Gujarati, 15-Maths, 1-Environment, 1-Gujarati, 1-Maths, 2-Environment, 2-Gujarati, 2-Maths",1 To 5,0,0,TEACHER,,1/31/2039 0:00,In School,,,,,Updated,Mapped
1053,MAHESANA,KADI,VISATPURA,24040204801,HARIPURA PRIMARY SCHOOL,10125922,KETANKUMAR SHANKARBHAI PATEL,Teacher,"3-Environment, 3-Gujarati, 3-Maths, 5-English, 5-Environment, 5-Gujarati, 5-Hindi, 5-Maths",1 To 5,0,0,TEACHER,,8/31/2044 0:00,In School,,,,,Updated,Mapped
1054,MAHESANA,KADI,VISATPURA,24040206901,KAMALAPURA PRIMARY SCHOOL,10204420,VIKRAMBHAI RAMANBHAI PATEL,Teacher,"15-Environment, 15-Gujarati, 15-Maths, 4-Environment, 4-Maths, 4-Sports, 5-English, 5-Environment, 5-Gujarati, 5-Hindi, 5-Maths, 5-Sports",1 To 5,0,0,TEACHER,,5/31/2044 0:00,In School,,,,,Updated,Mapped
1055,MAHESANA,KADI,VISATPURA,24040206901,KAMALAPURA PRIMARY SCHOOL,10125919,VISHNUBHAI BHIKHABHAI RABARI,Principal,"1-Gujarati, 1-Maths, 2-Gujarati, 2-Maths, 3-Environment, 3-Gujarati, 3-Maths",1 To 5,0,0,TEACHER,,5/31/2037 0:00,In School,,,,,Updated,Mapped
1056,MAHESANA,KADI,VISATPURA,24040208101,KORADA PRIMARY SCHOOL,10108103,ANJANABEN GHANSHYAMBHAI PATEL,Teacher,"15-Environment, 15-Gujarati, 15-Maths, 1-Environment, 1-Gujarati, 1-Maths, 2-Environment, 2-Gujarati, 2-Maths",1 To 5,0,0,TEACHER,,7/20/2045 0:00,In School,,,,,Updated,Mapped
1057,MAHESANA,KADI,VISATPURA,24040208101,KORADA PRIMARY SCHOOL,10152007,FALGUNIBEN KARSANBHAI PATEL,Teacher,"5-English, 5-Environment, 5-Gujarati, 5-Hindi, 5-Maths",1 To 5,0,0,TEACHER,,1/10/2044 0:00,In School,,,,,Updated,Mapped
1058,MAHESANA,KADI,VISATPURA,24040208101,KORADA PRIMARY SCHOOL,11313038,HARISHKUMAR BHAGABHAI PATEL,Teacher,"6-Maths, 6-Maths, 6-Science and Technology, 6-Science and Technology, 7-Maths, 7-Maths, 7-Science and Technology, 7-Science and Technology, 8-Maths, 8-Maths, 8-Science and Technology, 8-Science and Technology",6 To 8, Maths-Science,Gujarati,VIDHYA SAHAYAK,Direct Recruitment,10/31/2052 0:00,In School,,,,,Updated,Mapped
1059,MAHESANA,KADI,VISATPURA,24040208101,KORADA PRIMARY SCHOOL,10169554,HITESHKUMAR SHANTILAL PATEL,Principal,"6-English, 6-English, 6-Gujarati, 6-Gujarati, 6-Sanskrit, 6-Sanskrit, 7-English, 7-English, 7-Gujarati, 7-Gujarati, 7-Sanskrit, 7-Sanskrit, 8-English, 8-English, 8-Gujarati, 8-Gujarati, 8-Sanskrit, 8-Sanskrit",6 To 8, Language,Gujarati,TEACHER,Option,3/12/2044 0:00,In School,,,,,Updated,Mapped
1060,MAHESANA,KADI,VISATPURA,24040208101,KORADA PRIMARY SCHOOL,10155658,LAXMIBEN SHIVABHAI RABARI,Teacher,"3-Environment, 3-Gujarati, 3-Maths, 4-Environment, 4-Gujarati, 4-Hindi, 4-Maths",1 To 5,0,0,TEACHER,,6/30/2034 0:00,In School,,,,,Updated,Mapped
1061,MAHESANA,KADI,VISATPURA,24040208101,KORADA PRIMARY SCHOOL,10107057,VIMALABEN PRAHLADBHAI PATEL,Teacher,"6-Hindi, 6-Social Science, 7-Hindi, 7-Social Science, 8-Hindi, 8-Social Science",6 To 8, Social-Science,0,TEACHER,Option,10/31/2041 0:00,In School,,,,,Updated,Mapped
1062,MAHESANA,KADI,VISATPURA,24040208701,MAHARAJPURA PRIMARY SCHOOL,10141300,KIRANKUMAR DASHARATHBHAI DANTANI,Teacher,"1-Gujarati, 1-Maths",1 To 5,0,0,TEACHER,,9/30/2043 0:00,In School,Relieved,24040208701,Others,ટૂંક સમયના છૂટો થઈશ,Updated,Mapped
1063,MAHESANA,KADI,VISATPURA,24040208701,MAHARAJPURA PRIMARY SCHOOL,10152005,RAJESHKUMAR BHAGVANBHAI PATEL,Principal,"15-Environment, 15-Gujarati, 15-Maths, 1-Environment, 1-Gujarati, 1-Maths, 2-Environment, 2-Gujarati, 2-Maths",1 To 5,0,0,TEACHER,,9/3/2031 0:00,In School,,,,,Updated,Mapped
1064,MAHESANA,KADI,VISATPURA,24040211501,SEDARANA PRIMARY SCHOOL,10058415,AJITKUMAR NANDLAL JANI,Teacher,"3-Maths, 4-Maths, 5-English, 5-Environment, 5-Maths, 5-Maths, 5-Sports",1 To 5,0,0,TEACHER,,10/31/2042 0:00,In School,,,,,Updated,Mapped
1065,MAHESANA,KADI,VISATPURA,24040211501,SEDARANA PRIMARY SCHOOL,10135404,HETALBA BALBHADRASINH JADEJA,Teacher,8-Social Science,6 To 8, Social-Science,0,TEACHER,Option,9/30/2044 0:00,In School,,,,,Updated,Mapped
1066,MAHESANA,KADI,VISATPURA,24040211501,SEDARANA PRIMARY SCHOOL,10058418,JIGNESHBHAI JAYANTIBHAI PATEL,Teacher,"6-English, 6-English, 6-Gujarati, 6-Gujarati, 6-Sanskrit, 6-Sanskrit, 7-English, 7-Gujarati, 7-Sanskrit, 8-English, 8-Gujarati",6 To 8, Language,Gujarati,TEACHER,Direct Recruitment,8/31/2040 0:00,In School,,,,,Updated,Mapped
1067,MAHESANA,KADI,VISATPURA,24040211501,SEDARANA PRIMARY SCHOOL,10058416,KALPESHBHAI KHUSHALBHAI PATEL,Teacher,"3-Gujarati, 3-Gujarati, 3-Sports, 4-Gujarati, 4-Hindi, 5-Gujarati, 5-Hindi",1 To 5,0,0,TEACHER,,8/31/2045 0:00,In School,,,,,Updated,Mapped
1068,MAHESANA,KADI,VISATPURA,24040211501,SEDARANA PRIMARY SCHOOL,10058414,MAHENDRAKUMAR VASUDEVBHAI VALAND,Principal,"3-Environment, 4-Environment, 5-English, 5-Environment",1 To 5,0,0,TEACHER,,7/31/2032 0:00,In School,,,,,Updated,Mapped
1069,MAHESANA,KADI,VISATPURA,24040211501,SEDARANA PRIMARY SCHOOL,10028264,PARULBAHEN BHAGAVANBHAI PATEL,Teacher,"1-Environment, 1-Gujarati, 1-Maths, 1-Sports, 2-Environment, 2-Gujarati, 2-Maths, 2-Sports",1 To 5,0,0,TEACHER,,10/31/2044 0:00,In School,,,,,Updated,Mapped
1070,MAHESANA,KADI,VISATPURA,24040211501,SEDARANA PRIMARY SCHOOL,10259780,VARSHA MAHESHKUMAR PATEL,Teacher,"6-Maths, 6-Maths, 6-Science and Technology, 6-Science and Technology, 7-Maths, 7-Science and Technology, 8-Maths, 8-Science and Technology",6 To 8, Maths-Science,0,TEACHER,Direct Recruitment,2/28/2051 0:00,In School,,,,,Updated,Mapped
1071,MAHESANA,KADI,VISATPURA,24040212301,THADOD PRIMARY SCHOOL,10177857,SONALBEN BALDEVBHAI PATEL,Principal,"1-Gujarati, 1-Maths, 2-Environment, 2-Gujarati, 2-Gujarati, 2-Maths, 2-Maths, 3-Environment, 3-Environment, 3-Gujarati, 3-Gujarati, 3-Maths, 3-Maths, 4-Environment, 4-Gujarati, 4-Hindi, 4-Maths, 5-English, 5-Environment, 5-Gujarati, 5-Hindi, 5-Maths",1 To 5,0,0,TEACHER,,6/30/2046 0:00,In School,,,,,Updated,Mapped
1072,MAHESANA,KADI,VISATPURA,24040214001,VISATPURA PAY CENTER SCHOOL,10095537,ASHVINKUMAR RAMJIBHAI PATEL,Teacher,"6-Maths, 6-Science and Technology, 7-Maths, 7-Science and Technology, 8-Maths, 8-Science and Technology",6 To 8, Maths-Science,0,TEACHER,Direct Recruitment,11/30/2026 0:00,In School,,,,,Updated,Mapped
1073,MAHESANA,KADI,VISATPURA,24040214001,VISATPURA PAY CENTER SCHOOL,10095535,GOVINDBHAI SHANKERBHAI PRAJAPATI,Teacher,"3-Environment, 3-Gujarati, 3-Maths, 4-Environment, 4-Gujarati, 4-Hindi, 4-Maths, 5-English, 5-Environment, 5-Gujarati, 5-Hindi, 5-Maths",1 To 5,0,0,TEACHER,,10/31/2026 0:00,In School,,,,,Updated,Mapped
1074,MAHESANA,KADI,VISATPURA,24040214001,VISATPURA PAY CENTER SCHOOL,10066282,NEHABEN NARANBHAI AHAJOLIYA,Teacher,"15-Environment, 15-Gujarati, 15-Maths, 1-Environment, 1-Gujarati, 1-Maths, 2-Environment, 2-Gujarati, 2-Maths",1 To 5,0,0,TEACHER,,8/31/2050 0:00,In School,,,,,Updated,Mapped
1075,MAHESANA,KADI,VISATPURA,24040214001,VISATPURA PAY CENTER SCHOOL,10095536,RAMESHKUMAR BHIKHABHAI PATEL,Teacher,"6-English, 6-Social Science, 7-English, 7-Social Science, 8-English, 8-Social Science",6 To 8, Social-Science,0,TEACHER,Direct Recruitment,3/31/2032 0:00,In School,,,,,Updated,Mapped
1076,MAHESANA,KADI,VISATPURA,24040214001,VISATPURA PAY CENTER SCHOOL,10155691,VIVEK GANDALAL PATEL,Principal,"6-Gujarati, 6-Hindi, 6-Sanskrit, 7-Gujarati, 7-Hindi, 7-Sanskrit, 8-Gujarati, 8-Hindi, 8-Sanskrit",6 To 8, Language,Gujarati,TEACHER,Direct Recruitment,7/31/2045 0:00,In School,,,,,Updated,Mapped
